GWK60_A00121 , 147
GWK60_A00231 , 376
GWK60_A00253 , 5254
GWK60_A00275 , 4538
GWK60_A00341 , 0
GWK60_A00363 , 136
GWK60_A00407 , 17529
GWK60_A00451 , 29569
GWK60_A00473 , 60
GWK60_A00517 , 0
GWK60_A00561 , 1
GWK60_A00583 , 3625
GWK60_A00605 , 1114
GWK60_A00627 , 1194
GWK60_A00649 , 13407
GWK60_A00671 , 21653
GWK60_A00759 , 380
GWK60_A00781 , 9
GWK60_A00803 , 375
GWK60_A00847 , 1877
GWK60_A00891 , 26548
GWK60_A00935 , 0
GWK60_A00957 , 1
GWK60_A00979 , 1252
GWK60_A01023 , 508
GWK60_A01089 , 2110
GWK60_A01111 , 7726
GWK60_A01133 , 238
GWK60_A01155 , 47
GWK60_A01177 , 218
GWK60_A01221 , 159
GWK60_A01243 , 0
GWK60_A01265 , 1465
GWK60_A01397 , 1
GWK60_A01419 , 641
GWK60_A01441 , 16601
GWK60_A01463 , 468
GWK60_A01507 , 277
GWK60_A01595 , 454
GWK60_A01617 , 143
GWK60_A01639 , 1
GWK60_A01947 , 0
GWK60_A01969 , 166
GWK60_A02057 , 88
GWK60_A02079 , 1237
GWK60_A02101 , 425
GWK60_A02123 , 5523
GWK60_A02167 , 0
GWK60_A02277 , 38
GWK60_A02387 , 4807
GWK60_A02409 , 0
GWK60_A02519 , 1
GWK60_A02607 , 1
GWK60_A02739 , 59
GWK60_A02805 , 0
GWK60_A02915 , 789
GWK60_A02937 , 3777
GWK60_A02981 , 3
GWK60_A03069 , 1332
GWK60_A03091 , 0
GWK60_A03113 , 0
GWK60_A03179 , 6435
GWK60_A03223 , 0
GWK60_A03355 , 1
GWK60_A03377 , 10157
GWK60_A03487 , 0
GWK60_A03597 , 1
GWK60_A03619 , 115
GWK60_A03795 , 1
GWK60_A03971 , 56
GWK60_A04037 , 0
GWK60_A04169 , 1974
GWK60_A04367 , 0
GWK60_A04631 , 287
GWK60_A04675 , 0
GWK60_A04697 , 11
GWK60_A00077 , 0
GWK60_A00209 , 0
GWK60_A00429 , 978
GWK60_A00495 , 0
GWK60_A00715 , 17
GWK60_A01045 , 0
GWK60_A01067 , 0
GWK60_A01309 , 1
GWK60_A01683 , 0
GWK60_A01705 , 0
GWK60_A01793 , 1
GWK60_A02211 , 0
GWK60_A02321 , 0
GWK60_A02431 , 0
GWK60_A02651 , 0
GWK60_A02849 , 0
GWK60_A03575 , 0
GWK60_A03641 , 0
GWK60_A03685 , 159
GWK60_A03817 , 0
GWK60_A03839 , 0
GWK60_A04015 , 0
GWK60_A04059 , 0
GWK60_A04147 , 0
GWK60_A04191 , 0
GWK60_A04213 , 0
GWK60_A04323 , 0
GWK60_A04345 , 0
GWK60_A04455 , 0
GWK60_A04565 , 0
GWK60_A04587 , 0
GWK60_B00011 , 0
GWK60_B00253 , 1184
GWK60_B00363 , 1151
GWK60_B00495 , 0
GWK60_B00605 , 31
GWK60_B00649 , 0
GWK60_B00737 , 2330
GWK60_B00803 , 162
GWK60_B00891 , 134
GWK60_B00913 , 2690
GWK60_B00935 , 2725
GWK60_B01001 , 0
GWK60_B01177 , 1
GWK60_B01375 , 0
GWK60_B01507 , 0
GWK60_B01529 , 0
GWK60_B01771 , 0
GWK60_B01815 , 5671
GWK60_B01859 , 2
GWK60_B01903 , 0
GWK60_B01947 , 0
GWK60_B02167 , 12
GWK60_B02189 , 13
GWK60_B02211 , 407
GWK60_B02255 , 0
GWK60_B02321 , 13738
GWK60_B02409 , 0
GWK60_B02431 , 1
GWK60_B02475 , 598
GWK60_B02497 , 0
GWK60_B02629 , 1
GWK60_B02717 , 7630
GWK60_B02761 , 29
GWK60_B02783 , 1297
GWK60_B02827 , 3676
GWK60_B02871 , 6738
GWK60_B02915 , 2
GWK60_B02937 , 0
GWK60_B03113 , 1022
GWK60_B03135 , 2
GWK60_B03201 , 1392
GWK60_B03223 , 2336
GWK60_B03245 , 2303
GWK60_B03267 , 1
GWK60_B03333 , 2078
GWK60_B03355 , 15314
GWK60_B03443 , 1482
GWK60_B03487 , 0
GWK60_B03509 , 30163
GWK60_B03531 , 12844
GWK60_B03641 , 36260
GWK60_B03663 , 5220
GWK60_B03707 , 231
GWK60_B03817 , 228
GWK60_B03839 , 669
GWK60_B03861 , 0
GWK60_B03927 , 349
GWK60_B03971 , 1258
GWK60_B04015 , 0
GWK60_B04059 , 140
GWK60_B04081 , 1
GWK60_B04103 , 550
GWK60_B04125 , 0
GWK60_B04147 , 0
GWK60_B04169 , 6
GWK60_B04191 , 313
GWK60_B04235 , 1
GWK60_B04257 , 1856
GWK60_B04279 , 6
GWK60_B04301 , 313
GWK60_B04323 , 223
GWK60_B04411 , 6717
GWK60_B04433 , 2586
GWK60_B04455 , 3010
GWK60_B04499 , 915
GWK60_B04521 , 3860
GWK60_B04543 , 4872
GWK60_B04565 , 4095
GWK60_B04587 , 85
GWK60_B04609 , 310
GWK60_B04631 , 1495
GWK60_B04653 , 3
GWK60_B04675 , 0
GWK60_B04697 , 6868
GWK60_B04741 , 1
GWK60_B04785 , 0
GWK60_B04829 , 1248
GWK60_B00033 , 0
GWK60_B00451 , 0
GWK60_B00671 , 0
GWK60_B01089 , 0
GWK60_B01287 , 75
GWK60_B01419 , 0
GWK60_B01573 , 379
GWK60_B01837 , 1
GWK60_B01925 , 0
GWK60_B01969 , 0
GWK60_B01991 , 0
GWK60_B02233 , 0
GWK60_B02277 , 0
GWK60_B02585 , 0
GWK60_B02739 , 0
GWK60_B02849 , 0
GWK60_B02959 , 154
GWK60_B03025 , 0
GWK60_B03069 , 0
GWK60_B03399 , 0
GWK60_B03795 , 33
GWK60_B03883 , 1271
GWK60_B04345 , 2499
GWK60_B04477 , 0
GWK60_B04719 , 0
GWK60_B04763 , 0
GWK60_B04807 , 0
GWK60_B04917 , 1
GWK60_C00055 , 0
GWK60_C00077 , 958
GWK60_C00099 , 0
GWK60_C00143 , 230
GWK60_C00209 , 454
GWK60_C00341 , 1
GWK60_C00407 , 619
GWK60_C00429 , 1190
GWK60_C00451 , 0
GWK60_C00605 , 192
GWK60_C00627 , 3
GWK60_C00693 , 5560
GWK60_C00759 , 1
GWK60_C00869 , 1218
GWK60_C00935 , 43
GWK60_C01001 , 0
GWK60_C01111 , 752
GWK60_C01177 , 9273
GWK60_C01199 , 0
GWK60_C01265 , 0
GWK60_C01353 , 0
GWK60_C01397 , 0
GWK60_C01419 , 315
GWK60_C01463 , 43
GWK60_C01617 , 0
GWK60_C01771 , 1971
GWK60_C01793 , 0
GWK60_C01837 , 40
GWK60_C01859 , 1
GWK60_C01991 , 3733
GWK60_C02013 , 1128
GWK60_C02035 , 0
GWK60_C02123 , 2133
GWK60_C02387 , 1
GWK60_C02431 , 0
GWK60_C02519 , 30
GWK60_C02563 , 0
GWK60_C02585 , 283
GWK60_C02695 , 879
GWK60_C02717 , 1259
GWK60_C02805 , 6747
GWK60_C02827 , 3465
GWK60_C02849 , 4495
GWK60_C02871 , 464
GWK60_C02937 , 71
GWK60_C02959 , 0
GWK60_C03003 , 1
GWK60_C03025 , 2
GWK60_C03047 , 46
GWK60_C03091 , 23
GWK60_C03179 , 1
GWK60_C03201 , 691
GWK60_C03223 , 4434
GWK60_C03311 , 1
GWK60_C03355 , 2
GWK60_C03377 , 10939
GWK60_C03443 , 1
GWK60_C03465 , 162
GWK60_C03553 , 1509
GWK60_C03575 , 0
GWK60_C03619 , 52
GWK60_C03707 , 207
GWK60_C03729 , 52
GWK60_C03751 , 0
GWK60_C03861 , 5370
GWK60_C03993 , 244
GWK60_C04015 , 1
GWK60_C04059 , 2494
GWK60_C04103 , 1736
GWK60_C04147 , 1276
GWK60_C04169 , 2
GWK60_C04213 , 10
GWK60_C04257 , 36086
GWK60_C04279 , 3158
GWK60_C04367 , 37156
GWK60_C04389 , 2254
GWK60_C04411 , 1547
GWK60_C04477 , 18084
GWK60_C04543 , 0
GWK60_C04565 , 1922
GWK60_C04609 , 1
GWK60_C04631 , 4299
GWK60_C04675 , 835
GWK60_C04785 , 0
GWK60_C04807 , 1762
GWK60_C04829 , 0
GWK60_C04873 , 653
GWK60_C04895 , 478
GWK60_C04917 , 890
GWK60_C05049 , 785
GWK60_C00231 , 0
GWK60_C00363 , 191
GWK60_C00495 , 1
GWK60_C00671 , 0
GWK60_C00847 , 0
GWK60_C00891 , 0
GWK60_C01045 , 0
GWK60_C01243 , 0
GWK60_C01287 , 0
GWK60_C01441 , 0
GWK60_C01727 , 0
GWK60_C01925 , 0
GWK60_C02541 , 0
GWK60_C02893 , 1534
GWK60_C03113 , 14
GWK60_C03157 , 1
GWK60_C03267 , 1
GWK60_C03421 , 0
GWK60_C03509 , 1963
GWK60_C03531 , 0
GWK60_C03641 , 733
GWK60_C03685 , 0
GWK60_C03883 , 1011
GWK60_C04125 , 982
GWK60_C04235 , 0
GWK60_C04323 , 0
GWK60_C04587 , 593
GWK60_C04653 , 277
GWK60_C04741 , 1392
GWK60_C04763 , 0
GWK60_C04939 , 269
GWK60_C05005 , 930
GWK60_C05027 , 0
GWK60_C05093 , 0
GWK60_D00011 , 0
GWK60_D00033 , 94
GWK60_D00055 , 24195
GWK60_D00187 , 32
GWK60_D00495 , 0
GWK60_D00517 , 392
GWK60_D00605 , 11430
GWK60_D00649 , 0
GWK60_D00693 , 161
GWK60_D00759 , 0
GWK60_D00781 , 1
GWK60_D00803 , 0
GWK60_D01001 , 0
GWK60_D01155 , 4688
GWK60_D01287 , 0
GWK60_D01353 , 0
GWK60_D01397 , 1220
GWK60_D01551 , 0
GWK60_D01947 , 67
GWK60_D01969 , 0
GWK60_D02189 , 0
GWK60_D02255 , 0
GWK60_D02277 , 0
GWK60_D02387 , 0
GWK60_D02409 , 0
GWK60_D03047 , 1
GWK60_D03091 , 6968
GWK60_D03113 , 0
GWK60_D03223 , 0
GWK60_D03311 , 0
GWK60_D03399 , 1
GWK60_D03443 , 0
GWK60_D03487 , 4388
GWK60_D03751 , 0
GWK60_D03773 , 38
GWK60_D03839 , 0
GWK60_D04213 , 0
GWK60_D04257 , 81
GWK60_D04521 , 4636
GWK60_D04697 , 181
GWK60_D04741 , 0
GWK60_D04807 , 0
GWK60_D04851 , 3
GWK60_D04939 , 1
GWK60_D05115 , 0
GWK60_D05423 , 1
GWK60_D05445 , 0
GWK60_D05467 , 729
GWK60_D05511 , 0
GWK60_D05731 , 1
GWK60_D05753 , 3264
GWK60_D05797 , 565
GWK60_D05819 , 0
GWK60_D05841 , 1562
GWK60_D05863 , 518
GWK60_D05907 , 339
GWK60_D05973 , 4357
GWK60_D05995 , 7356
GWK60_D06017 , 5384
GWK60_D06061 , 3505
GWK60_D06083 , 2
GWK60_D06127 , 101
GWK60_D06171 , 821
GWK60_D06215 , 239
GWK60_D06259 , 0
GWK60_D06281 , 0
GWK60_D06391 , 2326
GWK60_D06413 , 1784
GWK60_D06501 , 0
GWK60_D06567 , 13344
GWK60_D06589 , 809
GWK60_D06633 , 0
GWK60_D06699 , 762
GWK60_D06721 , 2465
GWK60_D06765 , 1070
GWK60_D06787 , 367
GWK60_D06809 , 288
GWK60_D06853 , 33
GWK60_D06875 , 1
GWK60_D00209 , 0
GWK60_D00275 , 0
GWK60_D00341 , 0
GWK60_D00407 , 0
GWK60_D00737 , 0
GWK60_D00869 , 0
GWK60_D01045 , 0
GWK60_D01441 , 0
GWK60_D01727 , 0
GWK60_D02211 , 0
GWK60_D02431 , 0
GWK60_D02453 , 0
GWK60_D02673 , 0
GWK60_D02717 , 821
GWK60_D03069 , 4
GWK60_D03355 , 391
GWK60_D03509 , 0
GWK60_D03553 , 0
GWK60_D03795 , 0
GWK60_D03861 , 1269
GWK60_D04147 , 2
GWK60_D04235 , 0
GWK60_D04433 , 0
GWK60_D04477 , 0
GWK60_D04631 , 311
GWK60_D04873 , 0
GWK60_D04895 , 42
GWK60_D05027 , 1
GWK60_D05269 , 0
GWK60_D05291 , 0
GWK60_D05335 , 19
GWK60_D05357 , 23
GWK60_D05379 , 0
GWK60_D05401 , 0
GWK60_D05533 , 0
GWK60_D05643 , 0
GWK60_D05951 , 0
GWK60_D06039 , 1
GWK60_D06325 , 0
GWK60_D06347 , 0
GWK60_D06523 , 62
GWK60_D06743 , 0
GWK60_E00099 , 0
GWK60_E00209 , 1
GWK60_E00231 , 0
GWK60_E00275 , 0
GWK60_E00429 , 3
GWK60_E00473 , 0
GWK60_E00583 , 106
GWK60_E00671 , 2192
GWK60_E00869 , 0
GWK60_E00891 , 0
GWK60_E01001 , 510
GWK60_E01023 , 377
GWK60_E01045 , 188
GWK60_E01089 , 5153
GWK60_E01133 , 0
GWK60_E01199 , 0
GWK60_E01243 , 31
GWK60_E01265 , 0
GWK60_E01287 , 0
GWK60_E01375 , 0
GWK60_E01441 , 3689
GWK60_E01463 , 1
GWK60_E01485 , 9
GWK60_E01507 , 255
GWK60_E01529 , 0
GWK60_E01573 , 1
GWK60_E01595 , 1327
GWK60_E01661 , 1
GWK60_E01683 , 604
GWK60_E01705 , 0
GWK60_E01727 , 0
GWK60_E01749 , 1859
GWK60_E01793 , 31
GWK60_E01815 , 1117
GWK60_E01837 , 4
GWK60_E01903 , 848
GWK60_E01925 , 31
GWK60_E01969 , 5143
GWK60_E01991 , 57
GWK60_E02013 , 7342
GWK60_E02079 , 4090
GWK60_E02123 , 605
GWK60_E02277 , 1800
GWK60_E02299 , 8678
GWK60_E02321 , 167
GWK60_E02343 , 102
GWK60_E02409 , 1814
GWK60_E02431 , 2852
GWK60_E02497 , 122
GWK60_E02519 , 2762
GWK60_E02541 , 79
GWK60_E02563 , 2367
GWK60_E02585 , 2
GWK60_E02607 , 0
GWK60_E02651 , 1283
GWK60_E02673 , 98
GWK60_E02695 , 149
GWK60_E02783 , 2668
GWK60_E02827 , 10
GWK60_E02849 , 0
GWK60_E02871 , 89
GWK60_E02893 , 2
GWK60_E02937 , 159
GWK60_E03091 , 1437
GWK60_E03179 , 0
GWK60_E03267 , 697
GWK60_E03311 , 0
GWK60_E03333 , 766
GWK60_E03465 , 573
GWK60_E03487 , 0
GWK60_E03509 , 1
GWK60_E03531 , 1117
GWK60_E03553 , 0
GWK60_E03597 , 1
GWK60_E03619 , 3187
GWK60_E03685 , 467
GWK60_E03817 , 581
GWK60_E03949 , 0
GWK60_E04059 , 1
GWK60_E04103 , 3309
GWK60_E04147 , 1
GWK60_E04169 , 0
GWK60_E04257 , 0
GWK60_E04323 , 3382
GWK60_E04389 , 0
GWK60_E04411 , 0
GWK60_E04477 , 0
GWK60_E04499 , 451
GWK60_E04609 , 14245
GWK60_E04631 , 1
GWK60_E04763 , 0
GWK60_E04851 , 790
GWK60_E04873 , 0
GWK60_E04917 , 1
GWK60_E04939 , 104
GWK60_E05115 , 766
GWK60_E05159 , 0
GWK60_E05247 , 0
GWK60_E05269 , 1
GWK60_E05291 , 1159
GWK60_E05313 , 2117
GWK60_E05335 , 0
GWK60_E05357 , 0
GWK60_E05467 , 0
GWK60_E05555 , 17
GWK60_E05599 , 645
GWK60_E05621 , 36
GWK60_E05643 , 973
GWK60_E05665 , 0
GWK60_E05731 , 1
GWK60_E05753 , 0
GWK60_E05863 , 2628
GWK60_E05907 , 0
GWK60_E05951 , 857
GWK60_E06039 , 2260
GWK60_E06215 , 900
GWK60_E06237 , 0
GWK60_E00165 , 264
GWK60_E00253 , 0
GWK60_E00297 , 0
GWK60_E00319 , 0
GWK60_E00341 , 0
GWK60_E00605 , 1
GWK60_E00957 , 0
GWK60_E01551 , 0
GWK60_E01617 , 0
GWK60_E01639 , 1
GWK60_E02035 , 1
GWK60_E02057 , 0
GWK60_E02189 , 0
GWK60_E02211 , 3
GWK60_E02233 , 2
GWK60_E02365 , 0
GWK60_E02475 , 2
GWK60_E02739 , 0
GWK60_E02761 , 1381
GWK60_E02805 , 47
GWK60_E02915 , 1
GWK60_E02981 , 0
GWK60_E03003 , 0
GWK60_E03113 , 0
GWK60_E03135 , 0
GWK60_E03355 , 0
GWK60_E03641 , 0
GWK60_E03795 , 3
GWK60_E03883 , 0
GWK60_E03905 , 0
GWK60_E03971 , 0
GWK60_E04037 , 3765
GWK60_E04213 , 21
GWK60_E04345 , 522
GWK60_E04543 , 0
GWK60_E04565 , 0
GWK60_E04587 , 1
GWK60_E04697 , 0
GWK60_E04741 , 0
GWK60_E04895 , 0
GWK60_E04983 , 0
GWK60_E06105 , 0
GWK60_E06149 , 27
GWK60_F00077 , 0
GWK60_F00121 , 280
GWK60_F00165 , 1
GWK60_F00209 , 0
GWK60_F00473 , 739
GWK60_F00517 , 0
GWK60_F00583 , 154
GWK60_F00627 , 2397
GWK60_F00649 , 1
GWK60_F00671 , 0
GWK60_F00693 , 0
GWK60_F00737 , 605
GWK60_F00803 , 0
GWK60_F00979 , 1
GWK60_F01045 , 646
GWK60_F01067 , 228
GWK60_F01089 , 11
GWK60_F01111 , 0
GWK60_F01133 , 13
GWK60_F01199 , 2909
GWK60_F01243 , 2870
GWK60_F01287 , 0
GWK60_F01331 , 0
GWK60_F01397 , 452
GWK60_F01419 , 1364
GWK60_F01485 , 3127
GWK60_F01507 , 2309
GWK60_F01529 , 1905
GWK60_F01551 , 0
GWK60_F01573 , 12763
GWK60_F01595 , 0
GWK60_F01617 , 594
GWK60_F01661 , 47
GWK60_F01727 , 1429
GWK60_F01749 , 377
GWK60_F01771 , 443
GWK60_F01793 , 0
GWK60_F01815 , 0
GWK60_F01859 , 3906
GWK60_F01903 , 1319
GWK60_F01925 , 2871
GWK60_F01969 , 7465
GWK60_F02013 , 56
GWK60_F02057 , 3514
GWK60_F02079 , 2
GWK60_F02101 , 1445
GWK60_F02123 , 608
GWK60_F02145 , 8441
GWK60_F02189 , 0
GWK60_F02255 , 1
GWK60_F02299 , 0
GWK60_F02321 , 0
GWK60_F02431 , 9515
GWK60_F02475 , 1
GWK60_F02497 , 2374
GWK60_F02519 , 25
GWK60_F02541 , 2868
GWK60_F02607 , 1391
GWK60_F02673 , 161
GWK60_F02717 , 4557
GWK60_F02783 , 0
GWK60_F02871 , 585
GWK60_F02915 , 825
GWK60_F02959 , 0
GWK60_F03003 , 7801
GWK60_F03179 , 553
GWK60_F03245 , 106
GWK60_F03267 , 0
GWK60_F03333 , 1
GWK60_F03377 , 1
GWK60_F03509 , 5
GWK60_F03575 , 28
GWK60_F03663 , 0
GWK60_F03707 , 0
GWK60_F03729 , 0
GWK60_F03751 , 0
GWK60_F03795 , 1811
GWK60_F03861 , 0
GWK60_F03993 , 0
GWK60_F04125 , 0
GWK60_F04147 , 0
GWK60_F04235 , 322
GWK60_F04279 , 0
GWK60_F04323 , 0
GWK60_F04389 , 0
GWK60_F04411 , 0
GWK60_F04499 , 1
GWK60_F04675 , 0
GWK60_F04741 , 0
GWK60_F04807 , 31
GWK60_F04917 , 48
GWK60_F05181 , 452
GWK60_F05203 , 3
GWK60_F05291 , 0
GWK60_F05379 , 0
GWK60_F05445 , 0
GWK60_F05533 , 0
GWK60_F05665 , 0
GWK60_F05753 , 1
GWK60_F05775 , 7
GWK60_F05841 , 0
GWK60_F05885 , 1857
GWK60_F05907 , 0
GWK60_F05973 , 20
GWK60_F06149 , 1136
GWK60_F06171 , 0
GWK60_F06501 , 2
GWK60_F06523 , 465
GWK60_F06589 , 15784
GWK60_F06743 , 0
GWK60_F06831 , 209
GWK60_F06897 , 81
GWK60_F07117 , 129
GWK60_F07139 , 111
GWK60_F07205 , 1199
GWK60_F07315 , 978
GWK60_F07337 , 48
GWK60_F07359 , 0
GWK60_F07491 , 0
GWK60_F07513 , 0
GWK60_F07887 , 0
GWK60_F07975 , 0
GWK60_F08107 , 1
GWK60_F08261 , 0
GWK60_F08305 , 62
GWK60_F08393 , 0
GWK60_F08459 , 3078
GWK60_F08635 , 1247
GWK60_F08657 , 0
GWK60_F08679 , 0
GWK60_F00275 , 0
GWK60_F00297 , 0
GWK60_F00495 , 0
GWK60_F00847 , 0
GWK60_F00913 , 208
GWK60_F01155 , 0
GWK60_F01947 , 0
GWK60_F02167 , 0
GWK60_F02211 , 35
GWK60_F02233 , 0
GWK60_F02343 , 1
GWK60_F02365 , 9
GWK60_F02563 , 0
GWK60_F02761 , 0
GWK60_F02805 , 0
GWK60_F02849 , 0
GWK60_F02937 , 0
GWK60_F03047 , 1
GWK60_F03113 , 0
GWK60_F03311 , 0
GWK60_F03355 , 0
GWK60_F03399 , 0
GWK60_F03531 , 0
GWK60_F03597 , 0
GWK60_F03817 , 0
GWK60_F03839 , 0
GWK60_F04191 , 2
GWK60_F04213 , 10
GWK60_F04697 , 0
GWK60_F04719 , 315
GWK60_F04851 , 0
GWK60_F04939 , 0
GWK60_F05027 , 0
GWK60_F05049 , 0
GWK60_F05863 , 0
GWK60_F06105 , 0
GWK60_F06215 , 0
GWK60_F06237 , 0
GWK60_F06347 , 0
GWK60_F06369 , 0
GWK60_F06611 , 0
GWK60_F06677 , 0
GWK60_F06919 , 0
GWK60_F06963 , 0
GWK60_F07073 , 0
GWK60_F07227 , 0
GWK60_F07381 , 0
GWK60_F07535 , 0
GWK60_F07579 , 0
GWK60_F07601 , 0
GWK60_F07645 , 0
GWK60_F07667 , 1
GWK60_F07799 , 0
GWK60_F07865 , 0
GWK60_F08019 , 796
GWK60_F08173 , 347
GWK60_F08349 , 28
GWK60_F08437 , 0
GWK60_F08745 , 0
GWK60_G00077 , 1
GWK60_G00099 , 25
GWK60_G00121 , 2
GWK60_G00165 , 7171
GWK60_G00187 , 2930
GWK60_G00209 , 3958
GWK60_G00231 , 0
GWK60_G00275 , 106
GWK60_G00297 , 1699
GWK60_G00341 , 0
GWK60_G00363 , 47
GWK60_G00385 , 0
GWK60_G00407 , 5751
GWK60_G00451 , 1565
GWK60_G00517 , 1960
GWK60_G00539 , 189
GWK60_G00561 , 213
GWK60_G00605 , 0
GWK60_G00649 , 0
GWK60_G00693 , 915
GWK60_G00715 , 8544
GWK60_G00759 , 4150
GWK60_G00869 , 38036
GWK60_G00891 , 40
GWK60_G00913 , 2246
GWK60_G00957 , 1237
GWK60_G01023 , 52
GWK60_G01045 , 1
GWK60_G01067 , 1123
GWK60_G01111 , 55
GWK60_G01133 , 0
GWK60_G01177 , 0
GWK60_G01331 , 19
GWK60_G01353 , 49
GWK60_G01397 , 1316
GWK60_G01419 , 331
GWK60_G01463 , 215
GWK60_G01485 , 0
GWK60_G01573 , 0
GWK60_G01595 , 1
GWK60_G01771 , 5084
GWK60_G01793 , 0
GWK60_G01903 , 2
GWK60_G01969 , 1
GWK60_G01991 , 1258
GWK60_G02277 , 0
GWK60_G02299 , 2
GWK60_G02343 , 2261
GWK60_G02409 , 0
GWK60_G02453 , 0
GWK60_G02475 , 0
GWK60_G02541 , 0
GWK60_G02585 , 11114
GWK60_G02607 , 2
GWK60_G02783 , 0
GWK60_G02805 , 3296
GWK60_G02827 , 309
GWK60_G03113 , 0
GWK60_G03223 , 0
GWK60_G03311 , 1
GWK60_G03377 , 1
GWK60_G03487 , 0
GWK60_G03509 , 127
GWK60_G03531 , 0
GWK60_G03641 , 1
GWK60_G03773 , 340
GWK60_G03817 , 1011
GWK60_G03971 , 1
GWK60_G04059 , 0
GWK60_G04257 , 267
GWK60_G04279 , 305
GWK60_G04323 , 0
GWK60_G04389 , 0
GWK60_G04433 , 0
GWK60_G04477 , 0
GWK60_G04499 , 136
GWK60_G04565 , 709
GWK60_G04609 , 64
GWK60_G04719 , 1
GWK60_G04785 , 202
GWK60_G04807 , 0
GWK60_G04917 , 0
GWK60_G04961 , 1
GWK60_G04983 , 0
GWK60_G05027 , 131
GWK60_G05093 , 1
GWK60_G05159 , 0
GWK60_G05335 , 59
GWK60_G05357 , 51
GWK60_G05445 , 0
GWK60_G05511 , 94
GWK60_G05731 , 0
GWK60_G05885 , 0
GWK60_G05973 , 0
GWK60_G06127 , 0
GWK60_G06193 , 2
GWK60_G06369 , 0
GWK60_G06413 , 0
GWK60_G06435 , 562
GWK60_G06545 , 0
GWK60_G06567 , 40
GWK60_G06787 , 0
GWK60_G06831 , 0
GWK60_G06963 , 1
GWK60_G06985 , 16414
GWK60_G07161 , 0
GWK60_G07227 , 0
GWK60_G07337 , 0
GWK60_G07359 , 712
GWK60_G07447 , 1
GWK60_G07733 , 0
GWK60_G07799 , 0
GWK60_G07865 , 0
GWK60_G07953 , 0
GWK60_G08085 , 0
GWK60_G08283 , 0
GWK60_G08371 , 2165
GWK60_G08393 , 1
GWK60_G08415 , 1
GWK60_G08547 , 0
GWK60_G08723 , 0
GWK60_G08745 , 2656
GWK60_G08899 , 0
GWK60_G08965 , 0
GWK60_G09097 , 0
GWK60_G09163 , 0
GWK60_G09185 , 0
GWK60_G09229 , 2618
GWK60_G09273 , 1
GWK60_G09339 , 980
GWK60_G09361 , 3180
GWK60_G09383 , 0
GWK60_G09691 , 1494
GWK60_G09889 , 2
GWK60_G00011 , 0
GWK60_G00033 , 0
GWK60_G00319 , 540
GWK60_G00473 , 0
GWK60_G00495 , 58
GWK60_G00671 , 617
GWK60_G00935 , 0
GWK60_G01089 , 0
GWK60_G01243 , 0
GWK60_G01287 , 865
GWK60_G01309 , 0
GWK60_G01749 , 1737
GWK60_G01837 , 0
GWK60_G01925 , 1
GWK60_G02189 , 0
GWK60_G02695 , 3
GWK60_G02871 , 0
GWK60_G02915 , 0
GWK60_G03157 , 0
GWK60_G03663 , 1
GWK60_G03729 , 0
GWK60_G03751 , 0
GWK60_G04147 , 1165
GWK60_G04411 , 304
GWK60_G04455 , 0
GWK60_G04631 , 0
GWK60_G04873 , 0
GWK60_G05005 , 0
GWK60_G05225 , 0
GWK60_G05489 , 0
GWK60_G05621 , 0
GWK60_G05643 , 0
GWK60_G05775 , 0
GWK60_G05819 , 0
GWK60_G06215 , 0
GWK60_G06721 , 0
GWK60_G06941 , 97
GWK60_G07051 , 0
GWK60_G07513 , 0
GWK60_G07821 , 0
GWK60_G07887 , 0
GWK60_G07975 , 0
GWK60_G08151 , 0
GWK60_G08173 , 0
GWK60_G08195 , 0
GWK60_G08305 , 2
GWK60_G08569 , 1
GWK60_G08657 , 0
GWK60_G08877 , 0
GWK60_G09009 , 1
GWK60_G09119 , 0
GWK60_G09471 , 1296
GWK60_G09581 , 0
GWK60_G09801 , 0
GWK60_G09845 , 0
GWK60_H00143 , 0
GWK60_H00165 , 0
GWK60_H00209 , 0
GWK60_H00451 , 0
GWK60_H00495 , 3021
GWK60_H00539 , 12894
GWK60_H00561 , 28
GWK60_H00583 , 0
GWK60_H00627 , 1
GWK60_H00737 , 1
GWK60_H00935 , 0
GWK60_H00957 , 47
GWK60_H01023 , 1193
GWK60_H01287 , 0
GWK60_H01419 , 62
GWK60_H01507 , 550
GWK60_H01749 , 18
GWK60_H01881 , 0
GWK60_H01925 , 90
GWK60_H02079 , 0
GWK60_H02145 , 4
GWK60_H02167 , 24
GWK60_H02321 , 846
GWK60_H02519 , 0
GWK60_H02629 , 1
GWK60_H02673 , 0
GWK60_H02937 , 0
GWK60_H03201 , 764
GWK60_H03245 , 6086
GWK60_H03377 , 32
GWK60_H03399 , 632
GWK60_H03443 , 0
GWK60_H03531 , 4056
GWK60_H03641 , 51
GWK60_H03839 , 751
GWK60_H03861 , 918
GWK60_H03905 , 0
GWK60_H03949 , 3
GWK60_H04015 , 3041
GWK60_H04257 , 114
GWK60_H04345 , 0
GWK60_H04367 , 143
GWK60_H04433 , 159
GWK60_H04499 , 230
GWK60_H04609 , 0
GWK60_H04697 , 0
GWK60_H04719 , 535
GWK60_H04763 , 3
GWK60_H04851 , 34
GWK60_H04917 , 1
GWK60_H05269 , 0
GWK60_H05423 , 98
GWK60_H05599 , 0
GWK60_H05731 , 0
GWK60_H05951 , 25
GWK60_H05995 , 1
GWK60_H06105 , 0
GWK60_H06215 , 0
GWK60_H06347 , 2551
GWK60_H06369 , 407
GWK60_H06523 , 2867
GWK60_H06567 , 19
GWK60_H06611 , 372
GWK60_H06633 , 0
GWK60_H06677 , 0
GWK60_H06721 , 725
GWK60_H06743 , 0
GWK60_H07073 , 0
GWK60_H07205 , 1
GWK60_H07293 , 0
GWK60_H07315 , 133
GWK60_H07535 , 1
GWK60_H07711 , 12
GWK60_H07733 , 1
GWK60_H07755 , 0
GWK60_H07843 , 1260
GWK60_H07865 , 0
GWK60_H07953 , 427
GWK60_H07975 , 0
GWK60_H08063 , 5
GWK60_H08085 , 6
GWK60_H08129 , 2398
GWK60_H08151 , 10199
GWK60_H08393 , 0
GWK60_H08459 , 2053
GWK60_H08525 , 1
GWK60_H08547 , 1925
GWK60_H08613 , 2
GWK60_H08635 , 0
GWK60_H08723 , 0
GWK60_H08789 , 1379
GWK60_H08855 , 0
GWK60_H08921 , 2184
GWK60_H08965 , 1
GWK60_H09009 , 0
GWK60_H09075 , 1
GWK60_H09097 , 475
GWK60_H09119 , 22276
GWK60_H09141 , 9191
GWK60_H09185 , 213
GWK60_H09207 , 0
GWK60_H09229 , 1505
GWK60_H09317 , 109
GWK60_H09361 , 1219
GWK60_H09383 , 0
GWK60_H09427 , 1485
GWK60_H09559 , 3
GWK60_H09581 , 0
GWK60_H09647 , 89
GWK60_H09713 , 4271
GWK60_H09735 , 824
GWK60_H09757 , 1147
GWK60_H09823 , 29
GWK60_H09845 , 0
GWK60_H09889 , 1298
GWK60_H09911 , 402
GWK60_H09955 , 84
GWK60_H09977 , 2
GWK60_H09999 , 3362
GWK60_H10021 , 197
GWK60_H10065 , 85
GWK60_H10087 , 2
GWK60_H10131 , 35
GWK60_H10175 , 193
GWK60_H10219 , 0
GWK60_H10241 , 355
GWK60_H10263 , 713
GWK60_H10373 , 1665
GWK60_H10395 , 61
GWK60_H10417 , 0
GWK60_H10505 , 109
GWK60_H00231 , 0
GWK60_H00253 , 0
GWK60_H00319 , 0
GWK60_H00759 , 0
GWK60_H00891 , 0
GWK60_H01089 , 2
GWK60_H01111 , 0
GWK60_H01595 , 0
GWK60_H01639 , 1
GWK60_H02057 , 0
GWK60_H02211 , 21
GWK60_H02233 , 0
GWK60_H02695 , 0
GWK60_H03047 , 0
GWK60_H03091 , 0
GWK60_H03685 , 0
GWK60_H03927 , 103
GWK60_H04521 , 0
GWK60_H04675 , 0
GWK60_H04895 , 0
GWK60_H05049 , 0
GWK60_H05093 , 0
GWK60_H05225 , 0
GWK60_H05247 , 3
GWK60_H05357 , 1
GWK60_H05577 , 0
GWK60_H05863 , 0
GWK60_H05973 , 0
GWK60_H06083 , 0
GWK60_H06149 , 0
GWK60_H06171 , 2
GWK60_H06391 , 0
GWK60_H06435 , 2
GWK60_H06589 , 0
GWK60_H06787 , 324
GWK60_H06875 , 0
GWK60_H06919 , 0
GWK60_H06985 , 0
GWK60_H07029 , 0
GWK60_H07095 , 0
GWK60_H07139 , 0
GWK60_H07337 , 0
GWK60_H07557 , 0
GWK60_H07579 , 0
GWK60_H07623 , 0
GWK60_H07931 , 0
GWK60_H08327 , 0
GWK60_H08349 , 0
GWK60_H08415 , 0
GWK60_H08833 , 1
GWK60_H08987 , 1
GWK60_H09053 , 0
GWK60_H09273 , 0
GWK60_H09603 , 1
GWK60_H09669 , 140
GWK60_H09867 , 1357
GWK60_H09933 , 0
GWK60_H10043 , 0
GWK60_H10109 , 54
GWK60_H10307 , 79
GWK60_H10439 , 0
GWK60_H10483 , 50
GWK60_I00077 , 2220
GWK60_I00165 , 1644
GWK60_I00231 , 129
GWK60_I00297 , 964
GWK60_I00341 , 4511
GWK60_I00363 , 3
GWK60_I00385 , 0
GWK60_I00407 , 1642
GWK60_I00429 , 0
GWK60_I00495 , 52
GWK60_I00605 , 0
GWK60_I00715 , 0
GWK60_I00825 , 1
GWK60_I00935 , 1
GWK60_I01023 , 0
GWK60_I01067 , 181
GWK60_I01089 , 0
GWK60_I01111 , 0
GWK60_I01133 , 402
GWK60_I01309 , 10673
GWK60_I01331 , 0
GWK60_I01397 , 0
GWK60_I01485 , 264
GWK60_I01507 , 91
GWK60_I01551 , 546
GWK60_I01639 , 474
GWK60_I01661 , 70
GWK60_I01793 , 0
GWK60_I01991 , 4
GWK60_I02035 , 0
GWK60_I02321 , 1
GWK60_I02343 , 97
GWK60_I02365 , 0
GWK60_I02387 , 751
GWK60_I02453 , 151
GWK60_I02519 , 6266
GWK60_I02563 , 192
GWK60_I02629 , 197
GWK60_I02651 , 1
GWK60_I02739 , 1869
GWK60_I02783 , 1084
GWK60_I02871 , 0
GWK60_I02915 , 2
GWK60_I02981 , 0
GWK60_I03025 , 18
GWK60_I03091 , 1531
GWK60_I03113 , 1
GWK60_I03179 , 1836
GWK60_I03223 , 156
GWK60_I03245 , 5
GWK60_I03267 , 820
GWK60_I03311 , 125
GWK60_I03399 , 16303
GWK60_I03443 , 806
GWK60_I03487 , 0
GWK60_I03509 , 905
GWK60_I03531 , 2078
GWK60_I03553 , 355
GWK60_I03575 , 8
GWK60_I03597 , 219
GWK60_I03619 , 4660
GWK60_I03641 , 1941
GWK60_I03729 , 0
GWK60_I03795 , 0
GWK60_I03905 , 445
GWK60_I03927 , 547
GWK60_I03993 , 7
GWK60_I04037 , 1712
GWK60_I04081 , 18
GWK60_I04103 , 5695
GWK60_I04147 , 0
GWK60_I04235 , 1568
GWK60_I04279 , 3
GWK60_I04455 , 1746
GWK60_I04477 , 283
GWK60_I04499 , 1195
GWK60_I04587 , 7696
GWK60_I04697 , 0
GWK60_I04741 , 0
GWK60_I04807 , 0
GWK60_I04895 , 0
GWK60_I05005 , 619
GWK60_I05027 , 0
GWK60_I05093 , 947
GWK60_I05225 , 417
GWK60_I05269 , 0
GWK60_I05313 , 0
GWK60_I05379 , 554
GWK60_I05555 , 3
GWK60_I05599 , 10717
GWK60_I05621 , 1
GWK60_I05643 , 2046
GWK60_I05709 , 0
GWK60_I05797 , 4328
GWK60_I05907 , 50
GWK60_I05929 , 4812
GWK60_I06061 , 27
GWK60_I06171 , 5
GWK60_I06215 , 1411
GWK60_I06237 , 458
GWK60_I06259 , 0
GWK60_I06325 , 0
GWK60_I06391 , 0
GWK60_I06413 , 0
GWK60_I00121 , 0
GWK60_I00209 , 0
GWK60_I00275 , 0
GWK60_I00473 , 11
GWK60_I00517 , 0
GWK60_I00847 , 0
GWK60_I01221 , 0
GWK60_I01375 , 0
GWK60_I01419 , 1
GWK60_I01441 , 0
GWK60_I01595 , 0
GWK60_I01617 , 0
GWK60_I01683 , 0
GWK60_I01903 , 0
GWK60_I02079 , 0
GWK60_I02299 , 0
GWK60_I02541 , 0
GWK60_I02585 , 0
GWK60_I03003 , 212
GWK60_I03355 , 1147
GWK60_I03465 , 0
GWK60_I03663 , 0
GWK60_I03861 , 0
GWK60_I03883 , 0
GWK60_I04169 , 0
GWK60_I04433 , 0
GWK60_I04609 , 313
GWK60_I04719 , 0
GWK60_I04763 , 0
GWK60_I04785 , 272
GWK60_I04939 , 0
GWK60_I04961 , 0
GWK60_I04983 , 20
GWK60_I05071 , 0
GWK60_I05115 , 0
GWK60_I05203 , 0
GWK60_I05247 , 0
GWK60_I05489 , 0
GWK60_I05511 , 1
GWK60_I05665 , 5
GWK60_I05951 , 0
GWK60_I05973 , 0
GWK60_I06149 , 567
GWK60_I06369 , 0
GWK60_J00011 , 0
GWK60_J00077 , 210
GWK60_J00143 , 178
GWK60_J00187 , 268
GWK60_J00231 , 56
GWK60_J00253 , 293
GWK60_J00297 , 280
GWK60_J00341 , 1
GWK60_J00385 , 31
GWK60_J00451 , 0
GWK60_J00473 , 659
GWK60_J00693 , 281
GWK60_J00715 , 1
GWK60_J00737 , 15
GWK60_J00803 , 22
GWK60_J00913 , 0
GWK60_J00935 , 3
GWK60_J01023 , 0
GWK60_J01111 , 1
GWK60_J01133 , 37
GWK60_J01199 , 1
GWK60_J01309 , 1571
GWK60_J01331 , 471
GWK60_J01353 , 2574
GWK60_J01397 , 6374
GWK60_J01441 , 5
GWK60_J01573 , 10
GWK60_J01595 , 7623
GWK60_J01639 , 38962
GWK60_J01661 , 234
GWK60_J01727 , 7171
GWK60_J01749 , 90
GWK60_J01793 , 3
GWK60_J01815 , 1914
GWK60_J01837 , 3667
GWK60_J01859 , 0
GWK60_J01991 , 3250
GWK60_J02013 , 5349
GWK60_J02035 , 1
GWK60_J02123 , 56
GWK60_J02145 , 896
GWK60_J02189 , 1373
GWK60_J02299 , 807
GWK60_J02321 , 3047
GWK60_J02343 , 1
GWK60_J02365 , 3715
GWK60_J02387 , 517
GWK60_J02563 , 1008
GWK60_J02629 , 1102
GWK60_J02673 , 174
GWK60_J02717 , 76
GWK60_J02739 , 4181
GWK60_J02761 , 2710
GWK60_J02805 , 0
GWK60_J02849 , 2664
GWK60_J03003 , 2890
GWK60_J03069 , 0
GWK60_J03267 , 0
GWK60_J03377 , 6
GWK60_J03443 , 0
GWK60_J03663 , 0
GWK60_J03685 , 41
GWK60_J03773 , 3
GWK60_J03839 , 4341
GWK60_J03861 , 1929
GWK60_J03927 , 104
GWK60_J03971 , 0
GWK60_J03993 , 38
GWK60_J04081 , 1
GWK60_J04125 , 212
GWK60_J04147 , 0
GWK60_J04235 , 3
GWK60_J04345 , 0
GWK60_J04367 , 1
GWK60_J04389 , 0
GWK60_J04455 , 0
GWK60_J04631 , 2
GWK60_J04873 , 0
GWK60_J04961 , 600
GWK60_J04983 , 0
GWK60_J05049 , 0
GWK60_J05115 , 1
GWK60_J05621 , 5
GWK60_J05753 , 0
GWK60_J05775 , 0
GWK60_J05819 , 0
GWK60_J05973 , 0
GWK60_J06017 , 0
GWK60_J06127 , 1429
GWK60_J06237 , 38
GWK60_J06303 , 0
GWK60_J06347 , 0
GWK60_J06369 , 0
GWK60_J06545 , 0
GWK60_J06567 , 57
GWK60_J06611 , 0
GWK60_J06655 , 21
GWK60_J06853 , 4
GWK60_J06897 , 0
GWK60_J07051 , 0
GWK60_J07117 , 1
GWK60_J07161 , 319
GWK60_J07249 , 0
GWK60_J07337 , 123
GWK60_J07359 , 246
GWK60_J07381 , 63
GWK60_J07491 , 0
GWK60_J07733 , 18
GWK60_J07931 , 0
GWK60_J08019 , 0
GWK60_J08041 , 2
GWK60_J08129 , 0
GWK60_J08217 , 37
GWK60_J08305 , 1
GWK60_J08415 , 2
GWK60_J08437 , 0
GWK60_J08547 , 0
GWK60_J08987 , 456
GWK60_J09009 , 96
GWK60_J09097 , 124
GWK60_J09119 , 16
GWK60_J09229 , 0
GWK60_J09471 , 0
GWK60_J09515 , 3977
GWK60_J09537 , 0
GWK60_J09647 , 2
GWK60_J09757 , 0
GWK60_J09801 , 2
GWK60_J10175 , 0
GWK60_J10285 , 40
GWK60_J10505 , 0
GWK60_J10747 , 400
GWK60_J10769 , 0
GWK60_J10835 , 0
GWK60_J10901 , 1
GWK60_J10945 , 0
GWK60_J10967 , 35
GWK60_J11011 , 7
GWK60_J11143 , 0
GWK60_J11187 , 3593
GWK60_J11275 , 0
GWK60_J11319 , 0
GWK60_J11341 , 0
GWK60_J11517 , 0
GWK60_J11539 , 144
GWK60_J11561 , 1705
GWK60_J11627 , 0
GWK60_J11715 , 0
GWK60_J11737 , 2164
GWK60_J00055 , 0
GWK60_J00209 , 0
GWK60_J00363 , 0
GWK60_J00429 , 0
GWK60_J00583 , 0
GWK60_J00605 , 0
GWK60_J00869 , 0
GWK60_J01067 , 803
GWK60_J01485 , 1
GWK60_J01529 , 0
GWK60_J01551 , 0
GWK60_J01881 , 0
GWK60_J01925 , 1334
GWK60_J02101 , 0
GWK60_J02497 , 0
GWK60_J02871 , 0
GWK60_J02893 , 0
GWK60_J03091 , 0
GWK60_J03135 , 0
GWK60_J03201 , 171
GWK60_J03355 , 0
GWK60_J03531 , 0
GWK60_J03553 , 0
GWK60_J03597 , 0
GWK60_J03905 , 0
GWK60_J04015 , 0
GWK60_J04059 , 0
GWK60_J04411 , 0
GWK60_J04609 , 0
GWK60_J04653 , 0
GWK60_J04763 , 0
GWK60_J04895 , 0
GWK60_J04939 , 0
GWK60_J05005 , 0
GWK60_J05577 , 0
GWK60_J05599 , 0
GWK60_J05731 , 0
GWK60_J05951 , 1
GWK60_J06149 , 0
GWK60_J06193 , 0
GWK60_J06743 , 0
GWK60_J06875 , 0
GWK60_J07425 , 0
GWK60_J08063 , 0
GWK60_J08173 , 0
GWK60_J08371 , 0
GWK60_J08503 , 1092
GWK60_J08569 , 0
GWK60_J08635 , 0
GWK60_J08855 , 0
GWK60_J08943 , 0
GWK60_J09053 , 0
GWK60_J09163 , 0
GWK60_J09185 , 0
GWK60_J09317 , 0
GWK60_J09911 , 0
GWK60_J10263 , 1
GWK60_J10351 , 301
GWK60_J10681 , 0
GWK60_J11165 , 0
GWK60_J11451 , 0
GWK60_J11693 , 155
GWK60_K00077 , 0
GWK60_K00121 , 10
GWK60_K00209 , 106
GWK60_K00231 , 1
GWK60_K00341 , 0
GWK60_K00429 , 36
GWK60_K00517 , 3024
GWK60_K00583 , 1
GWK60_K00671 , 2
GWK60_K00737 , 0
GWK60_K00759 , 645
GWK60_K00825 , 1148
GWK60_K01001 , 0
GWK60_K01045 , 1
GWK60_K01067 , 769
GWK60_K01155 , 0
GWK60_K01177 , 0
GWK60_K01331 , 0
GWK60_K01375 , 263
GWK60_K01507 , 59
GWK60_K01529 , 1058
GWK60_K01595 , 0
GWK60_K01617 , 271
GWK60_K01727 , 0
GWK60_K01749 , 0
GWK60_K01837 , 1
GWK60_K01859 , 1
GWK60_K01947 , 283
GWK60_K01991 , 294
GWK60_K02013 , 0
GWK60_K02123 , 361
GWK60_K02145 , 1
GWK60_K02189 , 161
GWK60_K02211 , 344
GWK60_K02299 , 474
GWK60_K02321 , 223
GWK60_K02365 , 1379
GWK60_K02409 , 390
GWK60_K02475 , 16271
GWK60_K02497 , 332
GWK60_K02519 , 5306
GWK60_K02541 , 714
GWK60_K02563 , 0
GWK60_K02629 , 3133
GWK60_K02673 , 1977
GWK60_K02717 , 766
GWK60_K02739 , 544
GWK60_K02783 , 450
GWK60_K02849 , 1
GWK60_K02871 , 715
GWK60_K02915 , 15
GWK60_K02937 , 727
GWK60_K02959 , 2677
GWK60_K03003 , 28
GWK60_K03069 , 355
GWK60_K03091 , 5115
GWK60_K03179 , 163
GWK60_K03201 , 0
GWK60_K03223 , 80
GWK60_K03267 , 1
GWK60_K03289 , 11679
GWK60_K03311 , 89
GWK60_K03355 , 0
GWK60_K03443 , 119
GWK60_K03509 , 3473
GWK60_K03531 , 49
GWK60_K03553 , 1022
GWK60_K03575 , 0
GWK60_K03685 , 687
GWK60_K03707 , 3
GWK60_K03795 , 0
GWK60_K03905 , 1168
GWK60_K04015 , 739
GWK60_K04037 , 0
GWK60_K04103 , 511
GWK60_K04125 , 266
GWK60_K04191 , 72
GWK60_K04213 , 62
GWK60_K04235 , 1305
GWK60_K04367 , 1
GWK60_K04389 , 0
GWK60_K04499 , 6406
GWK60_K04565 , 0
GWK60_K04609 , 0
GWK60_K04653 , 1
GWK60_K04741 , 0
GWK60_K04829 , 31
GWK60_K04939 , 0
GWK60_K05049 , 0
GWK60_K05071 , 42
GWK60_K05115 , 76
GWK60_K05247 , 1
GWK60_K05269 , 0
GWK60_K05489 , 0
GWK60_K05533 , 0
GWK60_K05665 , 0
GWK60_K05709 , 565
GWK60_K05885 , 0
GWK60_K06171 , 0
GWK60_K06303 , 83
GWK60_K06545 , 0
GWK60_K06567 , 110
GWK60_K06589 , 1
GWK60_K06655 , 0
GWK60_K06919 , 50
GWK60_K06985 , 0
GWK60_K07139 , 259
GWK60_K07183 , 1
GWK60_K07205 , 65
GWK60_K07271 , 255
GWK60_K07293 , 0
GWK60_K07315 , 0
GWK60_K07359 , 1
GWK60_K07381 , 0
GWK60_K07403 , 0
GWK60_K07513 , 119
GWK60_K07579 , 308
GWK60_K07601 , 0
GWK60_K07799 , 360
GWK60_K07975 , 71
GWK60_K08041 , 1
GWK60_K08085 , 2
GWK60_K08129 , 0
GWK60_K08283 , 0
GWK60_K08327 , 420
GWK60_K08459 , 0
GWK60_K08525 , 0
GWK60_K08547 , 68
GWK60_K08569 , 2
GWK60_K08855 , 0
GWK60_K08877 , 0
GWK60_K09009 , 336
GWK60_K09031 , 0
GWK60_K09163 , 0
GWK60_K09251 , 0
GWK60_K09273 , 0
GWK60_K09339 , 0
GWK60_K09471 , 2
GWK60_K09493 , 64
GWK60_K09669 , 1
GWK60_K09691 , 0
GWK60_K09757 , 0
GWK60_K09779 , 0
GWK60_K09845 , 0
GWK60_K09977 , 0
GWK60_K10131 , 1
GWK60_K10263 , 0
GWK60_K10395 , 66
GWK60_K10417 , 1099
GWK60_K10505 , 0
GWK60_K10549 , 1917
GWK60_K10659 , 0
GWK60_K10703 , 0
GWK60_K10725 , 1086
GWK60_K10769 , 0
GWK60_K10791 , 0
GWK60_K10813 , 5
GWK60_K10901 , 0
GWK60_K11055 , 0
GWK60_K11099 , 0
GWK60_K11407 , 725
GWK60_K11649 , 1502
GWK60_K11671 , 1
GWK60_K11715 , 0
GWK60_K11803 , 1
GWK60_K11825 , 1
GWK60_K11979 , 1
GWK60_K12287 , 0
GWK60_K12309 , 77
GWK60_K12463 , 0
GWK60_K12485 , 1
GWK60_K12727 , 0
GWK60_K12749 , 50
GWK60_K12771 , 1
GWK60_K00275 , 0
GWK60_K00297 , 787
GWK60_K00319 , 0
GWK60_K00539 , 0
GWK60_K00627 , 1
GWK60_K00781 , 0
GWK60_K01309 , 1
GWK60_K01353 , 1
GWK60_K01573 , 0
GWK60_K01639 , 11
GWK60_K01705 , 0
GWK60_K01793 , 0
GWK60_K01881 , 272
GWK60_K01903 , 0
GWK60_K02167 , 1
GWK60_K02233 , 0
GWK60_K02255 , 0
GWK60_K02453 , 0
GWK60_K02607 , 1
GWK60_K02651 , 0
GWK60_K02695 , 1
GWK60_K02761 , 0
GWK60_K02827 , 1
GWK60_K03025 , 0
GWK60_K03047 , 0
GWK60_K03135 , 0
GWK60_K03619 , 0
GWK60_K03751 , 0
GWK60_K03773 , 0
GWK60_K03883 , 2
GWK60_K03971 , 0
GWK60_K04169 , 0
GWK60_K04301 , 0
GWK60_K04455 , 0
GWK60_K04521 , 3
GWK60_K04719 , 0
GWK60_K04983 , 0
GWK60_K05027 , 0
GWK60_K05203 , 0
GWK60_K05621 , 0
GWK60_K05819 , 0
GWK60_K05929 , 0
GWK60_K05995 , 0
GWK60_K06149 , 0
GWK60_K06501 , 80
GWK60_K06611 , 0
GWK60_K06633 , 0
GWK60_K06677 , 0
GWK60_K06699 , 0
GWK60_K06721 , 0
GWK60_K06765 , 0
GWK60_K06831 , 0
GWK60_K07073 , 0
GWK60_K07117 , 0
GWK60_K07337 , 0
GWK60_K07557 , 0
GWK60_K07843 , 0
GWK60_K07887 , 0
GWK60_K07909 , 0
GWK60_K08107 , 406
GWK60_K08151 , 0
GWK60_K08173 , 0
GWK60_K08239 , 0
GWK60_K08349 , 0
GWK60_K08437 , 0
GWK60_K08481 , 0
GWK60_K08943 , 1
GWK60_K09053 , 656
GWK60_K09229 , 0
GWK60_K09361 , 0
GWK60_K09449 , 0
GWK60_K09625 , 0
GWK60_K09933 , 0
GWK60_K10021 , 0
GWK60_K10197 , 0
GWK60_K10527 , 0
GWK60_K10637 , 0
GWK60_K10989 , 0
GWK60_K11187 , 0
GWK60_K11583 , 0
GWK60_K11935 , 0
GWK60_K11957 , 0
GWK60_K12177 , 0
GWK60_K12265 , 0
GWK60_K12331 , 0
GWK60_K12639 , 0
GWK60_L00011 , 2
GWK60_L00143 , 288
GWK60_L00187 , 970
GWK60_L00319 , 209
GWK60_L00583 , 0
GWK60_L00715 , 1
GWK60_L00737 , 301
GWK60_L00913 , 1849
GWK60_L01089 , 0
GWK60_L01111 , 0
GWK60_L01133 , 1239
GWK60_L01177 , 7320
GWK60_L01199 , 0
GWK60_L01441 , 0
GWK60_L01463 , 0
GWK60_L01507 , 0
GWK60_L01727 , 1
GWK60_L01749 , 2
GWK60_L01793 , 0
GWK60_L01947 , 1
GWK60_L02211 , 0
GWK60_L02299 , 315
GWK60_L02453 , 0
GWK60_L02651 , 0
GWK60_L02893 , 550
GWK60_L03091 , 0
GWK60_L03179 , 0
GWK60_L03267 , 295
GWK60_L03289 , 0
GWK60_L03641 , 0
GWK60_L03707 , 0
GWK60_L03883 , 0
GWK60_L03949 , 0
GWK60_L04125 , 0
GWK60_L04169 , 0
GWK60_L04279 , 7
GWK60_L04477 , 0
GWK60_L04763 , 2434
GWK60_L04807 , 110
GWK60_L04961 , 4332
GWK60_L04983 , 0
GWK60_L05093 , 348
GWK60_L05137 , 149
GWK60_L05335 , 0
GWK60_L05621 , 0
GWK60_L05775 , 0
GWK60_L05797 , 1
GWK60_L05841 , 1517
GWK60_L05929 , 2070
GWK60_L06061 , 114
GWK60_L06171 , 0
GWK60_L06237 , 427
GWK60_L06413 , 0
GWK60_L06435 , 0
GWK60_L06457 , 0
GWK60_L06633 , 0
GWK60_L06677 , 5
GWK60_L06743 , 174
GWK60_L06787 , 0
GWK60_L06985 , 120
GWK60_L07095 , 1
GWK60_L07227 , 1288
GWK60_L07249 , 0
GWK60_L07381 , 0
GWK60_L07403 , 0
GWK60_L07491 , 2
GWK60_L07689 , 1
GWK60_L07755 , 0
GWK60_L07777 , 377
GWK60_L07997 , 14
GWK60_L08085 , 0
GWK60_L08393 , 0
GWK60_L08415 , 1036
GWK60_L08437 , 1274
GWK60_L08547 , 2762
GWK60_L08657 , 0
GWK60_L08723 , 0
GWK60_L08811 , 111
GWK60_L08899 , 1
GWK60_L08921 , 0
GWK60_L09009 , 0
GWK60_L09207 , 0
GWK60_L09229 , 0
GWK60_L09251 , 100
GWK60_L09295 , 0
GWK60_L09361 , 0
GWK60_L09471 , 1
GWK60_L09537 , 2380
GWK60_L09559 , 9
GWK60_L09713 , 0
GWK60_L10109 , 0
GWK60_L10153 , 0
GWK60_L10175 , 0
GWK60_L10263 , 17
GWK60_L10307 , 0
GWK60_L10395 , 1
GWK60_L10505 , 0
GWK60_L10615 , 2087
GWK60_L10637 , 1
GWK60_L10681 , 0
GWK60_L10791 , 0
GWK60_L10813 , 575
GWK60_L10945 , 1
GWK60_L10967 , 0
GWK60_L11143 , 0
GWK60_L11187 , 0
GWK60_L11231 , 0
GWK60_L11275 , 0
GWK60_L11297 , 1516
GWK60_L11341 , 1232
GWK60_L11407 , 13
GWK60_L11473 , 0
GWK60_L11539 , 0
GWK60_L11627 , 1
GWK60_L11759 , 1
GWK60_L11781 , 342
GWK60_L11847 , 617
GWK60_L11869 , 1
GWK60_L11891 , 0
GWK60_L11935 , 0
GWK60_L11957 , 20285
GWK60_L12023 , 0
GWK60_L12067 , 3137
GWK60_L12089 , 2288
GWK60_L12111 , 1
GWK60_L12221 , 0
GWK60_L12265 , 0
GWK60_L12397 , 7
GWK60_L12595 , 0
GWK60_L12639 , 3653
GWK60_L12683 , 2
GWK60_L12705 , 343
GWK60_L12727 , 131
GWK60_L12793 , 0
GWK60_L12837 , 100
GWK60_L12903 , 3536
GWK60_L12969 , 4515
GWK60_L13035 , 1193
GWK60_L13057 , 13340
GWK60_L13079 , 10572
GWK60_L13101 , 3809
GWK60_L13123 , 0
GWK60_L13167 , 5
GWK60_L13189 , 120
GWK60_L13211 , 371
GWK60_L13255 , 267
GWK60_L13277 , 2921
GWK60_L13299 , 1
GWK60_L13343 , 3
GWK60_L13497 , 1
GWK60_L13695 , 683
GWK60_L13739 , 0
GWK60_L13915 , 2727
GWK60_L13937 , 0
GWK60_L13959 , 583
GWK60_L14047 , 1
GWK60_L14091 , 21748
GWK60_L14113 , 0
GWK60_L14135 , 12
GWK60_L14201 , 1132
GWK60_L14289 , 0
GWK60_L14333 , 672
GWK60_L14355 , 1
GWK60_L14421 , 1
GWK60_L14443 , 0
GWK60_L14553 , 3358
GWK60_L14619 , 56
GWK60_L14663 , 611
GWK60_L14751 , 1
GWK60_L14773 , 13337
GWK60_L14883 , 0
GWK60_L14905 , 0
GWK60_L15015 , 1
GWK60_L15059 , 0
GWK60_L15125 , 4
GWK60_L15169 , 0
GWK60_L15411 , 270
GWK60_L15455 , 14
GWK60_L15543 , 278
GWK60_L15587 , 155
GWK60_L15741 , 0
GWK60_L15873 , 0
GWK60_L15983 , 198
GWK60_L16005 , 1
GWK60_L16049 , 117
GWK60_L16115 , 0
GWK60_L16181 , 0
GWK60_L16225 , 0
GWK60_L16313 , 4894
GWK60_L16423 , 396
GWK60_L16929 , 2
GWK60_L16973 , 620
GWK60_L17083 , 2
GWK60_L17149 , 0
GWK60_L17215 , 0
GWK60_L17237 , 0
GWK60_L00297 , 1
GWK60_L00561 , 0
GWK60_L00693 , 113
GWK60_L00781 , 19
GWK60_L00803 , 0
GWK60_L00869 , 0
GWK60_L00935 , 0
GWK60_L01023 , 0
GWK60_L01331 , 0
GWK60_L01353 , 0
GWK60_L01573 , 92
GWK60_L01771 , 0
GWK60_L01859 , 1
GWK60_L01903 , 0
GWK60_L02277 , 0
GWK60_L02343 , 1001
GWK60_L02365 , 1
GWK60_L02585 , 1
GWK60_L02673 , 0
GWK60_L02739 , 0
GWK60_L02849 , 0
GWK60_L02915 , 0
GWK60_L03069 , 0
GWK60_L03311 , 0
GWK60_L03509 , 0
GWK60_L03773 , 0
GWK60_L03993 , 0
GWK60_L04037 , 0
GWK60_L04213 , 0
GWK60_L04301 , 0
GWK60_L04565 , 0
GWK60_L04587 , 0
GWK60_L04719 , 0
GWK60_L04917 , 0
GWK60_L05159 , 0
GWK60_L05181 , 0
GWK60_L05203 , 0
GWK60_L05357 , 2
GWK60_L05489 , 0
GWK60_L05577 , 0
GWK60_L05863 , 0
GWK60_L06017 , 0
GWK60_L06611 , 14
GWK60_L06655 , 0
GWK60_L06699 , 0
GWK60_L06721 , 0
GWK60_L06919 , 0
GWK60_L07007 , 278
GWK60_L07051 , 0
GWK60_L07117 , 0
GWK60_L07667 , 0
GWK60_L07931 , 0
GWK60_L08019 , 1071
GWK60_L08613 , 0
GWK60_L08767 , 0
GWK60_L08877 , 0
GWK60_L09119 , 1
GWK60_L09163 , 0
GWK60_L09273 , 0
GWK60_L09427 , 0
GWK60_L09493 , 0
GWK60_L09625 , 0
GWK60_L09801 , 1902
GWK60_L09955 , 0
GWK60_L10043 , 1
GWK60_L10087 , 0
GWK60_L10527 , 0
GWK60_L10571 , 0
GWK60_L10725 , 0
GWK60_L10835 , 1
GWK60_L11077 , 0
GWK60_L11319 , 1
GWK60_L11517 , 0
GWK60_L11561 , 11
GWK60_L11583 , 0
GWK60_L12155 , 0
GWK60_L12485 , 1
GWK60_L12617 , 0
GWK60_L12925 , 0
GWK60_L13013 , 66
GWK60_L13233 , 0
GWK60_L13321 , 0
GWK60_L13365 , 21
GWK60_L13541 , 441
GWK60_L13563 , 0
GWK60_L14069 , 0
GWK60_L14179 , 0
GWK60_L14267 , 0
GWK60_L14377 , 1029
GWK60_L14509 , 0
GWK60_L14597 , 0
GWK60_L14685 , 35
GWK60_L15147 , 0
GWK60_L15257 , 0
GWK60_L15301 , 0
GWK60_L15675 , 18
GWK60_L15697 , 0
GWK60_L15719 , 0
GWK60_L15785 , 943
GWK60_L15851 , 0
GWK60_L16291 , 5737
GWK60_L16379 , 0
GWK60_L16511 , 0
GWK60_L16555 , 0
GWK60_L16621 , 0
GWK60_L16687 , 513
GWK60_L16797 , 0
GWK60_L16841 , 0
GWK60_L17039 , 0
GWK60_L17105 , 0
GWK60_L17193 , 0
GWK60_L17259 , 0
GWK60_M00011 , 0
GWK60_M00077 , 1
GWK60_M00187 , 275
GWK60_M00209 , 1119
GWK60_M00231 , 0
GWK60_M00275 , 1038
GWK60_M00407 , 0
GWK60_M00517 , 0
GWK60_M00671 , 3
GWK60_M00803 , 0
GWK60_M00825 , 0
GWK60_M00979 , 0
GWK60_M01133 , 929
GWK60_M01221 , 1
GWK60_M01309 , 0
GWK60_M01397 , 0
GWK60_M01463 , 277
GWK60_M01529 , 0
GWK60_M01595 , 0
GWK60_M01617 , 1
GWK60_M01727 , 13
GWK60_M01793 , 0
GWK60_M01859 , 0
GWK60_M01969 , 0
GWK60_M02057 , 0
GWK60_M02299 , 0
GWK60_M02497 , 651
GWK60_M02541 , 371
GWK60_M02629 , 0
GWK60_M02695 , 0
GWK60_M02739 , 0
GWK60_M03025 , 206
GWK60_M03091 , 19
GWK60_M03289 , 0
GWK60_M03311 , 0
GWK60_M03619 , 0
GWK60_M03729 , 36
GWK60_M04015 , 0
GWK60_M04037 , 0
GWK60_M04125 , 1
GWK60_M04213 , 515
GWK60_M04235 , 0
GWK60_M04279 , 0
GWK60_M04345 , 0
GWK60_M04411 , 1109
GWK60_M04741 , 1
GWK60_M04851 , 0
GWK60_M04961 , 43
GWK60_M05115 , 293
GWK60_M05247 , 0
GWK60_M05401 , 0
GWK60_M05467 , 0
GWK60_M05753 , 26
GWK60_M05863 , 0
GWK60_M05907 , 0
GWK60_M06039 , 0
GWK60_M06127 , 0
GWK60_M06149 , 0
GWK60_M06193 , 0
GWK60_M06215 , 0
GWK60_M06281 , 0
GWK60_M06303 , 878
GWK60_M06369 , 74
GWK60_M06545 , 0
GWK60_M06765 , 1402
GWK60_M06985 , 29
GWK60_M07029 , 325
GWK60_M07051 , 0
GWK60_M07271 , 435
GWK60_M07293 , 177
GWK60_M07359 , 0
GWK60_M07579 , 2
GWK60_M07601 , 4362
GWK60_M07733 , 0
GWK60_M07799 , 0
GWK60_M07909 , 9473
GWK60_M08019 , 0
GWK60_M08195 , 1
GWK60_M08217 , 2
GWK60_M08261 , 1
GWK60_M08349 , 1
GWK60_M08459 , 1
GWK60_M08481 , 941
GWK60_M08525 , 2929
GWK60_M08547 , 75
GWK60_M08635 , 594
GWK60_M08679 , 81
GWK60_M08701 , 799
GWK60_M08723 , 1394
GWK60_M08745 , 0
GWK60_M08767 , 5587
GWK60_M08855 , 0
GWK60_M08899 , 1302
GWK60_M08965 , 984
GWK60_M08987 , 863
GWK60_M09031 , 0
GWK60_M09207 , 0
GWK60_M09273 , 0
GWK60_M09339 , 127
GWK60_M09383 , 2083
GWK60_M09647 , 0
GWK60_M09713 , 39
GWK60_M09911 , 0
GWK60_M09955 , 18623
GWK60_M09977 , 258
GWK60_M09999 , 0
GWK60_M10021 , 1
GWK60_M10109 , 617
GWK60_M10131 , 4
GWK60_M10175 , 2
GWK60_M10263 , 928
GWK60_M10307 , 0
GWK60_M10351 , 0
GWK60_M10373 , 11936
GWK60_M10395 , 1
GWK60_M10417 , 4685
GWK60_M10439 , 354
GWK60_M10461 , 209
GWK60_M10505 , 0
GWK60_M10571 , 2
GWK60_M10659 , 0
GWK60_M10681 , 0
GWK60_M10703 , 815
GWK60_M10725 , 1848
GWK60_M10747 , 6159
GWK60_M10769 , 0
GWK60_M10813 , 1585
GWK60_M10857 , 3
GWK60_M11055 , 11
GWK60_M11077 , 24
GWK60_M11165 , 1305
GWK60_M11187 , 269
GWK60_M11253 , 971
GWK60_M11319 , 1221
GWK60_M11363 , 2334
GWK60_M11385 , 1
GWK60_M11627 , 0
GWK60_M11649 , 192
GWK60_M11671 , 2294
GWK60_M11759 , 4
GWK60_M11891 , 54
GWK60_M12023 , 0
GWK60_M12067 , 426
GWK60_M12243 , 0
GWK60_M12309 , 1620
GWK60_M12331 , 0
GWK60_M12375 , 1154
GWK60_M12397 , 0
GWK60_M12595 , 1
GWK60_M12683 , 0
GWK60_M12749 , 0
GWK60_M12793 , 0
GWK60_M12837 , 8
GWK60_M12859 , 0
GWK60_M12947 , 0
GWK60_M12969 , 0
GWK60_M12991 , 0
GWK60_M13255 , 1451
GWK60_M13651 , 123
GWK60_M13673 , 0
GWK60_M13717 , 1
GWK60_M13849 , 125
GWK60_M14003 , 1
GWK60_M00253 , 28
GWK60_M00605 , 0
GWK60_M00649 , 0
GWK60_M00715 , 0
GWK60_M00891 , 1
GWK60_M01089 , 0
GWK60_M01243 , 0
GWK60_M01287 , 0
GWK60_M01353 , 38
GWK60_M01661 , 0
GWK60_M01683 , 0
GWK60_M01837 , 0
GWK60_M02101 , 279
GWK60_M02343 , 0
GWK60_M02453 , 0
GWK60_M02805 , 0
GWK60_M02827 , 0
GWK60_M02893 , 0
GWK60_M03047 , 1
GWK60_M03135 , 0
GWK60_M03201 , 0
GWK60_M03663 , 0
GWK60_M04169 , 0
GWK60_M04433 , 0
GWK60_M04675 , 0
GWK60_M04873 , 856
GWK60_M04895 , 0
GWK60_M05049 , 0
GWK60_M05071 , 0
GWK60_M05423 , 0
GWK60_M05445 , 0
GWK60_M05643 , 0
GWK60_M05885 , 0
GWK60_M06017 , 0
GWK60_M06237 , 0
GWK60_M06259 , 0
GWK60_M06391 , 0
GWK60_M06457 , 0
GWK60_M06501 , 65
GWK60_M06589 , 0
GWK60_M06721 , 0
GWK60_M06787 , 0
GWK60_M06831 , 0
GWK60_M06875 , 0
GWK60_M07205 , 0
GWK60_M07447 , 0
GWK60_M07469 , 37
GWK60_M07513 , 0
GWK60_M07535 , 0
GWK60_M07557 , 0
GWK60_M07623 , 0
GWK60_M07645 , 0
GWK60_M08327 , 1309
GWK60_M08371 , 0
GWK60_M08437 , 2032
GWK60_M08569 , 0
GWK60_M08613 , 143
GWK60_M08789 , 0
GWK60_M09163 , 0
GWK60_M09251 , 71
GWK60_M09559 , 0
GWK60_M09581 , 0
GWK60_M09691 , 812
GWK60_M09757 , 1
GWK60_M09889 , 0
GWK60_M10153 , 0
GWK60_M10285 , 0
GWK60_M10527 , 44
GWK60_M10549 , 0
GWK60_M10835 , 1
GWK60_M10967 , 63
GWK60_M11209 , 0
GWK60_M11231 , 0
GWK60_M11539 , 0
GWK60_M11715 , 0
GWK60_M11737 , 1509
GWK60_M11913 , 0
GWK60_M11935 , 0
GWK60_M12155 , 0
GWK60_M12265 , 0
GWK60_M12661 , 0
GWK60_M12727 , 0
GWK60_M12881 , 1218
GWK60_M13035 , 0
GWK60_M13101 , 0
GWK60_M13123 , 0
GWK60_M13145 , 0
GWK60_M13211 , 0
GWK60_M13739 , 3
GWK60_M13761 , 0
GWK60_M13805 , 0
GWK60_M13871 , 1
