archive_path,size_bytes,sha256
output/exports/local_glabrata_smoke_v1/classifier/T059p7/classification - Scer training - filtered (table mode)/train_AUC.RF-G4.png,59379,cedb6e8ad8a3eec6a794d95a29a1d3a3c63d3e36e481d1de1163ae6d40355282
output/exports/local_glabrata_smoke_v1/classifier/T059p7/classifier_run_metadata.T059p7.json,3288,69ce7b77d7ca74780f3c7a3dc5bca9ddbf7d1c83acff08990306ad6642e2128a
output/exports/local_glabrata_smoke_v1/classifier/T059p7/classifier_summary.T059p7.csv,395,e57d93eeb2d1ce3ff0546c7f79b8a1435a4ef5885cd0da06f5880a775d5f6a41
output/exports/local_glabrata_smoke_v1/classifier/T059p7/essentiality_predictions.T059p7.csv,445897,ee3fd2aa6df3aac86b742876748e3c0350227b92113705543ca5bc1b36f73759
output/exports/local_glabrata_smoke_v1/classifier/T6400/classification - Scer training - filtered (table mode)/train_AUC.RF-G4.png,59379,cedb6e8ad8a3eec6a794d95a29a1d3a3c63d3e36e481d1de1163ae6d40355282
output/exports/local_glabrata_smoke_v1/classifier/T6400/classifier_run_metadata.T6400.json,3438,22631aeff6941891e992e100f2ce6dfe04fa04be7ac6a7f97bd5cf51b3c8a63d
output/exports/local_glabrata_smoke_v1/classifier/T6400/classifier_summary.T6400.csv,397,2f321c085ebce8b57834f29244809b7b026069952056f083d877b7bdc4373d10
output/exports/local_glabrata_smoke_v1/classifier/T6400/essentiality_predictions.T6400.csv,445897,2e16ed63fbb8bd9c17d3df9189d74c65580990365f438aabe1301cc6726dad68
output/exports/local_glabrata_smoke_v1/qc/diagnostics/library_diagnostics.summary.csv,2516,908435998ca210f2dd2e9dea9937e1484e14691b37213f377203b4801a32a524
output/exports/local_glabrata_smoke_v1/qc/diagnostics/yH298-H2O2-treated-facs-pool1/yH298-H2O2-treated-facs-pool1.centromere_bias.png,49846,0c5db477ab3c6a32793675093dd1a6ed6accfbc25d4128369d282ad3c3c969ca
output/exports/local_glabrata_smoke_v1/qc/diagnostics/yH298-H2O2-treated-facs-pool1/yH298-H2O2-treated-facs-pool1.metaplots.png,329780,fdaf90a855ad37d7c94a69202c6fb44b8df54ab518f45d380ef7eb197c7b47af
output/exports/local_glabrata_smoke_v1/qc/diagnostics/yH298-H2O2-treated-facs-pool2/yH298-H2O2-treated-facs-pool2.centromere_bias.png,50104,e4828a96b002a9b27d58ac5c3b49c34e1bee9843ad69a8334bb93e934be9ea9d
output/exports/local_glabrata_smoke_v1/qc/diagnostics/yH298-H2O2-treated-facs-pool2/yH298-H2O2-treated-facs-pool2.metaplots.png,339662,494ee97e7bf94819bb5e5e311cb21e60d3bb0441c2703452548b17ff60804eaf
output/exports/local_glabrata_smoke_v1/qc/diagnostics/yH298-parent-pool1/yH298-parent-pool1.centromere_bias.png,47773,d6e2f945b4e854c7d1d4b9604a78a610f305a4abdf52406c187222ad71fb6f5f
output/exports/local_glabrata_smoke_v1/qc/diagnostics/yH298-parent-pool1/yH298-parent-pool1.metaplots.png,319696,0948a105ab899cbcd25114b2bfec447f4de81aed9d476efe623ab0758ec70cb2
output/exports/local_glabrata_smoke_v1/qc/diagnostics/yH298-parent-pool2/yH298-parent-pool2.centromere_bias.png,48021,a70c0015e6d17a98d9333c09f5eade511ec72f75ed03c21e95df866d3c361944
output/exports/local_glabrata_smoke_v1/qc/diagnostics/yH298-parent-pool2/yH298-parent-pool2.metaplots.png,311505,b177085ad4b5e87ad9af8ba5d94466c2acd4b4f3a2fd8f6540d536a424c5116b
output/exports/local_glabrata_smoke_v1/qc/diagnostics/yH299-H2O2-treated-facs-pool3/yH299-H2O2-treated-facs-pool3.centromere_bias.png,49691,eb2a484d9c1b5e42b0f1993184f4a4e78dd755a227ccdb154f805559ea688149
output/exports/local_glabrata_smoke_v1/qc/diagnostics/yH299-H2O2-treated-facs-pool3/yH299-H2O2-treated-facs-pool3.metaplots.png,339366,ffe514729b3377e4e8cd7c11a8f85fc4fd7d1f93c7de1d071b2fe2cf7413778e
output/exports/local_glabrata_smoke_v1/qc/diagnostics/yH299-H2O2-treated-facs-pool4/yH299-H2O2-treated-facs-pool4.centromere_bias.png,49519,bbb9e5db6dc9fe84a7fd79b082f2b1515929ef7eb39210dd79944bf9e11eb992
output/exports/local_glabrata_smoke_v1/qc/diagnostics/yH299-H2O2-treated-facs-pool4/yH299-H2O2-treated-facs-pool4.metaplots.png,355879,d346842a136c0ee8118fb8dea3b9876c4d2d1cb50aaea95ab04121b3775acb48
output/exports/local_glabrata_smoke_v1/qc/diagnostics/yH299-parent-pool3/yH299-parent-pool3.centromere_bias.png,47584,57b4cf69c6e5101a8f18f9d460032a3223db35621b926143b18bed27d58b35e2
output/exports/local_glabrata_smoke_v1/qc/diagnostics/yH299-parent-pool3/yH299-parent-pool3.metaplots.png,325818,c876b7ce1d1b4c8bbf38940b235a51dc6177d7d58a230f0f1caeb1e535c95975
output/exports/local_glabrata_smoke_v1/qc/diagnostics/yH299-parent-pool4/yH299-parent-pool4.centromere_bias.png,47351,ac030698f8c48e5baf28cadcad61158268bbe67cd67106b56821e310943793fb
output/exports/local_glabrata_smoke_v1/qc/diagnostics/yH299-parent-pool4/yH299-parent-pool4.metaplots.png,335020,fc91c15211af2653b96ddc7768ded975bbf38a9a6efd0befc1c5a258a8abfe17
output/exports/local_glabrata_smoke_v1/qc/sample_normalization/T020/library_diagnostics.summary.csv,2110,6455d50e1c0ded9f2ab3ebeb2cf47a53f4fe3edc4701181e401bec79b08c2fb2
output/exports/local_glabrata_smoke_v1/qc/sample_normalization/T030/library_diagnostics.summary.csv,2110,0a93c7297d319e8b85436d96d0eb5f95cff2f0bb2955f106a31a4bd0339cca8c
output/exports/local_glabrata_smoke_v1/qc/sample_normalization/T040/library_diagnostics.summary.csv,2110,b88b1845031c3bcf04e4e8831e1e358ad23621f43cab36fb16d5f37b667716c6
output/exports/local_glabrata_smoke_v1/qc/sample_normalization/T050/library_diagnostics.summary.csv,2110,5d20394d1ce6780d09191f6f28b4d377316704c492ed1a4dc9d873dae4d441a8
output/exports/local_glabrata_smoke_v1/qc/sample_normalization/T059p7/library_diagnostics.summary.csv,2118,40fc3dea2c275a6ef0a8e17a7e7fb76809001b9ed94b257b0724a7405eeffc14
output/exports/local_glabrata_smoke_v1/qc/sample_normalization/T060/library_diagnostics.summary.csv,2110,238e872ba422bb8f28d99a8572f72e1f8089afed315f53ff8b258afcac70d243
output/exports/local_glabrata_smoke_v1/qc/sample_normalization/T080/library_diagnostics.summary.csv,2110,0945d294cdda15ba5b9e512a65800839e773ce3d8401293b75d8a57d3e46eb47
output/exports/local_glabrata_smoke_v1/qc/sample_normalization/T100/library_diagnostics.summary.csv,2114,3852bd9ae4e45993430a707f0b5afad51fe8b016680d4431d4668a38e8ed7555
output/exports/local_glabrata_smoke_v1/qc/sample_normalization/T6400/library_diagnostics.summary.csv,2130,3f32c25189bc981461dc2e922704f04a79365f653ecbe351af5b5ba1fc79a794
output/exports/local_glabrata_smoke_v1/qc/sample_normalization/normalization_comparison.csv,12934,d74ceb8ac2aac01c46bc850199f8af349b54ca1eda9c58a86972295f6734df1d
output/exports/local_glabrata_smoke_v1/qc/sample_normalization/normalization_feature_recommendation.csv,192,f6146ec3e29265a2f4a745c673761f4b197d8ce489c76a566c5519ef162211d6
output/exports/local_glabrata_smoke_v1/qc/sample_normalization/normalization_recommendation.csv,254,57e5f6b616b0fb2e98cb1575897f09ecbfd0190c89b6c61ded245a0ffb4dcc5c
output/exports/local_glabrata_smoke_v1/qc/sample_normalization/normalization_target_evaluation.csv,4373,af63e359ed5a0f0153995859f4ad2be96000e4d0744ef500addc44855280f306
output/exports/local_glabrata_smoke_v1/qc/sample_normalization/normalization_target_summary.csv,418,8ce929bb07c90bde50d67bf98a09fdc9d0958045b73d779180c99f847859f036
output/exports/local_glabrata_smoke_v1/qc/summary/summary_stats.all_samples.csv,1128,a190d36370507bf69f0f4aeab53b8c4fcc7f67df5c85aa20070085d363444e79
output/exports/local_glabrata_smoke_v1/qc/summary/yH298-H2O2-treated-facs-pool1/stats.csv,312,8563dafaed82f915ea13b91795eb970ca3d35f2a63282cade6325ad616f0147d
output/exports/local_glabrata_smoke_v1/qc/summary/yH298-H2O2-treated-facs-pool2/stats.csv,310,5ddd674f4b052a58e868648273e433a344329af96f1b77f3d28e8554648fbb1e
output/exports/local_glabrata_smoke_v1/qc/summary/yH298-parent-pool1/stats.csv,300,5879c94270aadbb63ff87583a632cc00afc70c2dc4c8909eb0c8807df7ea3262
output/exports/local_glabrata_smoke_v1/qc/summary/yH298-parent-pool2/stats.csv,299,0880d3fffcee70eb05b2a32dd9d3b3e1967eaaa4a0b2c1f65fad8d85f2fdb5fc
output/exports/local_glabrata_smoke_v1/qc/summary/yH299-H2O2-treated-facs-pool3/stats.csv,312,e40c0d296729db6dc9e0b35a450191ba503e18f0de8240d82cc77738208c5ff3
output/exports/local_glabrata_smoke_v1/qc/summary/yH299-H2O2-treated-facs-pool4/stats.csv,312,9cf2f03c193b7eeb0c284d634e5c3c41424e4f3a426fb1c6cd86e3d016c222dc
output/exports/local_glabrata_smoke_v1/qc/summary/yH299-parent-pool3/stats.csv,301,7f15f7ea98190c1c1dc1e45087d509a1cfd2b22e7637825e0d814f4f6e88e602
output/exports/local_glabrata_smoke_v1/qc/summary/yH299-parent-pool4/stats.csv,299,e0722df36a7b8fb4105acc379bcb3570d2209d88a1c89d01b7a861407d6de621
output/exports/local_glabrata_smoke_v1/qc/summary_normalized/T059p7/yH298-parent-pool1/stats.csv,311,c2abd86f921b4c637b046ff87fa7473e48e379d94e0511062be0226929d86629
output/exports/local_glabrata_smoke_v1/qc/summary_normalized/T059p7/yH298-parent-pool2/stats.csv,310,559b65a819c8c9b94f91a06654997ea946486070e6d824e6209a2cc3cc0d1d1a
output/exports/local_glabrata_smoke_v1/qc/summary_normalized/T059p7/yH299-parent-pool3/stats.csv,312,dd2a79568e1693785f4141a6d41c66dcaff422ee91d41ba5d20ff9323d0d0d1f
output/exports/local_glabrata_smoke_v1/qc/summary_normalized/T059p7/yH299-parent-pool4/stats.csv,310,c526e70c816e2c6c373638f6298655f37f8960b3fc295996cea0eb52bcca12cb
output/exports/local_glabrata_smoke_v1/qc/summary_normalized/T6400/yH298-parent-pool1/stats.csv,311,c2abd86f921b4c637b046ff87fa7473e48e379d94e0511062be0226929d86629
output/exports/local_glabrata_smoke_v1/qc/summary_normalized/T6400/yH298-parent-pool2/stats.csv,310,559b65a819c8c9b94f91a06654997ea946486070e6d824e6209a2cc3cc0d1d1a
output/exports/local_glabrata_smoke_v1/qc/summary_normalized/T6400/yH299-parent-pool3/stats.csv,312,dd2a79568e1693785f4141a6d41c66dcaff422ee91d41ba5d20ff9323d0d0d1f
output/exports/local_glabrata_smoke_v1/qc/summary_normalized/T6400/yH299-parent-pool4/stats.csv,310,c526e70c816e2c6c373638f6298655f37f8960b3fc295996cea0eb52bcca12cb
output/exports/local_glabrata_smoke_v1/report/ytab_project_summary.html,23290,2249189d8bad81b0f83224fc0473c07f85df3fb9bb09ebedc2653d5b1814616d
output/exports/local_glabrata_smoke_v1/report/ytab_project_summary_metadata.json,457,1362734e97ed736e0fb8c4cfcd66443cd3637ee0c0be3c95a41bf69a3503a2b8
output/exports/local_glabrata_smoke_v1/treated_vs_parent/H2O2_vs_parent/treated_vs_parent_comparison_summary.csv,732,f332ebcc8f36710f722a8947e5397bfa85928211c929db333484c6cd7e40ca4e
output/exports/local_glabrata_smoke_v1/treated_vs_parent/H2O2_vs_parent/treated_vs_parent_results.csv,1170290,764cfc920a7c8f589fde99ec1eb9489c68296033738746fb77271342e67c4d51
output/exports/local_glabrata_smoke_v1/treated_vs_parent/H2O2_vs_parent/treated_vs_parent_run_metadata.json,5735,befd29401b1fa448291767198e47ce3e436b802d8fcc6a71a09eca3c57ee4ef8
output/exports/local_glabrata_smoke_v1/treated_vs_parent/smoke_yH298_pool1_treated_vs_parent/treated_vs_parent_comparison_summary.csv,252,78bfa00d2d7a8358a48141974c9e5c26cb246333f2de2f64fb5ec0d27ac4ab4e
output/exports/local_glabrata_smoke_v1/treated_vs_parent/smoke_yH298_pool1_treated_vs_parent/treated_vs_parent_results.csv,1067008,27424651a949ce89729b995547cc5f4ace994e6eef45e824e01f60725987640f
output/exports/local_glabrata_smoke_v1/treated_vs_parent/smoke_yH298_pool1_treated_vs_parent/treated_vs_parent_run_metadata.json,4277,56861fc6de77c3f03a0e480fee2e9fbf879835e89e68f0ec72100b7d54be970f
output/projects/local_glabrata_smoke_v1/classifier/T059p7/classification - Scer training - filtered (table mode)/train_AUC.RF-G4.png,59379,cedb6e8ad8a3eec6a794d95a29a1d3a3c63d3e36e481d1de1163ae6d40355282
output/projects/local_glabrata_smoke_v1/classifier/T059p7/classifier_run_metadata.T059p7.json,3288,69ce7b77d7ca74780f3c7a3dc5bca9ddbf7d1c83acff08990306ad6642e2128a
output/projects/local_glabrata_smoke_v1/classifier/T059p7/classifier_summary.T059p7.csv,395,e57d93eeb2d1ce3ff0546c7f79b8a1435a4ef5885cd0da06f5880a775d5f6a41
output/projects/local_glabrata_smoke_v1/classifier/T059p7/essentiality_predictions.T059p7.csv,445897,ee3fd2aa6df3aac86b742876748e3c0350227b92113705543ca5bc1b36f73759
output/projects/local_glabrata_smoke_v1/classifier/T6400/classification - Scer training - filtered (table mode)/train_AUC.RF-G4.png,59379,cedb6e8ad8a3eec6a794d95a29a1d3a3c63d3e36e481d1de1163ae6d40355282
output/projects/local_glabrata_smoke_v1/classifier/T6400/classifier_run_metadata.T6400.json,3438,22631aeff6941891e992e100f2ce6dfe04fa04be7ac6a7f97bd5cf51b3c8a63d
output/projects/local_glabrata_smoke_v1/classifier/T6400/classifier_summary.T6400.csv,397,2f321c085ebce8b57834f29244809b7b026069952056f083d877b7bdc4373d10
output/projects/local_glabrata_smoke_v1/classifier/T6400/essentiality_predictions.T6400.csv,445897,2e16ed63fbb8bd9c17d3df9189d74c65580990365f438aabe1301cc6726dad68
output/projects/local_glabrata_smoke_v1/config/comparison_design.csv,601,a31f6add192c83dd77aa64cdf6eb8d9eaef3bc93a0a6e7aaa635d1978ef54637
output/projects/local_glabrata_smoke_v1/config/project.yaml,4234,a51e34b006a60925fc716a26a9921a79cdc37588c8aca8c4f3bd1da006bcb357
output/projects/local_glabrata_smoke_v1/config/reference_resolved.json,1376,fe838a9c3e2c2f5f4c3bffe7188a16f414fac224491401209da794f30d0559d4
output/projects/local_glabrata_smoke_v1/config/sample_sheet.csv,1461,9b19616e1995263780a9063ce689546571c094563f9a0d9871fff5ffee7243b7
output/projects/local_glabrata_smoke_v1/library_diagnostics/library_diagnostics.summary.csv,2516,908435998ca210f2dd2e9dea9937e1484e14691b37213f377203b4801a32a524
output/projects/local_glabrata_smoke_v1/library_diagnostics/yH298-H2O2-treated-facs-pool1/yH298-H2O2-treated-facs-pool1.centromere_bias.png,49846,0c5db477ab3c6a32793675093dd1a6ed6accfbc25d4128369d282ad3c3c969ca
output/projects/local_glabrata_smoke_v1/library_diagnostics/yH298-H2O2-treated-facs-pool1/yH298-H2O2-treated-facs-pool1.metaplots.png,329780,fdaf90a855ad37d7c94a69202c6fb44b8df54ab518f45d380ef7eb197c7b47af
output/projects/local_glabrata_smoke_v1/library_diagnostics/yH298-H2O2-treated-facs-pool2/yH298-H2O2-treated-facs-pool2.centromere_bias.png,50104,e4828a96b002a9b27d58ac5c3b49c34e1bee9843ad69a8334bb93e934be9ea9d
output/projects/local_glabrata_smoke_v1/library_diagnostics/yH298-H2O2-treated-facs-pool2/yH298-H2O2-treated-facs-pool2.metaplots.png,339662,494ee97e7bf94819bb5e5e311cb21e60d3bb0441c2703452548b17ff60804eaf
output/projects/local_glabrata_smoke_v1/library_diagnostics/yH298-parent-pool1/yH298-parent-pool1.centromere_bias.png,47773,d6e2f945b4e854c7d1d4b9604a78a610f305a4abdf52406c187222ad71fb6f5f
output/projects/local_glabrata_smoke_v1/library_diagnostics/yH298-parent-pool1/yH298-parent-pool1.metaplots.png,319696,0948a105ab899cbcd25114b2bfec447f4de81aed9d476efe623ab0758ec70cb2
output/projects/local_glabrata_smoke_v1/library_diagnostics/yH298-parent-pool2/yH298-parent-pool2.centromere_bias.png,48021,a70c0015e6d17a98d9333c09f5eade511ec72f75ed03c21e95df866d3c361944
output/projects/local_glabrata_smoke_v1/library_diagnostics/yH298-parent-pool2/yH298-parent-pool2.metaplots.png,311505,b177085ad4b5e87ad9af8ba5d94466c2acd4b4f3a2fd8f6540d536a424c5116b
output/projects/local_glabrata_smoke_v1/library_diagnostics/yH299-H2O2-treated-facs-pool3/yH299-H2O2-treated-facs-pool3.centromere_bias.png,49691,eb2a484d9c1b5e42b0f1993184f4a4e78dd755a227ccdb154f805559ea688149
output/projects/local_glabrata_smoke_v1/library_diagnostics/yH299-H2O2-treated-facs-pool3/yH299-H2O2-treated-facs-pool3.metaplots.png,339366,ffe514729b3377e4e8cd7c11a8f85fc4fd7d1f93c7de1d071b2fe2cf7413778e
output/projects/local_glabrata_smoke_v1/library_diagnostics/yH299-H2O2-treated-facs-pool4/yH299-H2O2-treated-facs-pool4.centromere_bias.png,49519,bbb9e5db6dc9fe84a7fd79b082f2b1515929ef7eb39210dd79944bf9e11eb992
output/projects/local_glabrata_smoke_v1/library_diagnostics/yH299-H2O2-treated-facs-pool4/yH299-H2O2-treated-facs-pool4.metaplots.png,355879,d346842a136c0ee8118fb8dea3b9876c4d2d1cb50aaea95ab04121b3775acb48
output/projects/local_glabrata_smoke_v1/library_diagnostics/yH299-parent-pool3/yH299-parent-pool3.centromere_bias.png,47584,57b4cf69c6e5101a8f18f9d460032a3223db35621b926143b18bed27d58b35e2
output/projects/local_glabrata_smoke_v1/library_diagnostics/yH299-parent-pool3/yH299-parent-pool3.metaplots.png,325818,c876b7ce1d1b4c8bbf38940b235a51dc6177d7d58a230f0f1caeb1e535c95975
output/projects/local_glabrata_smoke_v1/library_diagnostics/yH299-parent-pool4/yH299-parent-pool4.centromere_bias.png,47351,ac030698f8c48e5baf28cadcad61158268bbe67cd67106b56821e310943793fb
output/projects/local_glabrata_smoke_v1/library_diagnostics/yH299-parent-pool4/yH299-parent-pool4.metaplots.png,335020,fc91c15211af2653b96ddc7768ded975bbf38a9a6efd0befc1c5a258a8abfe17
output/projects/local_glabrata_smoke_v1/manifests/classifier/T059p7.classifier_manifest.json,5357,212d0d31bb69896bef47d9266eaca488fdb2034de34efbe20fe684be7ea0b561
output/projects/local_glabrata_smoke_v1/manifests/classifier/T6400.classifier_manifest.json,5496,67bd188ecc99414e7055e29ddf657da31b0ad1be6dc30d08ae89b708a24afaf0
output/projects/local_glabrata_smoke_v1/manifests/classifier/classifier_status.csv,1449,896930788d7a5ee751ab7237ace16a994cd2cc3a4d4b360cafc3ce8dfd27b273
output/projects/local_glabrata_smoke_v1/manifests/combined_hits/T059p7.combined_hits_manifest.json,3760,feb5381b0dde2db80578a19611c45420e9a8c59852ec901236ca9712504c8e73
output/projects/local_glabrata_smoke_v1/manifests/combined_hits/T6400.combined_hits_manifest.json,3813,d18b8f394ab83a008587c4db1a885195185cf7a6cac1fd3b59927933998ba334
output/projects/local_glabrata_smoke_v1/manifests/combined_hits/combined_hits_status.csv,1212,f69bf044ead20f328f53f6c868bb4b51660bfb9cf3360a1316e67fc670c5705e
output/projects/local_glabrata_smoke_v1/manifests/create_hit_file/create_hit_file_status.csv,5899,3c494ccc8abdf860321a712cd34f855cc746e52d83f25cdd005522489b0e8ceb
output/projects/local_glabrata_smoke_v1/manifests/create_hit_file/yH298-H2O2-treated-facs-pool1.create_hit_file_manifest.json,3399,d1621fdf25c99a4c4c4793996866940c222c7fc06e17eb608fd043074a4edbd8
output/projects/local_glabrata_smoke_v1/manifests/create_hit_file/yH298-H2O2-treated-facs-pool2.create_hit_file_manifest.json,3399,4bf2d9635dffad25e0bc57b5cd9084f8b3941f7924de94993ea21b65a39822be
output/projects/local_glabrata_smoke_v1/manifests/create_hit_file/yH298-parent-pool1.create_hit_file_manifest.json,3190,115a10a5986750415475f6b78da944bfe4deba28a14a429b6c6e8299c854cd9b
output/projects/local_glabrata_smoke_v1/manifests/create_hit_file/yH298-parent-pool2.create_hit_file_manifest.json,3190,435a59caf04d1f79fea6a4a08622f0e981c90f4e6d84a65c2dcb44b608385d48
output/projects/local_glabrata_smoke_v1/manifests/create_hit_file/yH299-H2O2-treated-facs-pool3.create_hit_file_manifest.json,3399,3673a422615f4566b41d9aae620b50f491f83d240a6bfe83fb90919fd635de04
output/projects/local_glabrata_smoke_v1/manifests/create_hit_file/yH299-H2O2-treated-facs-pool4.create_hit_file_manifest.json,3399,e13959779c835950118bf1aae7ada83c62f5e4011a04d538fd9fc743a29e47ca
output/projects/local_glabrata_smoke_v1/manifests/create_hit_file/yH299-parent-pool3.create_hit_file_manifest.json,3190,35ac41d084cc60e1008929deed7a94e5f2b23eb0536100b4e1702700182158a5
output/projects/local_glabrata_smoke_v1/manifests/create_hit_file/yH299-parent-pool4.create_hit_file_manifest.json,3190,5935ba5fd9f95e78e6571dc9490adb611e5336c8e09cd50ea3c2bf4a17d67730
output/projects/local_glabrata_smoke_v1/manifests/library_diagnostics/library_diagnostics_manifest.json,18859,f78087ed5199a06162f719b0670e374e53fe6180fa38c198ddc278c6833f7968
output/projects/local_glabrata_smoke_v1/manifests/library_diagnostics/library_diagnostics_status.csv,789,b58b1ac1099a2d3844aa72291c9543772698312da3b123fabce3326e7c5606be
output/projects/local_glabrata_smoke_v1/manifests/mapfastq/mapfastq_status.csv,3986,7e06b9db30174c3f7d50cad2bd969fc1b462ac7e417fedae18d5e497dc13c576
output/projects/local_glabrata_smoke_v1/manifests/mapfastq/yH298-H2O2-treated-facs-pool1.mapfastq_manifest.json,2612,7ff482d9d7a32d8299b4a679b23667d66783aca9817aa87b069f6aacbf381573
output/projects/local_glabrata_smoke_v1/manifests/mapfastq/yH298-H2O2-treated-facs-pool2.mapfastq_manifest.json,2612,e97aa0f220fc5474daa553d32fa27a8897af8e5ba68fcf86ff93cc8ca0edefb3
output/projects/local_glabrata_smoke_v1/manifests/mapfastq/yH298-parent-pool1.mapfastq_manifest.json,2447,9ab2080dd56dc3e6390848d931af7fe34ee7a27ed7c36cd92076c1c00c386584
output/projects/local_glabrata_smoke_v1/manifests/mapfastq/yH298-parent-pool2.mapfastq_manifest.json,2447,dffacb0ffb321211f99c8d1539a011d8f77e65b2cbd76085511f1ba339053485
output/projects/local_glabrata_smoke_v1/manifests/mapfastq/yH299-H2O2-treated-facs-pool3.mapfastq_manifest.json,2612,fb70ee1c02ebec313c97b2d10e6aea4ddbde65d1aa923173bf6beb468936152d
output/projects/local_glabrata_smoke_v1/manifests/mapfastq/yH299-H2O2-treated-facs-pool4.mapfastq_manifest.json,2612,29da03a5707daaa525bc38de4bb8bc3d769444d6cd5e1ef5a15a8e6475d39619
output/projects/local_glabrata_smoke_v1/manifests/mapfastq/yH299-parent-pool3.mapfastq_manifest.json,2447,dfa06f8ca37df335371c7dbfbd15a468d43b3fbe2ec43f9dc350a6066668f492
output/projects/local_glabrata_smoke_v1/manifests/mapfastq/yH299-parent-pool4.mapfastq_manifest.json,2447,4d35ede5034fd624822aada2e75b4e0ba1cd029bf02f1d95596768ee561a08ac
output/projects/local_glabrata_smoke_v1/manifests/orchestrator/current_job.json,771,0f2bd03cab849e42d820a2a61372efc7ebded39d47c0efb0e8909401beb6183f
output/projects/local_glabrata_smoke_v1/manifests/orchestrator/pipeline_plan.json,2778,f28ef0356a008051b451eea1e81ecc72f16729df0017f3c526d7d14b112a2902
output/projects/local_glabrata_smoke_v1/manifests/orchestrator/pipeline_run.20260720T005409Z.json,3410,8bb16ab4fe1e96b1e4ba4d4ddd2feeb7fc150f339c777cb398b9e0edb9462b93
output/projects/local_glabrata_smoke_v1/manifests/orchestrator/pipeline_run.20260720T005455Z.json,3321,afc0625815c25d652a80ee9b73cc165745c589a76f9246aff64c0a3c4e3f9945
output/projects/local_glabrata_smoke_v1/manifests/orchestrator/pipeline_run.20260720T005515Z.json,6250,274e8dc996202294d2a0535f83159bf6d429319543709ee2b1d531fe331c5ff4
output/projects/local_glabrata_smoke_v1/manifests/orchestrator/pipeline_run.20260720T005532Z.json,4407,ce8882f43337947b70e806696ad723dc099f74e7f6237a6e69b1df9299a72bbd
output/projects/local_glabrata_smoke_v1/manifests/orchestrator/pipeline_run.20260720T005554Z.json,7326,bd4ecf7a2522ad881a084d5d9e7ac629c4e6e3c9ab83a6304ffe7f6c6d58a45e
output/projects/local_glabrata_smoke_v1/manifests/orchestrator/pipeline_run.20260720T005614Z.json,6250,3399aba04503f54994c2da5fa483baab635532d5c8596d99eee66cc33047447e
output/projects/local_glabrata_smoke_v1/manifests/orchestrator/pipeline_run.20260720T005649Z.json,4407,b3c47502d9784ea8308466586845d2113ed2949326097f685f061ef36a2147a3
output/projects/local_glabrata_smoke_v1/manifests/orchestrator/pipeline_run.20260720T005720Z.json,7326,608cb2096a95b1d37e6b1d9703a8b6e54e6aa4fb0ad6369b78e2ce487e59582f
output/projects/local_glabrata_smoke_v1/manifests/orchestrator/pipeline_run.20260720T005810Z.json,8268,4147509cd4c3c44ddf2a3d0db43f73f50afc5a3ae093b9191c0a594339deab56
output/projects/local_glabrata_smoke_v1/manifests/project_status.csv,4800,c35289eb524ddb0988343f0beb22aa36da3f941bc16e3d86590cba488df351fa
output/projects/local_glabrata_smoke_v1/manifests/project_status.json,8752,7d10b3535095b2d3faccaad4f850a596de00d95ab389e5ba97f9ac6f8f2bf990
output/projects/local_glabrata_smoke_v1/manifests/sample_normalization/T020.sample_normalization_manifest.json,6797,08bea94871305d033f98765b08fd1c548f82a9c13a80ef8b6e8f5d443f050a21
output/projects/local_glabrata_smoke_v1/manifests/sample_normalization/T030.sample_normalization_manifest.json,6797,ac24b1ee16441a1db7edf6d049d6ef9733eaa65651e79c71795d6baa24b1c976
output/projects/local_glabrata_smoke_v1/manifests/sample_normalization/T040.sample_normalization_manifest.json,6797,ab2cbfa33e7fcc37a5027aee249f185b63aed19b98d8e008ce2970b1695d741b
output/projects/local_glabrata_smoke_v1/manifests/sample_normalization/T050.sample_normalization_manifest.json,6797,388d26d3fe4d6e4aa1e246adc09d67940d5c65c62b55cf8ab45f170fb4b9aa9b
output/projects/local_glabrata_smoke_v1/manifests/sample_normalization/T059p7.sample_normalization_manifest.json,6912,cbdfc22a8fa2d6529b58e20fb2ffaf4dbdd61a9c04cf1f784292b458b684406b
output/projects/local_glabrata_smoke_v1/manifests/sample_normalization/T060.sample_normalization_manifest.json,6797,33c69b22f0284c3cb713525e82b073c27ee08f253175c6efbd643ca74e715a8c
output/projects/local_glabrata_smoke_v1/manifests/sample_normalization/T080.sample_normalization_manifest.json,6797,322e0681594f9ed4af123df09fc49df6ad63452df26c1453b95277ecb5a6c2f4
output/projects/local_glabrata_smoke_v1/manifests/sample_normalization/T100.sample_normalization_manifest.json,6803,fc4d21081c5eed43e5133509d9d7182de045b406fbe3c21f70d0369e54fb8850
output/projects/local_glabrata_smoke_v1/manifests/sample_normalization/T6400.sample_normalization_manifest.json,6826,aaec40716d7a1c745e1c1c370bb0f8e4fdbb0c15cc56b0889eded29d5efa034e
output/projects/local_glabrata_smoke_v1/manifests/sample_normalization/sample_normalization_status.csv,28524,ee7e06ea67b3c84cf2c8c8c3e59947ba6da63ad4ccdc6f29e6d6c286b5ba552d
output/projects/local_glabrata_smoke_v1/manifests/summary/summary_status.csv,5910,f8e85f541f2e501fc6478ea0d67446fc58df387c719dc1416e6cf45790ce5bc3
output/projects/local_glabrata_smoke_v1/manifests/summary/yH298-H2O2-treated-facs-pool1.summary_manifest.json,3198,472b1f9ba64d675adec9631c31d8d4a03d271677dd17dc12b1b6cb5f09ee17d6
output/projects/local_glabrata_smoke_v1/manifests/summary/yH298-H2O2-treated-facs-pool2.summary_manifest.json,3198,97d6395a126e8909f5e59d3c7675895f67d1d9479b593baf44003d6e794fa471
output/projects/local_glabrata_smoke_v1/manifests/summary/yH298-parent-pool1.summary_manifest.json,3088,2b7d250aaaf224d99200e3c64d2ec147a2a45f49ed50d6b107dffb954565928c
output/projects/local_glabrata_smoke_v1/manifests/summary/yH298-parent-pool2.summary_manifest.json,3088,32fc2ae270f2e0d31ba6226161330fe58c7c0fd72901123a7168ddf7530e68b2
output/projects/local_glabrata_smoke_v1/manifests/summary/yH299-H2O2-treated-facs-pool3.summary_manifest.json,3198,0fe7029de3cdd757654bce849e3535eb2324f10b10100a3700fb64d91e8b1193
output/projects/local_glabrata_smoke_v1/manifests/summary/yH299-H2O2-treated-facs-pool4.summary_manifest.json,3198,dc6e11d6b5372e060ad6ed3d886d11c770cc1c52f4d036cda20f3c844414ab2a
output/projects/local_glabrata_smoke_v1/manifests/summary/yH299-parent-pool3.summary_manifest.json,3088,09fb5bf079b869b54f202a89144dee31552dd5eb3582ef60e28bed1422696ea2
output/projects/local_glabrata_smoke_v1/manifests/summary/yH299-parent-pool4.summary_manifest.json,3088,fb90a08174c7285700c9a87484a74942c2512b8764cb443cc83526d979251a55
output/projects/local_glabrata_smoke_v1/manifests/summary_combined/T059p7.summary_combined_manifest.json,3422,26b73f66af33689f600cd16902511df596a3825438094faa7520c55db2f64c16
output/projects/local_glabrata_smoke_v1/manifests/summary_combined/T6400.summary_combined_manifest.json,3644,72b7b3adf3e236587ab0302a77a0022266107bc245abdcd6200e4d88b8e55227
output/projects/local_glabrata_smoke_v1/manifests/summary_combined/summary_combined_status.csv,1715,698d775656e4fd7b76bdc7b589bc54990521e975f7121d56ac5c29a636ecf3a4
output/projects/local_glabrata_smoke_v1/manifests/summary_normalized/T059p7/yH298-parent-pool1.summary_normalized_manifest.json,2350,a6def93e1a7af32f9ea630c96d0d77deb9e5770829c5dbc93d07d146f6b5f8f5
output/projects/local_glabrata_smoke_v1/manifests/summary_normalized/T059p7/yH298-parent-pool2.summary_normalized_manifest.json,2350,71f9b7fb32f78987d01c48f70d4642f12773076916c77a0d6c775a50d0b103f2
output/projects/local_glabrata_smoke_v1/manifests/summary_normalized/T059p7/yH299-parent-pool3.summary_normalized_manifest.json,2350,a71f142bf65fccd9ff92cd3c009d209dd151561edc635c578189ada74bd8b34d
output/projects/local_glabrata_smoke_v1/manifests/summary_normalized/T059p7/yH299-parent-pool4.summary_normalized_manifest.json,2350,73667795c86b0acbb888d11afc1216934430ed5464e3888f7c8bf251218f2935
output/projects/local_glabrata_smoke_v1/manifests/summary_normalized/T6400/yH298-parent-pool1.summary_normalized_manifest.json,2425,c4e3fdb4170e800c5f9b9ddd8ae04f216db4515f3227c97dd0318e9bfb7e3a6c
output/projects/local_glabrata_smoke_v1/manifests/summary_normalized/T6400/yH298-parent-pool2.summary_normalized_manifest.json,2425,ae2a07a1eaa6c5153a9024bcc8415bba97a2d4c8aab1e4e9c0ceef491b57a225
output/projects/local_glabrata_smoke_v1/manifests/summary_normalized/T6400/yH299-parent-pool3.summary_normalized_manifest.json,2425,01f6e509ddd3edd65c23bd8565c4c69a9b10b5648f6458c79dee775d5c4a3d0e
output/projects/local_glabrata_smoke_v1/manifests/summary_normalized/T6400/yH299-parent-pool4.summary_normalized_manifest.json,2425,1d938fec91dbab914195e7aa551e6171e9a9c13e3b65bb7f6464a82f9c266a7d
output/projects/local_glabrata_smoke_v1/manifests/summary_normalized/summary_normalized_status.csv,6309,0b169cc029c0213439a1ac2e556c93c2a7dd06f900bed671135dbbb8ea9b111f
output/projects/local_glabrata_smoke_v1/manifests/treated_vs_parent/H2O2_vs_parent.treated_vs_parent_manifest.json,16682,67fd4f4b8d0a9087dc7c9cc957f7dea2ce896b1049ebb99df8a3840b3b474e02
output/projects/local_glabrata_smoke_v1/manifests/treated_vs_parent/smoke_yH298_pool1_treated_vs_parent.treated_vs_parent_manifest.json,15422,b98b7f631fc7a7c1dd7de697cf2c0b41ebeef181957d6859416c6a1ba03d05f5
output/projects/local_glabrata_smoke_v1/manifests/treated_vs_parent/treated_vs_parent_status.csv,1438,694f82aa5635340138abddd86deeff246a7d65c647cbccd0ccf2d22b28c090cd
output/projects/local_glabrata_smoke_v1/sample_normalization/T020/library_diagnostics.summary.csv,2110,6455d50e1c0ded9f2ab3ebeb2cf47a53f4fe3edc4701181e401bec79b08c2fb2
output/projects/local_glabrata_smoke_v1/sample_normalization/T030/library_diagnostics.summary.csv,2110,0a93c7297d319e8b85436d96d0eb5f95cff2f0bb2955f106a31a4bd0339cca8c
output/projects/local_glabrata_smoke_v1/sample_normalization/T040/library_diagnostics.summary.csv,2110,b88b1845031c3bcf04e4e8831e1e358ad23621f43cab36fb16d5f37b667716c6
output/projects/local_glabrata_smoke_v1/sample_normalization/T050/library_diagnostics.summary.csv,2110,5d20394d1ce6780d09191f6f28b4d377316704c492ed1a4dc9d873dae4d441a8
output/projects/local_glabrata_smoke_v1/sample_normalization/T059p7/library_diagnostics.summary.csv,2118,40fc3dea2c275a6ef0a8e17a7e7fb76809001b9ed94b257b0724a7405eeffc14
output/projects/local_glabrata_smoke_v1/sample_normalization/T060/library_diagnostics.summary.csv,2110,238e872ba422bb8f28d99a8572f72e1f8089afed315f53ff8b258afcac70d243
output/projects/local_glabrata_smoke_v1/sample_normalization/T080/library_diagnostics.summary.csv,2110,0945d294cdda15ba5b9e512a65800839e773ce3d8401293b75d8a57d3e46eb47
output/projects/local_glabrata_smoke_v1/sample_normalization/T100/library_diagnostics.summary.csv,2114,3852bd9ae4e45993430a707f0b5afad51fe8b016680d4431d4668a38e8ed7555
output/projects/local_glabrata_smoke_v1/sample_normalization/T6400/library_diagnostics.summary.csv,2130,3f32c25189bc981461dc2e922704f04a79365f653ecbe351af5b5ba1fc79a794
output/projects/local_glabrata_smoke_v1/sample_normalization/normalization_comparison.csv,12934,d74ceb8ac2aac01c46bc850199f8af349b54ca1eda9c58a86972295f6734df1d
output/projects/local_glabrata_smoke_v1/sample_normalization/normalization_feature_recommendation.json,516,a4008544f412c9cea33576aa35d4bad96f310a7dd50d802bc0ba7f1ee69b98ff
output/projects/local_glabrata_smoke_v1/sample_normalization/normalization_recommendation.json,24961,bb90f9937d9e02f3972b3b71f5e8c09fcbc37c47f10735968cfbe167dc771cf9
output/projects/local_glabrata_smoke_v1/sample_normalization/normalization_target_evaluation.csv,4373,af63e359ed5a0f0153995859f4ad2be96000e4d0744ef500addc44855280f306
output/projects/local_glabrata_smoke_v1/sample_normalization/normalization_target_summary.csv,418,8ce929bb07c90bde50d67bf98a09fdc9d0958045b73d779180c99f847859f036
output/projects/local_glabrata_smoke_v1/summary/summary_stats.all_samples.csv,1128,a190d36370507bf69f0f4aeab53b8c4fcc7f67df5c85aa20070085d363444e79
output/projects/local_glabrata_smoke_v1/summary/yH298-H2O2-treated-facs-pool1/stats.csv,312,8563dafaed82f915ea13b91795eb970ca3d35f2a63282cade6325ad616f0147d
output/projects/local_glabrata_smoke_v1/summary/yH298-H2O2-treated-facs-pool2/stats.csv,310,5ddd674f4b052a58e868648273e433a344329af96f1b77f3d28e8554648fbb1e
output/projects/local_glabrata_smoke_v1/summary/yH298-parent-pool1/stats.csv,300,5879c94270aadbb63ff87583a632cc00afc70c2dc4c8909eb0c8807df7ea3262
output/projects/local_glabrata_smoke_v1/summary/yH298-parent-pool2/stats.csv,299,0880d3fffcee70eb05b2a32dd9d3b3e1967eaaa4a0b2c1f65fad8d85f2fdb5fc
output/projects/local_glabrata_smoke_v1/summary/yH299-H2O2-treated-facs-pool3/stats.csv,312,e40c0d296729db6dc9e0b35a450191ba503e18f0de8240d82cc77738208c5ff3
output/projects/local_glabrata_smoke_v1/summary/yH299-H2O2-treated-facs-pool4/stats.csv,312,9cf2f03c193b7eeb0c284d634e5c3c41424e4f3a426fb1c6cd86e3d016c222dc
output/projects/local_glabrata_smoke_v1/summary/yH299-parent-pool3/stats.csv,301,7f15f7ea98190c1c1dc1e45087d509a1cfd2b22e7637825e0d814f4f6e88e602
output/projects/local_glabrata_smoke_v1/summary/yH299-parent-pool4/stats.csv,299,e0722df36a7b8fb4105acc379bcb3570d2209d88a1c89d01b7a861407d6de621
output/projects/local_glabrata_smoke_v1/summary_combined/T059p7/stats.csv,311,a67118386bac778a16cedd17b2f3d72a31dd02d7abaf1e3d3668e755f97fefbc
output/projects/local_glabrata_smoke_v1/summary_combined/T6400/stats.csv,310,dd5576122150479576c1125a353caeb278b55df63cde4012e9cd48c85c08504d
output/projects/local_glabrata_smoke_v1/summary_normalized/T059p7/yH298-parent-pool1/stats.csv,311,c2abd86f921b4c637b046ff87fa7473e48e379d94e0511062be0226929d86629
output/projects/local_glabrata_smoke_v1/summary_normalized/T059p7/yH298-parent-pool2/stats.csv,310,559b65a819c8c9b94f91a06654997ea946486070e6d824e6209a2cc3cc0d1d1a
output/projects/local_glabrata_smoke_v1/summary_normalized/T059p7/yH299-parent-pool3/stats.csv,312,dd2a79568e1693785f4141a6d41c66dcaff422ee91d41ba5d20ff9323d0d0d1f
output/projects/local_glabrata_smoke_v1/summary_normalized/T059p7/yH299-parent-pool4/stats.csv,310,c526e70c816e2c6c373638f6298655f37f8960b3fc295996cea0eb52bcca12cb
output/projects/local_glabrata_smoke_v1/summary_normalized/T6400/yH298-parent-pool1/stats.csv,311,c2abd86f921b4c637b046ff87fa7473e48e379d94e0511062be0226929d86629
output/projects/local_glabrata_smoke_v1/summary_normalized/T6400/yH298-parent-pool2/stats.csv,310,559b65a819c8c9b94f91a06654997ea946486070e6d824e6209a2cc3cc0d1d1a
output/projects/local_glabrata_smoke_v1/summary_normalized/T6400/yH299-parent-pool3/stats.csv,312,dd2a79568e1693785f4141a6d41c66dcaff422ee91d41ba5d20ff9323d0d0d1f
output/projects/local_glabrata_smoke_v1/summary_normalized/T6400/yH299-parent-pool4/stats.csv,310,c526e70c816e2c6c373638f6298655f37f8960b3fc295996cea0eb52bcca12cb
output/projects/local_glabrata_smoke_v1/treated_vs_parent/H2O2_vs_parent/plots/MA_treated_vs_parent_all_pools.png,246512,5f5749f974fb48f132ec356278b10ebfcde5b06a46e3907e9bf547074e0b42f3
output/projects/local_glabrata_smoke_v1/treated_vs_parent/H2O2_vs_parent/plots/MA_y_298_labeled_top_hits.png,408514,c137ff8435838f9b4a29e0d673157668a876e68c1984bd0874760cbba9d30764
output/projects/local_glabrata_smoke_v1/treated_vs_parent/H2O2_vs_parent/plots/MA_y_299_labeled_top_hits.png,396578,e3fcc6f0b4249619e60ee5b15f6dfc1283821a29d1fb6d5a7f1e89f84e086ca3
output/projects/local_glabrata_smoke_v1/treated_vs_parent/H2O2_vs_parent/plots/control_control_z_histogram.png,78124,5d12edb44a3dd4638566ac156f1fe17b3afaa29a91b8e6907210fccf60ac8329
output/projects/local_glabrata_smoke_v1/treated_vs_parent/H2O2_vs_parent/plots/library_sizes_feature_reads.png,139352,da9761ea8ddf4f3916e4ad3988294a708f8074ec4e232cf186fb16e9b7624852
output/projects/local_glabrata_smoke_v1/treated_vs_parent/H2O2_vs_parent/plots/mean_log2FC_distribution.png,76662,a0aac30eaa121a69e80983f28de602c0ba39c3361619f0ce7842803dd634f849
output/projects/local_glabrata_smoke_v1/treated_vs_parent/H2O2_vs_parent/plots/ranked_mean_log2FC.png,117980,18452d1a875fc9f43dc7f80df66c81631a630348837218bf9ca9792c8c356b64
output/projects/local_glabrata_smoke_v1/treated_vs_parent/H2O2_vs_parent/plots/top_features_log2FC_heatmap.png,394140,dd4f477c28f1848d708159f56c9e8b0ab67d36130156e3006f12f63fe07065f2
output/projects/local_glabrata_smoke_v1/treated_vs_parent/H2O2_vs_parent/treated_vs_parent_comparison_summary.csv,732,f332ebcc8f36710f722a8947e5397bfa85928211c929db333484c6cd7e40ca4e
output/projects/local_glabrata_smoke_v1/treated_vs_parent/H2O2_vs_parent/treated_vs_parent_results.csv,1170290,764cfc920a7c8f589fde99ec1eb9489c68296033738746fb77271342e67c4d51
output/projects/local_glabrata_smoke_v1/treated_vs_parent/H2O2_vs_parent/treated_vs_parent_run_metadata.json,5735,befd29401b1fa448291767198e47ce3e436b802d8fcc6a71a09eca3c57ee4ef8
output/projects/local_glabrata_smoke_v1/treated_vs_parent/smoke_yH298_pool1_treated_vs_parent/plots/MA_treated_vs_parent_all_pools.png,149414,850619be5858d32126e0bede23c00dd58f48ad81d195b7a0d4b60c9a3c692810
output/projects/local_glabrata_smoke_v1/treated_vs_parent/smoke_yH298_pool1_treated_vs_parent/plots/MA_y_298_labeled_top_hits.png,241552,2ea3765c9581d97ebfdc5c4fcd7812727170d138777b145e332b115578049df8
output/projects/local_glabrata_smoke_v1/treated_vs_parent/smoke_yH298_pool1_treated_vs_parent/plots/control_control_z_histogram.png,78124,5d12edb44a3dd4638566ac156f1fe17b3afaa29a91b8e6907210fccf60ac8329
output/projects/local_glabrata_smoke_v1/treated_vs_parent/smoke_yH298_pool1_treated_vs_parent/plots/library_sizes_feature_reads.png,139352,da9761ea8ddf4f3916e4ad3988294a708f8074ec4e232cf186fb16e9b7624852
output/projects/local_glabrata_smoke_v1/treated_vs_parent/smoke_yH298_pool1_treated_vs_parent/plots/mean_log2FC_distribution.png,81560,a5dceb7ab8de9dce62b2f6fe7a4d9185b6c66afc21dba36c04e8b31c80a9994e
output/projects/local_glabrata_smoke_v1/treated_vs_parent/smoke_yH298_pool1_treated_vs_parent/plots/ranked_mean_log2FC.png,101444,164a4e537d51d26a7fafdfdd9037aaf58b05f32df3e1c4f6dddce772e10e2cc1
output/projects/local_glabrata_smoke_v1/treated_vs_parent/smoke_yH298_pool1_treated_vs_parent/plots/top_features_log2FC_heatmap.png,352743,4b08a0b07cf6e366d6487d05c699dc46e286a13b907cc47cfab17c96346dd5e7
output/projects/local_glabrata_smoke_v1/treated_vs_parent/smoke_yH298_pool1_treated_vs_parent/treated_vs_parent_comparison_summary.csv,252,78bfa00d2d7a8358a48141974c9e5c26cb246333f2de2f64fb5ec0d27ac4ab4e
output/projects/local_glabrata_smoke_v1/treated_vs_parent/smoke_yH298_pool1_treated_vs_parent/treated_vs_parent_results.csv,1067008,27424651a949ce89729b995547cc5f4ace994e6eef45e824e01f60725987640f
output/projects/local_glabrata_smoke_v1/treated_vs_parent/smoke_yH298_pool1_treated_vs_parent/treated_vs_parent_run_metadata.json,4277,56861fc6de77c3f03a0e480fee2e9fbf879835e89e68f0ec72100b7d54be970f
