GWK60_A00099 , 205
GWK60_A00121 , 1314
GWK60_A00143 , 1095
GWK60_A00209 , 506
GWK60_A00231 , 1302
GWK60_A00253 , 4621
GWK60_A00275 , 2388
GWK60_A00341 , 2518
GWK60_A00363 , 4458
GWK60_A00385 , 700
GWK60_A00407 , 11023
GWK60_A00429 , 591
GWK60_A00451 , 46764
GWK60_A00473 , 2180
GWK60_A00517 , 610
GWK60_A00539 , 929
GWK60_A00561 , 4588
GWK60_A00583 , 6073
GWK60_A00605 , 5579
GWK60_A00627 , 6021
GWK60_A00649 , 17215
GWK60_A00671 , 26834
GWK60_A00759 , 662
GWK60_A00781 , 89
GWK60_A00803 , 690
GWK60_A00847 , 1176
GWK60_A00891 , 34176
GWK60_A00935 , 508
GWK60_A00957 , 4910
GWK60_A00979 , 3896
GWK60_A01023 , 1028
GWK60_A01089 , 7317
GWK60_A01111 , 14654
GWK60_A01133 , 2342
GWK60_A01155 , 964
GWK60_A01177 , 3889
GWK60_A01221 , 2113
GWK60_A01243 , 1007
GWK60_A01265 , 4472
GWK60_A01287 , 17
GWK60_A01331 , 15
GWK60_A01397 , 18
GWK60_A01419 , 4262
GWK60_A01441 , 33289
GWK60_A01463 , 1646
GWK60_A01507 , 6123
GWK60_A01573 , 14
GWK60_A01595 , 2359
GWK60_A01617 , 2317
GWK60_A01639 , 1389
GWK60_A01705 , 2273
GWK60_A01815 , 129
GWK60_A01837 , 250
GWK60_A01859 , 1469
GWK60_A01947 , 655
GWK60_A01969 , 1154
GWK60_A02035 , 1556
GWK60_A02057 , 186
GWK60_A02079 , 11697
GWK60_A02101 , 1318
GWK60_A02123 , 4126
GWK60_A02167 , 2732
GWK60_A02233 , 44
GWK60_A02277 , 1855
GWK60_A02299 , 772
GWK60_A02321 , 1207
GWK60_A02365 , 578
GWK60_A02387 , 5279
GWK60_A02431 , 152
GWK60_A02475 , 195
GWK60_A02541 , 858
GWK60_A02585 , 42
GWK60_A02695 , 273
GWK60_A02739 , 398
GWK60_A02805 , 1122
GWK60_A02915 , 1391
GWK60_A02937 , 6068
GWK60_A02981 , 1179
GWK60_A03025 , 693
GWK60_A03069 , 3490
GWK60_A03091 , 660
GWK60_A03113 , 435
GWK60_A03179 , 28501
GWK60_A03223 , 371
GWK60_A03289 , 163
GWK60_A03355 , 973
GWK60_A03377 , 13166
GWK60_A03465 , 28
GWK60_A03487 , 85
GWK60_A03575 , 187
GWK60_A03597 , 1
GWK60_A03619 , 2106
GWK60_A03641 , 398
GWK60_A03707 , 668
GWK60_A03795 , 187
GWK60_A03839 , 293
GWK60_A03927 , 75
GWK60_A04037 , 2157
GWK60_A04125 , 572
GWK60_A04169 , 1731
GWK60_A04301 , 172
GWK60_A04345 , 2458
GWK60_A04367 , 63
GWK60_A04477 , 63
GWK60_A04543 , 1
GWK60_A04675 , 821
GWK60_A00715 , 2734
GWK60_A01045 , 146
GWK60_A01067 , 561
GWK60_A01309 , 1003
GWK60_A01375 , 1
GWK60_A01529 , 41
GWK60_A01683 , 233
GWK60_A01749 , 637
GWK60_A02145 , 156
GWK60_A02211 , 1
GWK60_A02255 , 446
GWK60_A02343 , 159
GWK60_A02519 , 1
GWK60_A02827 , 39
GWK60_A02849 , 573
GWK60_A03003 , 31
GWK60_A03311 , 302
GWK60_A03685 , 1465
GWK60_A03773 , 3
GWK60_A03817 , 36
GWK60_A03971 , 227
GWK60_A04015 , 894
GWK60_A04059 , 1666
GWK60_A04081 , 1140
GWK60_A04103 , 264
GWK60_A04147 , 205
GWK60_A04191 , 741
GWK60_A04213 , 118
GWK60_A04323 , 1
GWK60_A04499 , 4
GWK60_A04565 , 219
GWK60_A04587 , 563
GWK60_A04631 , 417
GWK60_B00143 , 424
GWK60_B00165 , 1
GWK60_B00253 , 1485
GWK60_B00363 , 2506
GWK60_B00385 , 1136
GWK60_B00429 , 36
GWK60_B00495 , 531
GWK60_B00517 , 1539
GWK60_B00583 , 246
GWK60_B00605 , 789
GWK60_B00627 , 337
GWK60_B00649 , 2191
GWK60_B00693 , 611
GWK60_B00737 , 5379
GWK60_B00759 , 37
GWK60_B00781 , 2091
GWK60_B00803 , 4290
GWK60_B00847 , 830
GWK60_B00869 , 29
GWK60_B00891 , 653
GWK60_B00913 , 5274
GWK60_B01001 , 84
GWK60_B01089 , 436
GWK60_B01111 , 216
GWK60_B01177 , 106
GWK60_B01287 , 108
GWK60_B01397 , 454
GWK60_B01419 , 911
GWK60_B01551 , 438
GWK60_B01573 , 212
GWK60_B01595 , 14
GWK60_B01639 , 399
GWK60_B01771 , 1017
GWK60_B01815 , 1253
GWK60_B01859 , 1956
GWK60_B01903 , 234
GWK60_B01947 , 689
GWK60_B01991 , 763
GWK60_B02057 , 1261
GWK60_B02145 , 1333
GWK60_B02189 , 1482
GWK60_B02211 , 3002
GWK60_B02233 , 2053
GWK60_B02277 , 1041
GWK60_B02321 , 8988
GWK60_B02409 , 626
GWK60_B02431 , 2246
GWK60_B02475 , 779
GWK60_B02497 , 323
GWK60_B02585 , 347
GWK60_B02651 , 1933
GWK60_B02717 , 17475
GWK60_B02739 , 394
GWK60_B02783 , 11696
GWK60_B02827 , 8520
GWK60_B02849 , 262
GWK60_B02871 , 9566
GWK60_B02915 , 1861
GWK60_B02937 , 1137
GWK60_B02959 , 2254
GWK60_B03025 , 1031
GWK60_B03113 , 1386
GWK60_B03135 , 420
GWK60_B03157 , 156
GWK60_B03201 , 323
GWK60_B03223 , 253
GWK60_B03245 , 5102
GWK60_B03267 , 1035
GWK60_B03333 , 9758
GWK60_B03355 , 30406
GWK60_B03399 , 457
GWK60_B03465 , 150
GWK60_B03509 , 13178
GWK60_B03531 , 15544
GWK60_B03641 , 50991
GWK60_B03663 , 15259
GWK60_B03685 , 3
GWK60_B03707 , 5508
GWK60_B03729 , 2872
GWK60_B03817 , 2426
GWK60_B03839 , 1336
GWK60_B03883 , 136
GWK60_B03927 , 168
GWK60_B03949 , 26
GWK60_B03971 , 4450
GWK60_B04015 , 6
GWK60_B04059 , 3859
GWK60_B04081 , 1843
GWK60_B04103 , 2635
GWK60_B04147 , 521
GWK60_B04169 , 5954
GWK60_B04191 , 651
GWK60_B04235 , 1925
GWK60_B04257 , 1967
GWK60_B04279 , 1735
GWK60_B04301 , 688
GWK60_B04323 , 3429
GWK60_B04345 , 986
GWK60_B04411 , 19074
GWK60_B04433 , 4973
GWK60_B04455 , 8876
GWK60_B04499 , 2291
GWK60_B04521 , 6563
GWK60_B04543 , 4267
GWK60_B04565 , 9696
GWK60_B04587 , 2686
GWK60_B04609 , 4821
GWK60_B04631 , 18
GWK60_B04653 , 2309
GWK60_B04675 , 492
GWK60_B04697 , 3971
GWK60_B04741 , 3261
GWK60_B04763 , 1527
GWK60_B04785 , 116
GWK60_B04807 , 1112
GWK60_B04829 , 442
GWK60_B04851 , 13
GWK60_B04895 , 5737
GWK60_B04917 , 7
GWK60_B00011 , 8
GWK60_B00033 , 35
GWK60_B00275 , 1
GWK60_B00297 , 130
GWK60_B00407 , 22
GWK60_B00451 , 394
GWK60_B00935 , 696
GWK60_B01155 , 51
GWK60_B01243 , 2
GWK60_B01507 , 107
GWK60_B01617 , 154
GWK60_B02167 , 56
GWK60_B02299 , 1
GWK60_B02541 , 47
GWK60_B02629 , 123
GWK60_B02761 , 823
GWK60_B02805 , 1643
GWK60_B02981 , 285
GWK60_B03003 , 11
GWK60_B03091 , 1
GWK60_B03179 , 377
GWK60_B03289 , 316
GWK60_B03443 , 606
GWK60_B03575 , 408
GWK60_B03795 , 238
GWK60_B04213 , 834
GWK60_B04477 , 253
GWK60_B04719 , 210
GWK60_C00055 , 116
GWK60_C00077 , 1503
GWK60_C00099 , 626
GWK60_C00187 , 102
GWK60_C00209 , 869
GWK60_C00231 , 5
GWK60_C00253 , 265
GWK60_C00341 , 2033
GWK60_C00363 , 6324
GWK60_C00407 , 250
GWK60_C00451 , 212
GWK60_C00539 , 37
GWK60_C00605 , 4166
GWK60_C00627 , 908
GWK60_C00671 , 669
GWK60_C00693 , 13813
GWK60_C00825 , 890
GWK60_C00869 , 299
GWK60_C00935 , 615
GWK60_C00957 , 447
GWK60_C00979 , 601
GWK60_C01001 , 1127
GWK60_C01045 , 253
GWK60_C01111 , 171
GWK60_C01133 , 379
GWK60_C01155 , 413
GWK60_C01177 , 4004
GWK60_C01199 , 3427
GWK60_C01221 , 719
GWK60_C01265 , 1539
GWK60_C01287 , 30
GWK60_C01353 , 1252
GWK60_C01419 , 1934
GWK60_C01463 , 1348
GWK60_C01595 , 1
GWK60_C01639 , 1156
GWK60_C01727 , 58
GWK60_C01749 , 826
GWK60_C01771 , 5340
GWK60_C01815 , 1
GWK60_C01837 , 2027
GWK60_C01859 , 1238
GWK60_C01881 , 115
GWK60_C01903 , 1349
GWK60_C01925 , 764
GWK60_C01969 , 180
GWK60_C01991 , 8623
GWK60_C02013 , 2763
GWK60_C02035 , 4120
GWK60_C02123 , 13573
GWK60_C02299 , 1748
GWK60_C02365 , 274
GWK60_C02387 , 603
GWK60_C02409 , 964
GWK60_C02431 , 48
GWK60_C02453 , 36
GWK60_C02519 , 1945
GWK60_C02541 , 1315
GWK60_C02563 , 1832
GWK60_C02585 , 4395
GWK60_C02629 , 7
GWK60_C02695 , 427
GWK60_C02717 , 3712
GWK60_C02805 , 11415
GWK60_C02827 , 1589
GWK60_C02849 , 13626
GWK60_C02871 , 341
GWK60_C02893 , 1749
GWK60_C02915 , 2428
GWK60_C02937 , 1780
GWK60_C02959 , 126
GWK60_C03003 , 345
GWK60_C03025 , 2827
GWK60_C03047 , 2014
GWK60_C03091 , 1284
GWK60_C03113 , 3463
GWK60_C03179 , 3019
GWK60_C03201 , 5002
GWK60_C03223 , 38545
GWK60_C03289 , 987
GWK60_C03311 , 2948
GWK60_C03355 , 1224
GWK60_C03377 , 10773
GWK60_C03399 , 241
GWK60_C03465 , 1701
GWK60_C03487 , 1458
GWK60_C03509 , 2805
GWK60_C03531 , 3388
GWK60_C03553 , 1444
GWK60_C03575 , 829
GWK60_C03597 , 141
GWK60_C03619 , 2264
GWK60_C03641 , 1438
GWK60_C03663 , 807
GWK60_C03685 , 979
GWK60_C03707 , 1000
GWK60_C03729 , 4063
GWK60_C03795 , 3254
GWK60_C03861 , 15911
GWK60_C03883 , 3339
GWK60_C03905 , 581
GWK60_C03927 , 239
GWK60_C03949 , 97
GWK60_C03993 , 1206
GWK60_C04015 , 180
GWK60_C04059 , 9294
GWK60_C04103 , 2436
GWK60_C04125 , 8690
GWK60_C04147 , 1598
GWK60_C04169 , 1973
GWK60_C04213 , 2175
GWK60_C04257 , 58481
GWK60_C04279 , 24778
GWK60_C04367 , 18037
GWK60_C04389 , 1856
GWK60_C04411 , 2661
GWK60_C04433 , 537
GWK60_C04455 , 448
GWK60_C04477 , 35703
GWK60_C04499 , 192
GWK60_C04521 , 189
GWK60_C04543 , 686
GWK60_C04565 , 1046
GWK60_C04587 , 4051
GWK60_C04609 , 1226
GWK60_C04631 , 8955
GWK60_C04653 , 9
GWK60_C04675 , 2492
GWK60_C04719 , 1508
GWK60_C04741 , 5215
GWK60_C04785 , 601
GWK60_C04807 , 618
GWK60_C04829 , 120
GWK60_C04895 , 2058
GWK60_C04917 , 2389
GWK60_C04939 , 3301
GWK60_C05027 , 447
GWK60_C05049 , 2338
GWK60_C05093 , 89
GWK60_C05115 , 6
GWK60_C00143 , 878
GWK60_C00275 , 2
GWK60_C00429 , 29
GWK60_C00495 , 2250
GWK60_C00517 , 1161
GWK60_C00715 , 234
GWK60_C00759 , 1
GWK60_C00847 , 416
GWK60_C00913 , 574
GWK60_C01089 , 827
GWK60_C01309 , 1105
GWK60_C01375 , 727
GWK60_C01397 , 632
GWK60_C01441 , 281
GWK60_C01573 , 4
GWK60_C02167 , 72
GWK60_C02475 , 199
GWK60_C03157 , 2745
GWK60_C03267 , 2
GWK60_C03421 , 380
GWK60_C03443 , 1863
GWK60_C04235 , 23
GWK60_C04323 , 90
GWK60_C04697 , 134
GWK60_C04851 , 581
GWK60_C04983 , 13
GWK60_C05005 , 5
GWK60_C05071 , 261
GWK60_D00055 , 30896
GWK60_D00209 , 1102
GWK60_D00231 , 632
GWK60_D00319 , 12
GWK60_D00363 , 712
GWK60_D00407 , 981
GWK60_D00429 , 52
GWK60_D00473 , 984
GWK60_D00495 , 2348
GWK60_D00517 , 1181
GWK60_D00605 , 18483
GWK60_D00693 , 786
GWK60_D00759 , 383
GWK60_D00781 , 147
GWK60_D00869 , 1016
GWK60_D01089 , 237
GWK60_D01111 , 280
GWK60_D01155 , 5766
GWK60_D01199 , 7
GWK60_D01243 , 3
GWK60_D01287 , 21
GWK60_D01309 , 157
GWK60_D01331 , 1741
GWK60_D01353 , 3588
GWK60_D01397 , 2129
GWK60_D01485 , 1673
GWK60_D01507 , 83
GWK60_D01551 , 735
GWK60_D01595 , 144
GWK60_D01639 , 741
GWK60_D01683 , 1392
GWK60_D01793 , 170
GWK60_D01815 , 1964
GWK60_D01859 , 221
GWK60_D01881 , 384
GWK60_D01903 , 41
GWK60_D01947 , 3110
GWK60_D02013 , 1096
GWK60_D02079 , 244
GWK60_D02101 , 160
GWK60_D02211 , 237
GWK60_D02277 , 450
GWK60_D02365 , 2
GWK60_D02409 , 281
GWK60_D02431 , 312
GWK60_D02453 , 452
GWK60_D02475 , 1362
GWK60_D02651 , 1349
GWK60_D02673 , 249
GWK60_D02717 , 698
GWK60_D02739 , 311
GWK60_D02783 , 734
GWK60_D02937 , 11
GWK60_D02959 , 1929
GWK60_D03047 , 4560
GWK60_D03201 , 50
GWK60_D03267 , 255
GWK60_D03311 , 173
GWK60_D03355 , 3345
GWK60_D03377 , 812
GWK60_D03399 , 4374
GWK60_D03487 , 2585
GWK60_D03509 , 9
GWK60_D03619 , 1118
GWK60_D03641 , 2247
GWK60_D03707 , 4
GWK60_D03773 , 305
GWK60_D03795 , 121
GWK60_D03839 , 58
GWK60_D03971 , 1
GWK60_D04037 , 711
GWK60_D04103 , 158
GWK60_D04125 , 139
GWK60_D04147 , 213
GWK60_D04169 , 1110
GWK60_D04191 , 155
GWK60_D04455 , 16
GWK60_D04477 , 1258
GWK60_D04521 , 14492
GWK60_D04631 , 184
GWK60_D04697 , 3507
GWK60_D04763 , 659
GWK60_D04807 , 53
GWK60_D04829 , 302
GWK60_D04851 , 3590
GWK60_D04873 , 1835
GWK60_D04895 , 2246
GWK60_D04917 , 1510
GWK60_D04939 , 589
GWK60_D04983 , 352
GWK60_D05247 , 2342
GWK60_D05335 , 932
GWK60_D05357 , 3979
GWK60_D05379 , 195
GWK60_D05423 , 663
GWK60_D05445 , 22
GWK60_D05467 , 6121
GWK60_D05511 , 233
GWK60_D05533 , 599
GWK60_D05643 , 755
GWK60_D05687 , 348
GWK60_D05709 , 244
GWK60_D05731 , 1197
GWK60_D05753 , 3513
GWK60_D05797 , 3741
GWK60_D05841 , 4955
GWK60_D05907 , 2880
GWK60_D05973 , 2660
GWK60_D05995 , 15421
GWK60_D06017 , 9192
GWK60_D06039 , 699
GWK60_D06061 , 4567
GWK60_D06083 , 9552
GWK60_D06171 , 1276
GWK60_D06215 , 5245
GWK60_D06391 , 3316
GWK60_D06413 , 1324
GWK60_D06435 , 515
GWK60_D06501 , 1743
GWK60_D06523 , 968
GWK60_D06567 , 17089
GWK60_D06589 , 9807
GWK60_D06655 , 571
GWK60_D06677 , 1647
GWK60_D06699 , 1409
GWK60_D06721 , 3011
GWK60_D06765 , 1720
GWK60_D06787 , 2065
GWK60_D06809 , 61
GWK60_D06853 , 1330
GWK60_D06875 , 187
GWK60_D00033 , 1551
GWK60_D00253 , 25
GWK60_D00341 , 151
GWK60_D00451 , 83
GWK60_D00561 , 521
GWK60_D00803 , 1177
GWK60_D00825 , 624
GWK60_D01265 , 305
GWK60_D01441 , 1
GWK60_D02035 , 121
GWK60_D02057 , 345
GWK60_D02189 , 84
GWK60_D02343 , 36
GWK60_D02519 , 84
GWK60_D02563 , 304
GWK60_D02629 , 268
GWK60_D02695 , 44
GWK60_D02893 , 439
GWK60_D03091 , 2
GWK60_D03553 , 4
GWK60_D03817 , 821
GWK60_D03861 , 318
GWK60_D04235 , 214
GWK60_D04257 , 1
GWK60_D04367 , 224
GWK60_D04411 , 218
GWK60_D04433 , 154
GWK60_D04719 , 123
GWK60_D04961 , 1073
GWK60_D05027 , 414
GWK60_D05115 , 33
GWK60_D05159 , 649
GWK60_D05225 , 6
GWK60_D05269 , 4400
GWK60_D05621 , 1
GWK60_D05665 , 1
GWK60_D05819 , 146
GWK60_D05863 , 648
GWK60_D05951 , 606
GWK60_D06105 , 542
GWK60_D06127 , 2
GWK60_D06303 , 101
GWK60_D06325 , 868
GWK60_D06347 , 146
GWK60_D06479 , 149
GWK60_E00033 , 1
GWK60_E00055 , 889
GWK60_E00077 , 296
GWK60_E00165 , 2113
GWK60_E00253 , 3
GWK60_E00275 , 2312
GWK60_E00297 , 781
GWK60_E00341 , 376
GWK60_E00363 , 525
GWK60_E00429 , 3262
GWK60_E00495 , 15
GWK60_E00583 , 2383
GWK60_E00605 , 100
GWK60_E00649 , 205
GWK60_E00671 , 3279
GWK60_E00803 , 972
GWK60_E00869 , 1680
GWK60_E00891 , 99
GWK60_E01001 , 2909
GWK60_E01023 , 102
GWK60_E01045 , 652
GWK60_E01067 , 7
GWK60_E01089 , 13312
GWK60_E01111 , 1359
GWK60_E01177 , 455
GWK60_E01199 , 371
GWK60_E01243 , 4671
GWK60_E01265 , 502
GWK60_E01287 , 514
GWK60_E01375 , 468
GWK60_E01419 , 1289
GWK60_E01441 , 5277
GWK60_E01485 , 2013
GWK60_E01507 , 4688
GWK60_E01529 , 221
GWK60_E01551 , 1071
GWK60_E01573 , 343
GWK60_E01595 , 1339
GWK60_E01617 , 49
GWK60_E01639 , 1210
GWK60_E01661 , 2253
GWK60_E01683 , 173
GWK60_E01705 , 2524
GWK60_E01727 , 2362
GWK60_E01749 , 2873
GWK60_E01793 , 2329
GWK60_E01815 , 2854
GWK60_E01837 , 2114
GWK60_E01881 , 654
GWK60_E01903 , 4087
GWK60_E01925 , 1112
GWK60_E01947 , 2015
GWK60_E01969 , 5450
GWK60_E01991 , 424
GWK60_E02013 , 17220
GWK60_E02057 , 453
GWK60_E02079 , 2235
GWK60_E02101 , 348
GWK60_E02123 , 5301
GWK60_E02189 , 1218
GWK60_E02211 , 719
GWK60_E02233 , 1778
GWK60_E02277 , 2091
GWK60_E02299 , 11176
GWK60_E02321 , 6643
GWK60_E02343 , 1449
GWK60_E02365 , 1101
GWK60_E02387 , 1
GWK60_E02431 , 9388
GWK60_E02453 , 107
GWK60_E02475 , 1005
GWK60_E02497 , 730
GWK60_E02519 , 4646
GWK60_E02541 , 2713
GWK60_E02563 , 2131
GWK60_E02585 , 2722
GWK60_E02629 , 609
GWK60_E02651 , 1297
GWK60_E02695 , 3545
GWK60_E02739 , 317
GWK60_E02761 , 2259
GWK60_E02783 , 312
GWK60_E02805 , 392
GWK60_E02827 , 3396
GWK60_E02871 , 5762
GWK60_E02893 , 1525
GWK60_E02981 , 309
GWK60_E03047 , 132
GWK60_E03069 , 233
GWK60_E03091 , 734
GWK60_E03113 , 77
GWK60_E03135 , 17
GWK60_E03157 , 894
GWK60_E03179 , 587
GWK60_E03201 , 337
GWK60_E03223 , 393
GWK60_E03245 , 113
GWK60_E03267 , 3308
GWK60_E03333 , 310
GWK60_E03355 , 2539
GWK60_E03399 , 878
GWK60_E03421 , 648
GWK60_E03443 , 900
GWK60_E03465 , 1504
GWK60_E03487 , 1359
GWK60_E03531 , 291
GWK60_E03553 , 1221
GWK60_E03575 , 13
GWK60_E03619 , 3565
GWK60_E03685 , 240
GWK60_E03707 , 139
GWK60_E03817 , 390
GWK60_E03839 , 274
GWK60_E03861 , 293
GWK60_E03971 , 1042
GWK60_E03993 , 312
GWK60_E04037 , 15731
GWK60_E04059 , 154
GWK60_E04103 , 5422
GWK60_E04147 , 184
GWK60_E04169 , 1151
GWK60_E04191 , 236
GWK60_E04213 , 850
GWK60_E04323 , 5213
GWK60_E04345 , 1716
GWK60_E04367 , 142
GWK60_E04389 , 331
GWK60_E04411 , 454
GWK60_E04477 , 2483
GWK60_E04499 , 1780
GWK60_E04543 , 470
GWK60_E04565 , 261
GWK60_E04587 , 697
GWK60_E04609 , 27434
GWK60_E04741 , 35
GWK60_E04785 , 792
GWK60_E04807 , 316
GWK60_E04851 , 709
GWK60_E04873 , 259
GWK60_E04895 , 31
GWK60_E04917 , 430
GWK60_E04939 , 5785
GWK60_E04983 , 775
GWK60_E05093 , 628
GWK60_E05115 , 282
GWK60_E05181 , 796
GWK60_E05247 , 2226
GWK60_E05269 , 1520
GWK60_E05291 , 1479
GWK60_E05313 , 3049
GWK60_E05335 , 487
GWK60_E05357 , 1952
GWK60_E05577 , 188
GWK60_E05599 , 220
GWK60_E05621 , 2575
GWK60_E05643 , 57
GWK60_E05665 , 336
GWK60_E05731 , 2169
GWK60_E05753 , 237
GWK60_E05863 , 5749
GWK60_E05885 , 46
GWK60_E05907 , 302
GWK60_E05929 , 117
GWK60_E06017 , 869
GWK60_E06039 , 5181
GWK60_E06061 , 500
GWK60_E06149 , 908
GWK60_E06215 , 1404
GWK60_E00099 , 21
GWK60_E00627 , 563
GWK60_E00935 , 1
GWK60_E00979 , 32
GWK60_E01155 , 14
GWK60_E01309 , 476
GWK60_E01859 , 2
GWK60_E02035 , 123
GWK60_E02409 , 1670
GWK60_E02607 , 12
GWK60_E02673 , 753
GWK60_E02915 , 1833
GWK60_E02937 , 422
GWK60_E03003 , 255
GWK60_E03311 , 1252
GWK60_E03377 , 1
GWK60_E03509 , 184
GWK60_E03597 , 319
GWK60_E03641 , 861
GWK60_E03663 , 261
GWK60_E03729 , 87
GWK60_E03773 , 628
GWK60_E03795 , 546
GWK60_E03883 , 247
GWK60_E03949 , 375
GWK60_E04521 , 7
GWK60_E04653 , 611
GWK60_E04697 , 313
GWK60_E04763 , 1
GWK60_E05467 , 947
GWK60_E05489 , 425
GWK60_E05555 , 100
GWK60_E05819 , 142
GWK60_E06083 , 410
GWK60_E06105 , 30
GWK60_E06127 , 101
GWK60_E06237 , 659
GWK60_F00055 , 516
GWK60_F00121 , 1838
GWK60_F00165 , 421
GWK60_F00209 , 1971
GWK60_F00231 , 182
GWK60_F00297 , 1272
GWK60_F00451 , 1364
GWK60_F00517 , 948
GWK60_F00605 , 157
GWK60_F00627 , 2136
GWK60_F00649 , 1115
GWK60_F00671 , 20
GWK60_F00715 , 224
GWK60_F00759 , 227
GWK60_F00825 , 754
GWK60_F00891 , 830
GWK60_F00913 , 133
GWK60_F00935 , 4
GWK60_F01045 , 4447
GWK60_F01067 , 2263
GWK60_F01089 , 3320
GWK60_F01111 , 100
GWK60_F01133 , 1253
GWK60_F01177 , 275
GWK60_F01199 , 2029
GWK60_F01221 , 1564
GWK60_F01243 , 2860
GWK60_F01331 , 3
GWK60_F01375 , 439
GWK60_F01397 , 291
GWK60_F01419 , 6268
GWK60_F01441 , 601
GWK60_F01485 , 615
GWK60_F01507 , 1060
GWK60_F01529 , 2805
GWK60_F01551 , 1
GWK60_F01573 , 17008
GWK60_F01595 , 89
GWK60_F01639 , 5
GWK60_F01661 , 2841
GWK60_F01727 , 5329
GWK60_F01749 , 3603
GWK60_F01771 , 6748
GWK60_F01815 , 1025
GWK60_F01859 , 6330
GWK60_F01903 , 2631
GWK60_F01925 , 8590
GWK60_F01947 , 394
GWK60_F01969 , 5478
GWK60_F02013 , 1399
GWK60_F02057 , 10346
GWK60_F02079 , 2122
GWK60_F02101 , 11326
GWK60_F02123 , 610
GWK60_F02145 , 3933
GWK60_F02167 , 654
GWK60_F02233 , 284
GWK60_F02255 , 1370
GWK60_F02277 , 172
GWK60_F02299 , 679
GWK60_F02321 , 515
GWK60_F02343 , 578
GWK60_F02365 , 200
GWK60_F02431 , 25330
GWK60_F02475 , 1588
GWK60_F02497 , 1030
GWK60_F02519 , 73
GWK60_F02541 , 6074
GWK60_F02563 , 189
GWK60_F02585 , 605
GWK60_F02607 , 3678
GWK60_F02629 , 321
GWK60_F02673 , 1747
GWK60_F02695 , 177
GWK60_F02717 , 4848
GWK60_F02739 , 145
GWK60_F02761 , 229
GWK60_F02783 , 1
GWK60_F02805 , 2964
GWK60_F02827 , 1271
GWK60_F02871 , 4376
GWK60_F02937 , 463
GWK60_F02959 , 326
GWK60_F03003 , 9414
GWK60_F03047 , 1199
GWK60_F03091 , 18
GWK60_F03135 , 280
GWK60_F03179 , 2256
GWK60_F03201 , 1
GWK60_F03223 , 1
GWK60_F03311 , 221
GWK60_F03333 , 2943
GWK60_F03399 , 197
GWK60_F03421 , 1956
GWK60_F03509 , 918
GWK60_F03531 , 365
GWK60_F03575 , 2212
GWK60_F03663 , 16
GWK60_F03707 , 1093
GWK60_F03729 , 435
GWK60_F03795 , 9996
GWK60_F03817 , 132
GWK60_F03861 , 155
GWK60_F03883 , 34
GWK60_F03971 , 783
GWK60_F03993 , 285
GWK60_F04015 , 8
GWK60_F04125 , 5102
GWK60_F04147 , 632
GWK60_F04191 , 1514
GWK60_F04213 , 2542
GWK60_F04279 , 45
GWK60_F04301 , 1087
GWK60_F04323 , 270
GWK60_F04367 , 429
GWK60_F04499 , 1083
GWK60_F04521 , 31
GWK60_F04653 , 756
GWK60_F04675 , 567
GWK60_F04785 , 147
GWK60_F04807 , 86
GWK60_F04851 , 443
GWK60_F04895 , 995
GWK60_F04917 , 1967
GWK60_F04983 , 109
GWK60_F05005 , 443
GWK60_F05115 , 60
GWK60_F05181 , 135
GWK60_F05203 , 4324
GWK60_F05291 , 163
GWK60_F05379 , 172
GWK60_F05423 , 1209
GWK60_F05445 , 828
GWK60_F05489 , 560
GWK60_F05533 , 110
GWK60_F05555 , 2989
GWK60_F05577 , 1236
GWK60_F05621 , 883
GWK60_F05687 , 164
GWK60_F05753 , 283
GWK60_F05775 , 258
GWK60_F05819 , 7
GWK60_F05841 , 262
GWK60_F05885 , 1812
GWK60_F06083 , 125
GWK60_F06149 , 2018
GWK60_F06171 , 405
GWK60_F06215 , 886
GWK60_F06237 , 433
GWK60_F06347 , 206
GWK60_F06479 , 2382
GWK60_F06523 , 491
GWK60_F06567 , 3
GWK60_F06589 , 28930
GWK60_F06677 , 1348
GWK60_F06831 , 1901
GWK60_F06853 , 402
GWK60_F07073 , 3860
GWK60_F07117 , 2140
GWK60_F07139 , 342
GWK60_F07161 , 1
GWK60_F07205 , 1331
GWK60_F07249 , 1430
GWK60_F07271 , 137
GWK60_F07403 , 239
GWK60_F07557 , 126
GWK60_F07579 , 11
GWK60_F07645 , 589
GWK60_F07799 , 2172
GWK60_F07865 , 615
GWK60_F07975 , 4
GWK60_F08019 , 691
GWK60_F08063 , 203
GWK60_F08107 , 8
GWK60_F08151 , 325
GWK60_F08173 , 3075
GWK60_F08261 , 14
GWK60_F08305 , 1676
GWK60_F08327 , 2419
GWK60_F08349 , 1558
GWK60_F08459 , 41
GWK60_F08503 , 19
GWK60_F08547 , 374
GWK60_F08635 , 624
GWK60_F08657 , 67
GWK60_F08679 , 581
GWK60_F08701 , 16
GWK60_F08723 , 1038
GWK60_F08745 , 25
GWK60_F00077 , 148
GWK60_F00275 , 63
GWK60_F00473 , 3340
GWK60_F00495 , 247
GWK60_F00693 , 74
GWK60_F00737 , 52
GWK60_F00847 , 80
GWK60_F00869 , 381
GWK60_F00979 , 774
GWK60_F01023 , 7
GWK60_F01155 , 263
GWK60_F01617 , 419
GWK60_F02189 , 596
GWK60_F02211 , 581
GWK60_F03069 , 1
GWK60_F03113 , 1
GWK60_F03289 , 1
GWK60_F03641 , 304
GWK60_F03773 , 29
GWK60_F04169 , 239
GWK60_F04235 , 22
GWK60_F04345 , 176
GWK60_F04389 , 668
GWK60_F04433 , 1192
GWK60_F04455 , 1426
GWK60_F04565 , 44
GWK60_F04631 , 176
GWK60_F04719 , 349
GWK60_F04741 , 224
GWK60_F05137 , 279
GWK60_F05269 , 31
GWK60_F05357 , 1
GWK60_F05599 , 22
GWK60_F05665 , 1087
GWK60_F05731 , 300
GWK60_F05863 , 536
GWK60_F05907 , 5
GWK60_F06061 , 417
GWK60_F06127 , 4
GWK60_F06369 , 2
GWK60_F06391 , 188
GWK60_F06765 , 20
GWK60_F06875 , 164
GWK60_F06897 , 1
GWK60_F06919 , 436
GWK60_F07337 , 1205
GWK60_F07447 , 456
GWK60_F07513 , 1001
GWK60_F07535 , 293
GWK60_F07601 , 145
GWK60_F07623 , 268
GWK60_F07755 , 1
GWK60_F07843 , 1
GWK60_F07887 , 111
GWK60_F07909 , 6
GWK60_F08371 , 234
GWK60_F08591 , 763
GWK60_G00011 , 6
GWK60_G00033 , 204
GWK60_G00077 , 35
GWK60_G00099 , 3652
GWK60_G00121 , 1798
GWK60_G00143 , 1460
GWK60_G00165 , 7911
GWK60_G00187 , 11628
GWK60_G00209 , 1343
GWK60_G00231 , 461
GWK60_G00275 , 79
GWK60_G00297 , 1282
GWK60_G00363 , 994
GWK60_G00385 , 85
GWK60_G00407 , 6204
GWK60_G00429 , 4
GWK60_G00451 , 4112
GWK60_G00495 , 3599
GWK60_G00517 , 2743
GWK60_G00539 , 188
GWK60_G00561 , 1990
GWK60_G00605 , 974
GWK60_G00627 , 235
GWK60_G00649 , 484
GWK60_G00671 , 81
GWK60_G00693 , 4226
GWK60_G00715 , 6495
GWK60_G00737 , 259
GWK60_G00759 , 544
GWK60_G00825 , 4039
GWK60_G00869 , 48710
GWK60_G00891 , 2141
GWK60_G00913 , 2348
GWK60_G00935 , 367
GWK60_G00957 , 4624
GWK60_G01023 , 5724
GWK60_G01045 , 3645
GWK60_G01067 , 404
GWK60_G01089 , 1323
GWK60_G01111 , 207
GWK60_G01133 , 880
GWK60_G01155 , 303
GWK60_G01177 , 161
GWK60_G01199 , 158
GWK60_G01243 , 435
GWK60_G01287 , 2138
GWK60_G01309 , 1574
GWK60_G01331 , 1101
GWK60_G01353 , 504
GWK60_G01375 , 189
GWK60_G01397 , 729
GWK60_G01419 , 331
GWK60_G01463 , 945
GWK60_G01485 , 1881
GWK60_G01573 , 818
GWK60_G01595 , 568
GWK60_G01705 , 956
GWK60_G01749 , 1013
GWK60_G01771 , 1591
GWK60_G01925 , 502
GWK60_G01969 , 247
GWK60_G01991 , 918
GWK60_G02013 , 1003
GWK60_G02057 , 455
GWK60_G02123 , 2
GWK60_G02189 , 573
GWK60_G02233 , 167
GWK60_G02299 , 1198
GWK60_G02343 , 1816
GWK60_G02365 , 52
GWK60_G02387 , 13
GWK60_G02409 , 478
GWK60_G02431 , 637
GWK60_G02475 , 2242
GWK60_G02541 , 1449
GWK60_G02563 , 182
GWK60_G02585 , 13808
GWK60_G02607 , 1716
GWK60_G02695 , 134
GWK60_G02717 , 897
GWK60_G02805 , 8139
GWK60_G02827 , 957
GWK60_G02915 , 574
GWK60_G02937 , 397
GWK60_G03003 , 937
GWK60_G03047 , 60
GWK60_G03113 , 2227
GWK60_G03135 , 126
GWK60_G03157 , 216
GWK60_G03223 , 677
GWK60_G03289 , 4495
GWK60_G03311 , 589
GWK60_G03355 , 799
GWK60_G03421 , 959
GWK60_G03487 , 329
GWK60_G03553 , 204
GWK60_G03685 , 658
GWK60_G03729 , 757
GWK60_G03773 , 1506
GWK60_G03795 , 177
GWK60_G03817 , 1264
GWK60_G03861 , 393
GWK60_G03905 , 1491
GWK60_G03971 , 174
GWK60_G03993 , 263
GWK60_G04103 , 139
GWK60_G04257 , 1319
GWK60_G04279 , 412
GWK60_G04345 , 855
GWK60_G04389 , 543
GWK60_G04433 , 78
GWK60_G04499 , 877
GWK60_G04521 , 8
GWK60_G04543 , 436
GWK60_G04565 , 2169
GWK60_G04587 , 1212
GWK60_G04609 , 404
GWK60_G04785 , 31
GWK60_G04961 , 1108
GWK60_G04983 , 1
GWK60_G05005 , 1036
GWK60_G05027 , 1273
GWK60_G05071 , 42
GWK60_G05093 , 2111
GWK60_G05159 , 387
GWK60_G05203 , 361
GWK60_G05225 , 608
GWK60_G05247 , 277
GWK60_G05313 , 911
GWK60_G05335 , 616
GWK60_G05357 , 1378
GWK60_G05379 , 15
GWK60_G05401 , 10
GWK60_G05423 , 433
GWK60_G05445 , 1066
GWK60_G05511 , 1840
GWK60_G05621 , 1101
GWK60_G05643 , 359
GWK60_G05797 , 805
GWK60_G05819 , 76
GWK60_G05841 , 1454
GWK60_G05907 , 66
GWK60_G05973 , 1014
GWK60_G06127 , 633
GWK60_G06171 , 380
GWK60_G06193 , 1585
GWK60_G06215 , 5339
GWK60_G06237 , 1419
GWK60_G06281 , 11
GWK60_G06369 , 135
GWK60_G06435 , 2838
GWK60_G06457 , 245
GWK60_G06545 , 9
GWK60_G06589 , 9
GWK60_G06655 , 26
GWK60_G06787 , 154
GWK60_G06809 , 163
GWK60_G06853 , 112
GWK60_G06941 , 1252
GWK60_G06963 , 7368
GWK60_G06985 , 29781
GWK60_G07073 , 439
GWK60_G07095 , 174
GWK60_G07117 , 25
GWK60_G07139 , 954
GWK60_G07227 , 43
GWK60_G07315 , 271
GWK60_G07359 , 4981
GWK60_G07381 , 1044
GWK60_G07623 , 218
GWK60_G07733 , 148
GWK60_G07755 , 1
GWK60_G07821 , 934
GWK60_G07953 , 63
GWK60_G07975 , 1418
GWK60_G08085 , 1136
GWK60_G08305 , 520
GWK60_G08437 , 611
GWK60_G08481 , 53
GWK60_G08547 , 850
GWK60_G08569 , 1885
GWK60_G08613 , 367
GWK60_G08635 , 76
GWK60_G08657 , 2821
GWK60_G08701 , 218
GWK60_G08723 , 323
GWK60_G08745 , 2576
GWK60_G08855 , 310
GWK60_G08965 , 1
GWK60_G09009 , 52
GWK60_G09163 , 324
GWK60_G09185 , 239
GWK60_G09229 , 205
GWK60_G09273 , 434
GWK60_G09339 , 1896
GWK60_G09361 , 10286
GWK60_G09405 , 1
GWK60_G09471 , 1819
GWK60_G09581 , 447
GWK60_G09625 , 20
GWK60_G09691 , 5857
GWK60_G09779 , 1
GWK60_G09801 , 848
GWK60_G09845 , 123
GWK60_G09889 , 4159
GWK60_G00319 , 1270
GWK60_G00473 , 749
GWK60_G00979 , 139
GWK60_G01265 , 367
GWK60_G01617 , 56
GWK60_G01639 , 1372
GWK60_G01793 , 7
GWK60_G01837 , 1439
GWK60_G02629 , 584
GWK60_G02761 , 96
GWK60_G02849 , 531
GWK60_G02959 , 33
GWK60_G03179 , 1
GWK60_G03377 , 820
GWK60_G03399 , 562
GWK60_G03465 , 67
GWK60_G03619 , 176
GWK60_G03641 , 1514
GWK60_G03663 , 153
GWK60_G03751 , 4
GWK60_G03949 , 9
GWK60_G04015 , 281
GWK60_G04081 , 421
GWK60_G04147 , 723
GWK60_G04235 , 785
GWK60_G04301 , 102
GWK60_G04323 , 280
GWK60_G04411 , 223
GWK60_G04477 , 201
GWK60_G04719 , 3
GWK60_G04741 , 87
GWK60_G05049 , 194
GWK60_G05115 , 1167
GWK60_G05137 , 745
GWK60_G05269 , 790
GWK60_G05291 , 617
GWK60_G05599 , 142
GWK60_G05775 , 32
GWK60_G05885 , 102
GWK60_G05929 , 292
GWK60_G05951 , 382
GWK60_G06105 , 41
GWK60_G06611 , 1
GWK60_G06721 , 331
GWK60_G06765 , 616
GWK60_G07293 , 331
GWK60_G07337 , 629
GWK60_G07447 , 246
GWK60_G07491 , 66
GWK60_G07513 , 999
GWK60_G07535 , 394
GWK60_G07799 , 20
GWK60_G07865 , 1
GWK60_G07931 , 1
GWK60_G08195 , 45
GWK60_G08371 , 271
GWK60_G08415 , 3
GWK60_G08899 , 20
GWK60_G09075 , 648
GWK60_G09097 , 788
GWK60_G09119 , 76
GWK60_G09295 , 563
GWK60_G09559 , 269
GWK60_H00143 , 245
GWK60_H00165 , 1865
GWK60_H00209 , 978
GWK60_H00231 , 2136
GWK60_H00253 , 1295
GWK60_H00341 , 252
GWK60_H00385 , 1045
GWK60_H00495 , 3343
GWK60_H00517 , 789
GWK60_H00539 , 4733
GWK60_H00583 , 498
GWK60_H00715 , 68
GWK60_H00935 , 102
GWK60_H00957 , 2386
GWK60_H01023 , 1806
GWK60_H01045 , 74
GWK60_H01089 , 694
GWK60_H01287 , 82
GWK60_H01331 , 30
GWK60_H01441 , 148
GWK60_H01463 , 106
GWK60_H01507 , 3662
GWK60_H01551 , 1
GWK60_H01727 , 57
GWK60_H01749 , 2876
GWK60_H01793 , 1376
GWK60_H01815 , 1
GWK60_H01881 , 1
GWK60_H01903 , 1609
GWK60_H02035 , 141
GWK60_H02057 , 1237
GWK60_H02255 , 447
GWK60_H02277 , 164
GWK60_H02321 , 2960
GWK60_H02387 , 399
GWK60_H02453 , 1308
GWK60_H02497 , 187
GWK60_H02519 , 271
GWK60_H02629 , 358
GWK60_H02673 , 251
GWK60_H02783 , 121
GWK60_H03113 , 294
GWK60_H03135 , 579
GWK60_H03157 , 748
GWK60_H03179 , 224
GWK60_H03201 , 793
GWK60_H03245 , 13713
GWK60_H03355 , 1593
GWK60_H03377 , 249
GWK60_H03421 , 554
GWK60_H03531 , 4980
GWK60_H03575 , 496
GWK60_H03641 , 631
GWK60_H03751 , 585
GWK60_H03773 , 826
GWK60_H03839 , 922
GWK60_H03861 , 1554
GWK60_H03905 , 685
GWK60_H03927 , 786
GWK60_H03949 , 2084
GWK60_H03971 , 155
GWK60_H03993 , 285
GWK60_H04015 , 1818
GWK60_H04257 , 1022
GWK60_H04345 , 1180
GWK60_H04367 , 732
GWK60_H04389 , 1384
GWK60_H04433 , 2175
GWK60_H04521 , 3427
GWK60_H04609 , 611
GWK60_H04697 , 569
GWK60_H04741 , 158
GWK60_H04763 , 980
GWK60_H04785 , 481
GWK60_H04851 , 24
GWK60_H04917 , 2486
GWK60_H04983 , 17
GWK60_H05049 , 1023
GWK60_H05137 , 2
GWK60_H05159 , 16
GWK60_H05203 , 11
GWK60_H05247 , 1461
GWK60_H05269 , 1729
GWK60_H05423 , 1723
GWK60_H05577 , 1241
GWK60_H05599 , 422
GWK60_H05665 , 881
GWK60_H05731 , 443
GWK60_H05753 , 365
GWK60_H05797 , 960
GWK60_H05819 , 16
GWK60_H05863 , 1598
GWK60_H05885 , 791
GWK60_H05907 , 535
GWK60_H05951 , 762
GWK60_H05995 , 482
GWK60_H06083 , 368
GWK60_H06105 , 2954
GWK60_H06127 , 616
GWK60_H06149 , 547
GWK60_H06171 , 48
GWK60_H06193 , 2
GWK60_H06215 , 230
GWK60_H06259 , 1449
GWK60_H06325 , 21
GWK60_H06347 , 3887
GWK60_H06369 , 887
GWK60_H06391 , 299
GWK60_H06435 , 1188
GWK60_H06523 , 1274
GWK60_H06545 , 28
GWK60_H06567 , 2689
GWK60_H06589 , 205
GWK60_H06611 , 173
GWK60_H06633 , 891
GWK60_H06721 , 1123
GWK60_H06743 , 740
GWK60_H06809 , 402
GWK60_H06897 , 1454
GWK60_H06919 , 2144
GWK60_H07029 , 1358
GWK60_H07073 , 19
GWK60_H07293 , 2792
GWK60_H07315 , 690
GWK60_H07337 , 366
GWK60_H07359 , 110
GWK60_H07381 , 1107
GWK60_H07535 , 2020
GWK60_H07557 , 453
GWK60_H07579 , 767
GWK60_H07623 , 241
GWK60_H07645 , 894
GWK60_H07711 , 423
GWK60_H07733 , 107
GWK60_H07755 , 788
GWK60_H07843 , 2110
GWK60_H07865 , 755
GWK60_H07887 , 533
GWK60_H07931 , 127
GWK60_H07953 , 2173
GWK60_H07975 , 445
GWK60_H08019 , 194
GWK60_H08063 , 899
GWK60_H08085 , 479
GWK60_H08107 , 80
GWK60_H08129 , 26856
GWK60_H08151 , 18532
GWK60_H08217 , 2080
GWK60_H08261 , 790
GWK60_H08327 , 259
GWK60_H08349 , 4124
GWK60_H08393 , 946
GWK60_H08415 , 108
GWK60_H08459 , 4703
GWK60_H08481 , 3131
GWK60_H08525 , 801
GWK60_H08547 , 900
GWK60_H08635 , 754
GWK60_H08657 , 2260
GWK60_H08679 , 900
GWK60_H08723 , 22
GWK60_H08745 , 4296
GWK60_H08789 , 2381
GWK60_H08811 , 841
GWK60_H08833 , 2794
GWK60_H08855 , 1236
GWK60_H08921 , 2115
GWK60_H08965 , 925
GWK60_H08987 , 296
GWK60_H09009 , 222
GWK60_H09031 , 1
GWK60_H09053 , 877
GWK60_H09075 , 1352
GWK60_H09097 , 6229
GWK60_H09119 , 39572
GWK60_H09141 , 8250
GWK60_H09185 , 452
GWK60_H09207 , 1261
GWK60_H09229 , 2993
GWK60_H09251 , 460
GWK60_H09273 , 748
GWK60_H09317 , 5590
GWK60_H09339 , 206
GWK60_H09361 , 3114
GWK60_H09383 , 193
GWK60_H09427 , 6523
GWK60_H09493 , 827
GWK60_H09559 , 1699
GWK60_H09581 , 3647
GWK60_H09603 , 2495
GWK60_H09647 , 823
GWK60_H09691 , 137
GWK60_H09713 , 4093
GWK60_H09735 , 2991
GWK60_H09757 , 3061
GWK60_H09779 , 321
GWK60_H09823 , 585
GWK60_H09845 , 1125
GWK60_H09867 , 1595
GWK60_H09889 , 1307
GWK60_H09911 , 1100
GWK60_H09933 , 333
GWK60_H09955 , 4013
GWK60_H09977 , 1661
GWK60_H09999 , 18548
GWK60_H10021 , 3325
GWK60_H10065 , 1080
GWK60_H10087 , 2409
GWK60_H10109 , 1873
GWK60_H10131 , 296
GWK60_H10153 , 1
GWK60_H10175 , 2393
GWK60_H10241 , 1234
GWK60_H10263 , 162
GWK60_H10285 , 48
GWK60_H10307 , 3114
GWK60_H10329 , 451
GWK60_H10351 , 158
GWK60_H10373 , 2154
GWK60_H10395 , 2718
GWK60_H10417 , 1156
GWK60_H10439 , 1605
GWK60_H10483 , 246
GWK60_H10505 , 690
GWK60_H10527 , 308
GWK60_H10549 , 423
GWK60_H10571 , 42
GWK60_H00187 , 374
GWK60_H00561 , 1
GWK60_H00649 , 659
GWK60_H00737 , 3118
GWK60_H00847 , 345
GWK60_H00891 , 40
GWK60_H00913 , 470
GWK60_H01111 , 905
GWK60_H01265 , 5
GWK60_H01397 , 336
GWK60_H01529 , 447
GWK60_H01573 , 103
GWK60_H01595 , 5
GWK60_H01639 , 2114
GWK60_H01683 , 1
GWK60_H01837 , 333
GWK60_H01969 , 24
GWK60_H02079 , 439
GWK60_H02123 , 658
GWK60_H02145 , 602
GWK60_H02167 , 649
GWK60_H02211 , 646
GWK60_H02343 , 957
GWK60_H02695 , 272
GWK60_H02761 , 841
GWK60_H03223 , 294
GWK60_H03443 , 1208
GWK60_H03553 , 13
GWK60_H03685 , 180
GWK60_H03707 , 923
GWK60_H03795 , 1
GWK60_H04191 , 229
GWK60_H04213 , 23
GWK60_H04477 , 213
GWK60_H04631 , 209
GWK60_H04719 , 1
GWK60_H04807 , 271
GWK60_H04895 , 842
GWK60_H05093 , 272
GWK60_H05225 , 457
GWK60_H05379 , 47
GWK60_H05445 , 20
GWK60_H05533 , 13
GWK60_H06061 , 56
GWK60_H06237 , 2
GWK60_H06413 , 139
GWK60_H06479 , 1
GWK60_H06765 , 52
GWK60_H06787 , 2951
GWK60_H06875 , 156
GWK60_H06941 , 7
GWK60_H06963 , 164
GWK60_H07007 , 43
GWK60_H07139 , 110
GWK60_H07249 , 184
GWK60_H07271 , 152
GWK60_H07469 , 242
GWK60_H07821 , 226
GWK60_H07997 , 1
GWK60_H08195 , 242
GWK60_H08877 , 7
GWK60_H09295 , 124
GWK60_H09537 , 297
GWK60_H09801 , 413
GWK60_I00055 , 249
GWK60_I00077 , 20
GWK60_I00121 , 26
GWK60_I00165 , 1471
GWK60_I00187 , 134
GWK60_I00209 , 210
GWK60_I00275 , 798
GWK60_I00297 , 1369
GWK60_I00341 , 3643
GWK60_I00363 , 1058
GWK60_I00385 , 448
GWK60_I00407 , 1783
GWK60_I00451 , 1137
GWK60_I00495 , 203
GWK60_I00517 , 157
GWK60_I00539 , 1011
GWK60_I00605 , 13
GWK60_I00627 , 559
GWK60_I00715 , 326
GWK60_I00781 , 157
GWK60_I00825 , 423
GWK60_I00891 , 6
GWK60_I00935 , 1922
GWK60_I00957 , 208
GWK60_I00979 , 365
GWK60_I01023 , 1167
GWK60_I01045 , 225
GWK60_I01067 , 2408
GWK60_I01089 , 12
GWK60_I01111 , 15
GWK60_I01133 , 1214
GWK60_I01199 , 43
GWK60_I01221 , 929
GWK60_I01265 , 57
GWK60_I01309 , 6070
GWK60_I01331 , 6702
GWK60_I01375 , 1078
GWK60_I01397 , 3677
GWK60_I01419 , 4209
GWK60_I01485 , 8943
GWK60_I01507 , 1473
GWK60_I01551 , 2508
GWK60_I01573 , 1405
GWK60_I01595 , 562
GWK60_I01639 , 1129
GWK60_I01661 , 30
GWK60_I01705 , 628
GWK60_I01771 , 237
GWK60_I01793 , 241
GWK60_I01815 , 1797
GWK60_I01837 , 195
GWK60_I01859 , 27
GWK60_I01969 , 1
GWK60_I01991 , 40
GWK60_I02057 , 972
GWK60_I02123 , 896
GWK60_I02233 , 30
GWK60_I02255 , 1790
GWK60_I02277 , 483
GWK60_I02321 , 104
GWK60_I02343 , 1252
GWK60_I02365 , 492
GWK60_I02387 , 29
GWK60_I02453 , 1894
GWK60_I02475 , 64
GWK60_I02497 , 3
GWK60_I02519 , 10065
GWK60_I02541 , 2551
GWK60_I02563 , 383
GWK60_I02585 , 144
GWK60_I02629 , 3193
GWK60_I02651 , 716
GWK60_I02673 , 104
GWK60_I02695 , 3242
GWK60_I02739 , 7420
GWK60_I02783 , 3487
GWK60_I02805 , 770
GWK60_I02871 , 786
GWK60_I02893 , 529
GWK60_I02915 , 3797
GWK60_I02981 , 735
GWK60_I03025 , 1365
GWK60_I03091 , 1766
GWK60_I03179 , 1464
GWK60_I03223 , 4615
GWK60_I03245 , 1647
GWK60_I03267 , 678
GWK60_I03311 , 293
GWK60_I03355 , 4809
GWK60_I03377 , 138
GWK60_I03399 , 23402
GWK60_I03421 , 149
GWK60_I03443 , 3844
GWK60_I03465 , 607
GWK60_I03509 , 128
GWK60_I03531 , 3967
GWK60_I03553 , 1956
GWK60_I03575 , 12
GWK60_I03597 , 3423
GWK60_I03619 , 2635
GWK60_I03641 , 9306
GWK60_I03663 , 973
GWK60_I03707 , 3027
GWK60_I03729 , 352
GWK60_I03795 , 3394
GWK60_I03839 , 1434
GWK60_I03883 , 10
GWK60_I03905 , 4571
GWK60_I03927 , 1416
GWK60_I03993 , 1538
GWK60_I04015 , 1077
GWK60_I04037 , 2433
GWK60_I04059 , 1951
GWK60_I04081 , 1961
GWK60_I04103 , 11640
GWK60_I04169 , 435
GWK60_I04235 , 1111
GWK60_I04279 , 1400
GWK60_I04367 , 3
GWK60_I04411 , 914
GWK60_I04433 , 1142
GWK60_I04455 , 5718
GWK60_I04499 , 1582
GWK60_I04565 , 172
GWK60_I04587 , 4535
GWK60_I04609 , 2281
GWK60_I04631 , 264
GWK60_I04741 , 725
GWK60_I04763 , 914
GWK60_I04785 , 6982
GWK60_I04807 , 1901
GWK60_I04829 , 1
GWK60_I04895 , 571
GWK60_I04939 , 2068
GWK60_I04961 , 725
GWK60_I04983 , 1692
GWK60_I05005 , 2592
GWK60_I05027 , 1
GWK60_I05071 , 1
GWK60_I05093 , 1018
GWK60_I05115 , 864
GWK60_I05181 , 18
GWK60_I05225 , 3993
GWK60_I05247 , 3552
GWK60_I05269 , 530
GWK60_I05335 , 679
GWK60_I05379 , 4116
GWK60_I05445 , 72
GWK60_I05467 , 675
GWK60_I05489 , 2787
GWK60_I05511 , 70
GWK60_I05555 , 1519
GWK60_I05599 , 8993
GWK60_I05621 , 2018
GWK60_I05643 , 3201
GWK60_I05665 , 4960
GWK60_I05731 , 1066
GWK60_I05775 , 853
GWK60_I05797 , 4212
GWK60_I05819 , 1
GWK60_I05863 , 1709
GWK60_I05885 , 1331
GWK60_I05907 , 1206
GWK60_I05929 , 4094
GWK60_I06017 , 546
GWK60_I06061 , 356
GWK60_I06105 , 105
GWK60_I06149 , 353
GWK60_I06215 , 3665
GWK60_I06237 , 637
GWK60_I06347 , 143
GWK60_I00143 , 147
GWK60_I00253 , 2
GWK60_I00429 , 26
GWK60_I00561 , 57
GWK60_I00671 , 36
GWK60_I00913 , 99
GWK60_I01177 , 2
GWK60_I01243 , 576
GWK60_I01287 , 564
GWK60_I01441 , 451
GWK60_I01463 , 138
GWK60_I01529 , 1181
GWK60_I01617 , 71
GWK60_I01683 , 61
GWK60_I01749 , 7
GWK60_I01925 , 68
GWK60_I01947 , 1028
GWK60_I02145 , 150
GWK60_I02189 , 151
GWK60_I02299 , 2
GWK60_I02717 , 736
GWK60_I02761 , 1180
GWK60_I02937 , 1
GWK60_I03003 , 149
GWK60_I03113 , 26
GWK60_I03157 , 107
GWK60_I03201 , 19
GWK60_I03751 , 19
GWK60_I03773 , 929
GWK60_I03861 , 200
GWK60_I04213 , 19
GWK60_I04477 , 33
GWK60_I04675 , 16
GWK60_I04697 , 60
GWK60_I04917 , 581
GWK60_I05137 , 641
GWK60_I05203 , 197
GWK60_I05291 , 10
GWK60_I05313 , 579
GWK60_I05577 , 88
GWK60_I05951 , 174
GWK60_I06039 , 149
GWK60_I06171 , 407
GWK60_I06193 , 159
GWK60_I06325 , 268
GWK60_I06369 , 275
GWK60_J00011 , 512
GWK60_J00077 , 2298
GWK60_J00143 , 4000
GWK60_J00231 , 109
GWK60_J00253 , 1543
GWK60_J00385 , 564
GWK60_J00407 , 598
GWK60_J00429 , 2104
GWK60_J00451 , 207
GWK60_J00473 , 2006
GWK60_J00539 , 23
GWK60_J00605 , 1490
GWK60_J00693 , 2192
GWK60_J00715 , 3420
GWK60_J00737 , 3784
GWK60_J00759 , 143
GWK60_J00803 , 84
GWK60_J00891 , 333
GWK60_J00913 , 1755
GWK60_J00935 , 150
GWK60_J01067 , 1905
GWK60_J01111 , 387
GWK60_J01133 , 426
GWK60_J01221 , 187
GWK60_J01243 , 5110
GWK60_J01265 , 3
GWK60_J01309 , 1933
GWK60_J01331 , 112
GWK60_J01353 , 8414
GWK60_J01397 , 13238
GWK60_J01419 , 815
GWK60_J01441 , 657
GWK60_J01507 , 335
GWK60_J01551 , 31
GWK60_J01573 , 792
GWK60_J01595 , 9374
GWK60_J01639 , 43013
GWK60_J01661 , 3271
GWK60_J01683 , 453
GWK60_J01727 , 10738
GWK60_J01749 , 1682
GWK60_J01793 , 3670
GWK60_J01837 , 2553
GWK60_J01881 , 629
GWK60_J01925 , 4134
GWK60_J01991 , 6167
GWK60_J02013 , 16886
GWK60_J02035 , 4510
GWK60_J02101 , 2714
GWK60_J02123 , 1651
GWK60_J02145 , 946
GWK60_J02189 , 2561
GWK60_J02233 , 1
GWK60_J02255 , 1458
GWK60_J02321 , 2827
GWK60_J02343 , 4485
GWK60_J02365 , 2062
GWK60_J02387 , 4519
GWK60_J02409 , 112
GWK60_J02431 , 92
GWK60_J02475 , 673
GWK60_J02497 , 1237
GWK60_J02519 , 685
GWK60_J02541 , 134
GWK60_J02563 , 557
GWK60_J02629 , 2428
GWK60_J02673 , 889
GWK60_J02695 , 336
GWK60_J02717 , 6548
GWK60_J02739 , 4401
GWK60_J02761 , 4670
GWK60_J02805 , 1490
GWK60_J02827 , 24
GWK60_J02849 , 8158
GWK60_J02871 , 4686
GWK60_J02915 , 2721
GWK60_J02981 , 299
GWK60_J03003 , 3610
GWK60_J03069 , 38
GWK60_J03113 , 22
GWK60_J03135 , 742
GWK60_J03333 , 1291
GWK60_J03377 , 1710
GWK60_J03421 , 429
GWK60_J03531 , 165
GWK60_J03597 , 872
GWK60_J03619 , 4779
GWK60_J03663 , 900
GWK60_J03685 , 651
GWK60_J03729 , 535
GWK60_J03751 , 1395
GWK60_J03773 , 2951
GWK60_J03817 , 1
GWK60_J03839 , 2170
GWK60_J03861 , 2010
GWK60_J03905 , 1412
GWK60_J03927 , 2072
GWK60_J03971 , 200
GWK60_J03993 , 552
GWK60_J04037 , 837
GWK60_J04059 , 233
GWK60_J04081 , 561
GWK60_J04125 , 1441
GWK60_J04169 , 110
GWK60_J04235 , 343
GWK60_J04279 , 470
GWK60_J04301 , 521
GWK60_J04345 , 530
GWK60_J04367 , 56
GWK60_J04389 , 35
GWK60_J04433 , 4
GWK60_J04455 , 1794
GWK60_J04477 , 1
GWK60_J04631 , 296
GWK60_J04675 , 320
GWK60_J04697 , 75
GWK60_J04763 , 259
GWK60_J04785 , 927
GWK60_J04807 , 3
GWK60_J04851 , 510
GWK60_J04873 , 1
GWK60_J04939 , 3053
GWK60_J04961 , 3139
GWK60_J04983 , 16
GWK60_J05049 , 448
GWK60_J05093 , 696
GWK60_J05115 , 766
GWK60_J05181 , 173
GWK60_J05313 , 706
GWK60_J05445 , 1008
GWK60_J05533 , 508
GWK60_J05555 , 206
GWK60_J05599 , 41
GWK60_J05621 , 3585
GWK60_J05643 , 512
GWK60_J05665 , 4
GWK60_J05709 , 585
GWK60_J05731 , 101
GWK60_J05753 , 765
GWK60_J05775 , 42
GWK60_J05819 , 574
GWK60_J05841 , 1144
GWK60_J05929 , 133
GWK60_J05951 , 666
GWK60_J05995 , 1249
GWK60_J06017 , 1807
GWK60_J06083 , 74
GWK60_J06127 , 1260
GWK60_J06193 , 369
GWK60_J06303 , 882
GWK60_J06347 , 104
GWK60_J06523 , 57
GWK60_J06545 , 79
GWK60_J06567 , 794
GWK60_J06611 , 283
GWK60_J06655 , 222
GWK60_J06721 , 258
GWK60_J06809 , 532
GWK60_J06831 , 1680
GWK60_J06853 , 2553
GWK60_J06875 , 505
GWK60_J06897 , 1696
GWK60_J06919 , 106
GWK60_J06985 , 726
GWK60_J07117 , 21
GWK60_J07161 , 15
GWK60_J07337 , 1185
GWK60_J07359 , 2727
GWK60_J07403 , 1298
GWK60_J07469 , 302
GWK60_J07491 , 642
GWK60_J07689 , 370
GWK60_J07733 , 1982
GWK60_J07821 , 730
GWK60_J07931 , 1138
GWK60_J08019 , 401
GWK60_J08041 , 938
GWK60_J08063 , 550
GWK60_J08107 , 15
GWK60_J08129 , 197
GWK60_J08151 , 1321
GWK60_J08173 , 2546
GWK60_J08195 , 128
GWK60_J08217 , 3103
GWK60_J08261 , 393
GWK60_J08283 , 71
GWK60_J08305 , 438
GWK60_J08393 , 2
GWK60_J08415 , 1819
GWK60_J08437 , 1275
GWK60_J08525 , 309
GWK60_J08547 , 367
GWK60_J08569 , 92
GWK60_J08613 , 673
GWK60_J08635 , 238
GWK60_J08767 , 712
GWK60_J08833 , 188
GWK60_J08855 , 202
GWK60_J08877 , 1
GWK60_J08921 , 966
GWK60_J08943 , 23
GWK60_J08987 , 1180
GWK60_J09009 , 225
GWK60_J09031 , 4
GWK60_J09053 , 482
GWK60_J09097 , 512
GWK60_J09141 , 966
GWK60_J09163 , 535
GWK60_J09207 , 173
GWK60_J09317 , 134
GWK60_J09471 , 36
GWK60_J09515 , 12691
GWK60_J09537 , 55
GWK60_J09735 , 497
GWK60_J09757 , 546
GWK60_J09779 , 911
GWK60_J09801 , 593
GWK60_J09845 , 305
GWK60_J09889 , 1460
GWK60_J09911 , 229
GWK60_J09933 , 292
GWK60_J09999 , 2
GWK60_J10087 , 52
GWK60_J10153 , 300
GWK60_J10175 , 1076
GWK60_J10197 , 52
GWK60_J10263 , 23
GWK60_J10285 , 2419
GWK60_J10329 , 525
GWK60_J10351 , 245
GWK60_J10461 , 532
GWK60_J10483 , 119
GWK60_J10505 , 12
GWK60_J10571 , 605
GWK60_J10769 , 92
GWK60_J10791 , 839
GWK60_J10813 , 381
GWK60_J10835 , 1360
GWK60_J10967 , 813
GWK60_J11033 , 1756
GWK60_J11099 , 1300
GWK60_J11165 , 5364
GWK60_J11187 , 970
GWK60_J11341 , 410
GWK60_J11407 , 18
GWK60_J11539 , 2093
GWK60_J11561 , 346
GWK60_J11583 , 677
GWK60_J11605 , 350
GWK60_J11693 , 59
GWK60_J11715 , 605
GWK60_J11737 , 363
GWK60_J00055 , 791
GWK60_J00297 , 68
GWK60_J00363 , 225
GWK60_J00583 , 71
GWK60_J00649 , 394
GWK60_J01045 , 65
GWK60_J01199 , 192
GWK60_J01375 , 407
GWK60_J01463 , 155
GWK60_J01485 , 1
GWK60_J01529 , 656
GWK60_J01771 , 307
GWK60_J01815 , 1455
GWK60_J01859 , 559
GWK60_J02057 , 123
GWK60_J02299 , 861
GWK60_J02585 , 497
GWK60_J02959 , 64
GWK60_J03091 , 80
GWK60_J03179 , 675
GWK60_J03201 , 500
GWK60_J03245 , 82
GWK60_J03267 , 3
GWK60_J03355 , 6
GWK60_J03487 , 1174
GWK60_J03553 , 73
GWK60_J03641 , 556
GWK60_J03795 , 49
GWK60_J03949 , 160
GWK60_J04103 , 296
GWK60_J04213 , 1
GWK60_J04411 , 1
GWK60_J04609 , 248
GWK60_J04653 , 31
GWK60_J04719 , 81
GWK60_J04741 , 8
GWK60_J04917 , 33
GWK60_J05467 , 323
GWK60_J05577 , 90
GWK60_J05973 , 1520
GWK60_J06237 , 1043
GWK60_J06259 , 11
GWK60_J06281 , 15
GWK60_J06369 , 700
GWK60_J06391 , 52
GWK60_J06435 , 296
GWK60_J06457 , 525
GWK60_J06743 , 15
GWK60_J07007 , 11
GWK60_J07051 , 5
GWK60_J07205 , 28
GWK60_J07315 , 377
GWK60_J07381 , 64
GWK60_J07711 , 259
GWK60_J08085 , 154
GWK60_J08327 , 1999
GWK60_J08503 , 2089
GWK60_J08745 , 1
GWK60_J08965 , 111
GWK60_J09119 , 583
GWK60_J09229 , 221
GWK60_J09339 , 2
GWK60_J09493 , 198
GWK60_J09581 , 154
GWK60_J09823 , 1
GWK60_J09977 , 219
GWK60_J10021 , 95
GWK60_J10131 , 21
GWK60_J10241 , 513
GWK60_J10527 , 16
GWK60_J10615 , 27
GWK60_J10901 , 519
GWK60_J10923 , 1216
GWK60_J10989 , 1
GWK60_J11143 , 84
GWK60_J11319 , 844
GWK60_J11517 , 141
GWK60_J11627 , 64
GWK60_K00011 , 1053
GWK60_K00077 , 256
GWK60_K00121 , 52
GWK60_K00187 , 1847
GWK60_K00209 , 1480
GWK60_K00231 , 661
GWK60_K00253 , 478
GWK60_K00297 , 7
GWK60_K00319 , 50
GWK60_K00341 , 62
GWK60_K00429 , 5669
GWK60_K00473 , 261
GWK60_K00517 , 6086
GWK60_K00539 , 512
GWK60_K00561 , 56
GWK60_K00583 , 32
GWK60_K00627 , 1626
GWK60_K00649 , 300
GWK60_K00693 , 1573
GWK60_K00759 , 672
GWK60_K00781 , 321
GWK60_K00825 , 2357
GWK60_K00979 , 553
GWK60_K01067 , 2966
GWK60_K01199 , 1273
GWK60_K01309 , 13
GWK60_K01331 , 897
GWK60_K01375 , 760
GWK60_K01485 , 4
GWK60_K01507 , 2727
GWK60_K01573 , 608
GWK60_K01595 , 1910
GWK60_K01617 , 140
GWK60_K01639 , 541
GWK60_K01727 , 180
GWK60_K01749 , 429
GWK60_K01859 , 1
GWK60_K01881 , 1937
GWK60_K01947 , 1633
GWK60_K01991 , 2482
GWK60_K02013 , 1406
GWK60_K02123 , 2791
GWK60_K02145 , 1427
GWK60_K02189 , 2688
GWK60_K02211 , 579
GWK60_K02277 , 2759
GWK60_K02299 , 1076
GWK60_K02321 , 838
GWK60_K02365 , 2741
GWK60_K02409 , 1391
GWK60_K02431 , 78
GWK60_K02475 , 25255
GWK60_K02497 , 2269
GWK60_K02519 , 1345
GWK60_K02541 , 6454
GWK60_K02563 , 678
GWK60_K02585 , 347
GWK60_K02607 , 323
GWK60_K02629 , 8348
GWK60_K02673 , 2639
GWK60_K02695 , 1
GWK60_K02717 , 1057
GWK60_K02739 , 1426
GWK60_K02761 , 19
GWK60_K02783 , 4768
GWK60_K02849 , 1203
GWK60_K02871 , 479
GWK60_K02915 , 1261
GWK60_K02937 , 141
GWK60_K02959 , 4408
GWK60_K03003 , 2196
GWK60_K03025 , 2425
GWK60_K03047 , 36
GWK60_K03069 , 448
GWK60_K03091 , 1057
GWK60_K03135 , 556
GWK60_K03157 , 44
GWK60_K03201 , 7
GWK60_K03223 , 883
GWK60_K03267 , 1482
GWK60_K03289 , 5366
GWK60_K03311 , 2275
GWK60_K03377 , 2236
GWK60_K03465 , 1059
GWK60_K03509 , 6203
GWK60_K03531 , 1770
GWK60_K03553 , 3192
GWK60_K03575 , 897
GWK60_K03619 , 50
GWK60_K03685 , 4052
GWK60_K03707 , 750
GWK60_K03773 , 623
GWK60_K03839 , 762
GWK60_K03883 , 2360
GWK60_K03905 , 4357
GWK60_K04015 , 3261
GWK60_K04037 , 2508
GWK60_K04059 , 627
GWK60_K04081 , 1550
GWK60_K04103 , 677
GWK60_K04125 , 1380
GWK60_K04169 , 503
GWK60_K04191 , 97
GWK60_K04213 , 1259
GWK60_K04235 , 2006
GWK60_K04257 , 256
GWK60_K04279 , 4
GWK60_K04323 , 154
GWK60_K04367 , 1845
GWK60_K04389 , 942
GWK60_K04411 , 486
GWK60_K04433 , 730
GWK60_K04499 , 2851
GWK60_K04521 , 1280
GWK60_K04543 , 90
GWK60_K04587 , 41
GWK60_K04609 , 1696
GWK60_K04653 , 283
GWK60_K04719 , 2038
GWK60_K04741 , 118
GWK60_K04785 , 216
GWK60_K04829 , 125
GWK60_K04851 , 81
GWK60_K04939 , 217
GWK60_K05049 , 4
GWK60_K05071 , 117
GWK60_K05093 , 1055
GWK60_K05115 , 623
GWK60_K05247 , 426
GWK60_K05269 , 91
GWK60_K05401 , 1
GWK60_K05533 , 1564
GWK60_K05577 , 185
GWK60_K05665 , 163
GWK60_K05709 , 5982
GWK60_K05775 , 52
GWK60_K05797 , 318
GWK60_K05863 , 109
GWK60_K05951 , 745
GWK60_K05995 , 550
GWK60_K06083 , 4213
GWK60_K06171 , 390
GWK60_K06281 , 437
GWK60_K06303 , 2098
GWK60_K06325 , 378
GWK60_K06369 , 600
GWK60_K06501 , 4009
GWK60_K06567 , 1956
GWK60_K06589 , 3349
GWK60_K06655 , 235
GWK60_K06721 , 620
GWK60_K06743 , 41
GWK60_K06831 , 5
GWK60_K06985 , 235
GWK60_K07029 , 719
GWK60_K07095 , 498
GWK60_K07117 , 844
GWK60_K07139 , 381
GWK60_K07183 , 2470
GWK60_K07205 , 1005
GWK60_K07293 , 916
GWK60_K07315 , 303
GWK60_K07381 , 530
GWK60_K07403 , 276
GWK60_K07447 , 10
GWK60_K07513 , 1754
GWK60_K07579 , 450
GWK60_K07623 , 82
GWK60_K07689 , 4
GWK60_K07711 , 67
GWK60_K07821 , 98
GWK60_K07843 , 450
GWK60_K07865 , 280
GWK60_K07887 , 800
GWK60_K07909 , 4079
GWK60_K07931 , 1436
GWK60_K07975 , 222
GWK60_K07997 , 1489
GWK60_K08041 , 265
GWK60_K08063 , 682
GWK60_K08085 , 2
GWK60_K08107 , 1135
GWK60_K08129 , 153
GWK60_K08151 , 471
GWK60_K08173 , 259
GWK60_K08261 , 191
GWK60_K08283 , 2068
GWK60_K08349 , 238
GWK60_K08371 , 83
GWK60_K08393 , 16
GWK60_K08437 , 4
GWK60_K08503 , 312
GWK60_K08547 , 382
GWK60_K08591 , 96
GWK60_K08613 , 243
GWK60_K08635 , 1654
GWK60_K08657 , 27
GWK60_K08789 , 616
GWK60_K08855 , 195
GWK60_K08877 , 420
GWK60_K08899 , 3
GWK60_K08943 , 226
GWK60_K08965 , 266
GWK60_K09009 , 1805
GWK60_K09075 , 1
GWK60_K09141 , 1902
GWK60_K09163 , 721
GWK60_K09185 , 268
GWK60_K09229 , 115
GWK60_K09273 , 942
GWK60_K09295 , 6
GWK60_K09405 , 1
GWK60_K09427 , 136
GWK60_K09449 , 212
GWK60_K09471 , 912
GWK60_K09515 , 323
GWK60_K09581 , 385
GWK60_K09625 , 26
GWK60_K09647 , 725
GWK60_K09669 , 1217
GWK60_K09691 , 161
GWK60_K09713 , 124
GWK60_K09735 , 629
GWK60_K09757 , 621
GWK60_K09779 , 738
GWK60_K09801 , 8
GWK60_K09933 , 92
GWK60_K09977 , 17
GWK60_K10043 , 1056
GWK60_K10087 , 428
GWK60_K10131 , 339
GWK60_K10175 , 966
GWK60_K10197 , 641
GWK60_K10263 , 556
GWK60_K10285 , 215
GWK60_K10351 , 1508
GWK60_K10373 , 1462
GWK60_K10395 , 7257
GWK60_K10483 , 77
GWK60_K10505 , 545
GWK60_K10549 , 10670
GWK60_K10615 , 1
GWK60_K10659 , 2613
GWK60_K10703 , 892
GWK60_K10769 , 6
GWK60_K10791 , 149
GWK60_K10813 , 2778
GWK60_K10879 , 112
GWK60_K10901 , 696
GWK60_K11055 , 353
GWK60_K11099 , 20
GWK60_K11275 , 177
GWK60_K11627 , 575
GWK60_K11649 , 586
GWK60_K11671 , 1038
GWK60_K11715 , 84
GWK60_K11759 , 701
GWK60_K11847 , 484
GWK60_K11913 , 1302
GWK60_K12089 , 198
GWK60_K12221 , 152
GWK60_K12287 , 12
GWK60_K12309 , 4551
GWK60_K12485 , 2401
GWK60_K12507 , 551
GWK60_K12551 , 621
GWK60_K12639 , 462
GWK60_K12683 , 5
GWK60_K12705 , 588
GWK60_K12727 , 417
GWK60_K12749 , 1330
GWK60_K12771 , 1158
GWK60_K00407 , 1
GWK60_K00869 , 681
GWK60_K01001 , 518
GWK60_K01045 , 310
GWK60_K01155 , 116
GWK60_K01265 , 1
GWK60_K01287 , 203
GWK60_K01353 , 419
GWK60_K01529 , 1110
GWK60_K01551 , 82
GWK60_K01661 , 1694
GWK60_K01793 , 710
GWK60_K01837 , 33
GWK60_K01925 , 199
GWK60_K02035 , 70
GWK60_K02453 , 565
GWK60_K02805 , 76
GWK60_K02827 , 8
GWK60_K02893 , 301
GWK60_K03179 , 20
GWK60_K03333 , 1
GWK60_K03355 , 1
GWK60_K03421 , 119
GWK60_K03443 , 986
GWK60_K03751 , 365
GWK60_K03817 , 39
GWK60_K03971 , 240
GWK60_K03993 , 1
GWK60_K04455 , 1
GWK60_K04983 , 464
GWK60_K05291 , 500
GWK60_K05423 , 412
GWK60_K05555 , 114
GWK60_K05599 , 686
GWK60_K05731 , 336
GWK60_K05885 , 253
GWK60_K05929 , 32
GWK60_K06127 , 139
GWK60_K06391 , 1
GWK60_K06523 , 15
GWK60_K06545 , 81
GWK60_K06677 , 925
GWK60_K06699 , 3907
GWK60_K06765 , 624
GWK60_K06919 , 367
GWK60_K07271 , 4
GWK60_K07337 , 1477
GWK60_K07359 , 189
GWK60_K07425 , 25
GWK60_K07491 , 349
GWK60_K07601 , 338
GWK60_K07645 , 2
GWK60_K07799 , 1
GWK60_K08305 , 538
GWK60_K08327 , 346
GWK60_K08459 , 1344
GWK60_K08481 , 1093
GWK60_K08569 , 482
GWK60_K08745 , 285
GWK60_K09031 , 292
GWK60_K09493 , 173
GWK60_K09999 , 6
GWK60_K10065 , 263
GWK60_K10109 , 1
GWK60_K10307 , 209
GWK60_K10329 , 116
GWK60_K10417 , 426
GWK60_K10571 , 397
GWK60_K10637 , 17
GWK60_K10725 , 286
GWK60_K10747 , 38
GWK60_K10923 , 4
GWK60_K11231 , 267
GWK60_K11253 , 12
GWK60_K11363 , 286
GWK60_K11385 , 84
GWK60_K11407 , 661
GWK60_K11451 , 38
GWK60_K11803 , 233
GWK60_K11869 , 76
GWK60_K12133 , 93
GWK60_K12177 , 431
GWK60_K12199 , 95
GWK60_K12265 , 1520
GWK60_K12331 , 22
GWK60_K12463 , 581
GWK60_L00011 , 514
GWK60_L00121 , 1
GWK60_L00143 , 485
GWK60_L00209 , 281
GWK60_L00319 , 88
GWK60_L00451 , 4
GWK60_L00473 , 739
GWK60_L00561 , 589
GWK60_L00583 , 223
GWK60_L00627 , 524
GWK60_L00693 , 676
GWK60_L00715 , 648
GWK60_L00737 , 171
GWK60_L00781 , 200
GWK60_L00913 , 6448
GWK60_L00935 , 855
GWK60_L00979 , 1070
GWK60_L01001 , 21
GWK60_L01023 , 915
GWK60_L01089 , 2138
GWK60_L01111 , 21
GWK60_L01133 , 261
GWK60_L01177 , 3303
GWK60_L01353 , 493
GWK60_L01397 , 8
GWK60_L01463 , 711
GWK60_L01485 , 207
GWK60_L01507 , 1165
GWK60_L01573 , 1925
GWK60_L01639 , 665
GWK60_L01683 , 47
GWK60_L01705 , 131
GWK60_L01771 , 427
GWK60_L01837 , 252
GWK60_L01881 , 116
GWK60_L01925 , 28
GWK60_L01947 , 3600
GWK60_L02057 , 178
GWK60_L02079 , 890
GWK60_L02211 , 1
GWK60_L02299 , 9620
GWK60_L02321 , 2688
GWK60_L02343 , 217
GWK60_L02409 , 39
GWK60_L02453 , 204
GWK60_L02519 , 55
GWK60_L02585 , 1023
GWK60_L02607 , 573
GWK60_L02871 , 453
GWK60_L02915 , 637
GWK60_L02937 , 82
GWK60_L03069 , 1427
GWK60_L03201 , 223
GWK60_L03267 , 1934
GWK60_L03289 , 50
GWK60_L03311 , 845
GWK60_L03377 , 469
GWK60_L03553 , 1616
GWK60_L03597 , 139
GWK60_L03641 , 292
GWK60_L03707 , 1502
GWK60_L03729 , 1110
GWK60_L03751 , 1410
GWK60_L03949 , 62
GWK60_L04037 , 341
GWK60_L04125 , 850
GWK60_L04257 , 1455
GWK60_L04301 , 2043
GWK60_L04367 , 297
GWK60_L04521 , 680
GWK60_L04609 , 37
GWK60_L04763 , 8772
GWK60_L04785 , 64
GWK60_L04807 , 1414
GWK60_L04829 , 341
GWK60_L04873 , 35
GWK60_L04917 , 353
GWK60_L04961 , 1766
GWK60_L04983 , 2398
GWK60_L05049 , 370
GWK60_L05071 , 485
GWK60_L05335 , 123
GWK60_L05357 , 67
GWK60_L05423 , 108
GWK60_L05445 , 66
GWK60_L05489 , 517
GWK60_L05533 , 659
GWK60_L05665 , 197
GWK60_L05709 , 182
GWK60_L05841 , 1319
GWK60_L05863 , 447
GWK60_L05929 , 3377
GWK60_L06017 , 499
GWK60_L06061 , 1270
GWK60_L06083 , 96
GWK60_L06215 , 616
GWK60_L06237 , 1281
GWK60_L06347 , 1
GWK60_L06369 , 74
GWK60_L06413 , 357
GWK60_L06435 , 68
GWK60_L06457 , 711
GWK60_L06479 , 634
GWK60_L06501 , 297
GWK60_L06611 , 1801
GWK60_L06633 , 99
GWK60_L06655 , 502
GWK60_L06677 , 2047
GWK60_L06721 , 1
GWK60_L06919 , 382
GWK60_L06985 , 2089
GWK60_L07007 , 484
GWK60_L07095 , 331
GWK60_L07117 , 300
GWK60_L07161 , 133
GWK60_L07227 , 4228
GWK60_L07337 , 1008
GWK60_L07359 , 414
GWK60_L07381 , 441
GWK60_L07425 , 755
GWK60_L07491 , 7
GWK60_L07535 , 1649
GWK60_L07579 , 96
GWK60_L07601 , 109
GWK60_L07667 , 2108
GWK60_L07689 , 2443
GWK60_L07711 , 14
GWK60_L07755 , 4
GWK60_L07777 , 8664
GWK60_L07821 , 435
GWK60_L07931 , 36
GWK60_L07997 , 893
GWK60_L08019 , 1531
GWK60_L08041 , 658
GWK60_L08107 , 206
GWK60_L08151 , 162
GWK60_L08437 , 4142
GWK60_L08525 , 164
GWK60_L08547 , 4431
GWK60_L08569 , 732
GWK60_L08591 , 1165
GWK60_L08723 , 656
GWK60_L08745 , 179
GWK60_L08767 , 1676
GWK60_L08811 , 290
GWK60_L08899 , 379
GWK60_L08965 , 1043
GWK60_L09097 , 534
GWK60_L09163 , 2
GWK60_L09207 , 2809
GWK60_L09251 , 3067
GWK60_L09295 , 78
GWK60_L09339 , 480
GWK60_L09361 , 755
GWK60_L09405 , 38
GWK60_L09449 , 36
GWK60_L09471 , 1835
GWK60_L09493 , 441
GWK60_L09515 , 313
GWK60_L09537 , 539
GWK60_L09559 , 1406
GWK60_L09581 , 317
GWK60_L09625 , 24
GWK60_L09713 , 24
GWK60_L09779 , 348
GWK60_L09801 , 2795
GWK60_L09955 , 2283
GWK60_L10043 , 3526
GWK60_L10109 , 898
GWK60_L10175 , 260
GWK60_L10263 , 667
GWK60_L10285 , 351
GWK60_L10307 , 48
GWK60_L10395 , 461
GWK60_L10417 , 215
GWK60_L10483 , 9
GWK60_L10615 , 3730
GWK60_L10637 , 3219
GWK60_L10659 , 886
GWK60_L10725 , 837
GWK60_L10747 , 1132
GWK60_L10769 , 178
GWK60_L10791 , 365
GWK60_L10813 , 421
GWK60_L10945 , 682
GWK60_L10967 , 993
GWK60_L11055 , 117
GWK60_L11077 , 2
GWK60_L11143 , 391
GWK60_L11187 , 476
GWK60_L11231 , 173
GWK60_L11253 , 980
GWK60_L11275 , 51
GWK60_L11319 , 189
GWK60_L11341 , 5437
GWK60_L11385 , 644
GWK60_L11451 , 101
GWK60_L11473 , 56
GWK60_L11561 , 2019
GWK60_L11627 , 1689
GWK60_L11649 , 5
GWK60_L11715 , 254
GWK60_L11737 , 672
GWK60_L11759 , 1538
GWK60_L11781 , 564
GWK60_L11847 , 4074
GWK60_L11869 , 206
GWK60_L11891 , 412
GWK60_L11935 , 474
GWK60_L11957 , 14741
GWK60_L12023 , 500
GWK60_L12067 , 1066
GWK60_L12089 , 6541
GWK60_L12133 , 36
GWK60_L12177 , 204
GWK60_L12221 , 1
GWK60_L12265 , 825
GWK60_L12353 , 1248
GWK60_L12397 , 2301
GWK60_L12485 , 1367
GWK60_L12507 , 723
GWK60_L12529 , 1
GWK60_L12551 , 118
GWK60_L12573 , 76
GWK60_L12595 , 235
GWK60_L12617 , 13
GWK60_L12639 , 3222
GWK60_L12683 , 1986
GWK60_L12727 , 1917
GWK60_L12793 , 1823
GWK60_L12837 , 2563
GWK60_L12859 , 105
GWK60_L12903 , 2658
GWK60_L12925 , 1064
GWK60_L12947 , 5091
GWK60_L12969 , 3549
GWK60_L13035 , 1937
GWK60_L13057 , 33231
GWK60_L13079 , 22958
GWK60_L13101 , 7418
GWK60_L13123 , 200
GWK60_L13167 , 6128
GWK60_L13189 , 3280
GWK60_L13211 , 482
GWK60_L13255 , 3168
GWK60_L13277 , 5224
GWK60_L13299 , 867
GWK60_L13343 , 1059
GWK60_L13365 , 855
GWK60_L13387 , 1510
GWK60_L13497 , 341
GWK60_L13541 , 315
GWK60_L13563 , 455
GWK60_L13629 , 40
GWK60_L13695 , 880
GWK60_L13739 , 1544
GWK60_L13849 , 56
GWK60_L13893 , 738
GWK60_L13915 , 5352
GWK60_L13937 , 209
GWK60_L13959 , 4678
GWK60_L14047 , 606
GWK60_L14069 , 110
GWK60_L14091 , 51558
GWK60_L14135 , 136
GWK60_L14157 , 101
GWK60_L14201 , 1564
GWK60_L14289 , 637
GWK60_L14333 , 1019
GWK60_L14355 , 34
GWK60_L14487 , 290
GWK60_L14509 , 273
GWK60_L14531 , 62
GWK60_L14553 , 5438
GWK60_L14619 , 522
GWK60_L14663 , 154
GWK60_L14707 , 570
GWK60_L14729 , 21
GWK60_L14751 , 285
GWK60_L14773 , 20254
GWK60_L14839 , 479
GWK60_L14883 , 556
GWK60_L14949 , 1599
GWK60_L15015 , 1319
GWK60_L15037 , 214
GWK60_L15081 , 202
GWK60_L15103 , 59
GWK60_L15125 , 1678
GWK60_L15169 , 235
GWK60_L15279 , 777
GWK60_L15345 , 122
GWK60_L15389 , 386
GWK60_L15411 , 4517
GWK60_L15455 , 269
GWK60_L15543 , 3861
GWK60_L15587 , 49
GWK60_L15697 , 1876
GWK60_L15719 , 601
GWK60_L15741 , 1188
GWK60_L15785 , 4534
GWK60_L15807 , 521
GWK60_L15851 , 178
GWK60_L15917 , 11
GWK60_L15983 , 726
GWK60_L16005 , 990
GWK60_L16049 , 714
GWK60_L16115 , 499
GWK60_L16181 , 1
GWK60_L16225 , 4
GWK60_L16269 , 48
GWK60_L16291 , 2319
GWK60_L16313 , 2122
GWK60_L16357 , 207
GWK60_L16379 , 1337
GWK60_L16423 , 561
GWK60_L16555 , 239
GWK60_L16577 , 201
GWK60_L16687 , 380
GWK60_L16775 , 506
GWK60_L16797 , 1071
GWK60_L16841 , 967
GWK60_L16929 , 375
GWK60_L16951 , 948
GWK60_L16973 , 1745
GWK60_L16995 , 218
GWK60_L17061 , 401
GWK60_L17083 , 1284
GWK60_L17105 , 500
GWK60_L17193 , 555
GWK60_L17237 , 3298
GWK60_L17259 , 855
GWK60_L17281 , 558
GWK60_L00187 , 762
GWK60_L00297 , 928
GWK60_L00649 , 290
GWK60_L00869 , 364
GWK60_L00957 , 168
GWK60_L01221 , 239
GWK60_L01243 , 360
GWK60_L01309 , 2
GWK60_L01441 , 4
GWK60_L01529 , 118
GWK60_L01793 , 2
GWK60_L01815 , 37
GWK60_L01859 , 86
GWK60_L01903 , 1
GWK60_L01969 , 43
GWK60_L02145 , 328
GWK60_L02277 , 1141
GWK60_L02365 , 271
GWK60_L02629 , 287
GWK60_L02651 , 525
GWK60_L02673 , 617
GWK60_L02849 , 130
GWK60_L02893 , 82
GWK60_L02981 , 64
GWK60_L03003 , 10
GWK60_L03223 , 143
GWK60_L03245 , 1
GWK60_L03421 , 3
GWK60_L03443 , 750
GWK60_L03465 , 1454
GWK60_L03487 , 525
GWK60_L03839 , 212
GWK60_L03861 , 161
GWK60_L03993 , 575
GWK60_L04169 , 55
GWK60_L04191 , 66
GWK60_L04345 , 124
GWK60_L04411 , 1
GWK60_L04477 , 178
GWK60_L04697 , 1031
GWK60_L04719 , 60
GWK60_L04741 , 43
GWK60_L05115 , 9
GWK60_L05181 , 113
GWK60_L05203 , 1
GWK60_L05555 , 490
GWK60_L05599 , 4
GWK60_L05951 , 244
GWK60_L05995 , 68
GWK60_L06149 , 186
GWK60_L06325 , 590
GWK60_L06831 , 8
GWK60_L06853 , 237
GWK60_L06963 , 31
GWK60_L07029 , 535
GWK60_L07315 , 352
GWK60_L07645 , 432
GWK60_L07887 , 293
GWK60_L08085 , 15
GWK60_L08283 , 130
GWK60_L08349 , 172
GWK60_L08415 , 38
GWK60_L08635 , 118
GWK60_L08657 , 678
GWK60_L08679 , 265
GWK60_L08877 , 12
GWK60_L09009 , 1
GWK60_L09119 , 67
GWK60_L09141 , 21
GWK60_L09273 , 5
GWK60_L09427 , 121
GWK60_L09647 , 1270
GWK60_L09823 , 380
GWK60_L09889 , 1024
GWK60_L09977 , 1
GWK60_L09999 , 367
GWK60_L10087 , 247
GWK60_L10505 , 728
GWK60_L10527 , 581
GWK60_L10571 , 191
GWK60_L10593 , 87
GWK60_L10703 , 410
GWK60_L10835 , 119
GWK60_L11033 , 3
GWK60_L11209 , 30
GWK60_L11297 , 710
GWK60_L11517 , 1490
GWK60_L11539 , 361
GWK60_L11583 , 401
GWK60_L11825 , 3
GWK60_L11913 , 324
GWK60_L12111 , 198
GWK60_L12155 , 19
GWK60_L12463 , 130
GWK60_L12661 , 80
GWK60_L12705 , 767
GWK60_L12749 , 1
GWK60_L13233 , 61
GWK60_L13805 , 434
GWK60_L14113 , 199
GWK60_L14179 , 36
GWK60_L14223 , 1
GWK60_L14377 , 1114
GWK60_L14399 , 309
GWK60_L14421 , 1
GWK60_L14575 , 94
GWK60_L14817 , 22
GWK60_L14927 , 12
GWK60_L15147 , 16
GWK60_L15257 , 556
GWK60_L15301 , 619
GWK60_L15609 , 103
GWK60_L15675 , 104
GWK60_L16203 , 47
GWK60_L16247 , 99
GWK60_L16511 , 9
GWK60_L16533 , 39
GWK60_L16709 , 20
GWK60_L16819 , 425
GWK60_L17171 , 182
GWK60_M00011 , 1
GWK60_M00077 , 673
GWK60_M00187 , 1310
GWK60_M00209 , 2241
GWK60_M00275 , 2314
GWK60_M00363 , 418
GWK60_M00385 , 498
GWK60_M00495 , 887
GWK60_M00517 , 470
GWK60_M00539 , 211
GWK60_M00605 , 483
GWK60_M00671 , 28
GWK60_M00759 , 116
GWK60_M00803 , 1199
GWK60_M00825 , 909
GWK60_M00869 , 50
GWK60_M00979 , 1330
GWK60_M01155 , 964
GWK60_M01177 , 286
GWK60_M01221 , 1174
GWK60_M01243 , 440
GWK60_M01287 , 21
GWK60_M01353 , 5061
GWK60_M01463 , 422
GWK60_M01529 , 741
GWK60_M01595 , 827
GWK60_M01661 , 1418
GWK60_M01727 , 128
GWK60_M01771 , 32
GWK60_M01815 , 944
GWK60_M01837 , 305
GWK60_M01859 , 35
GWK60_M01903 , 636
GWK60_M01947 , 1259
GWK60_M01991 , 10
GWK60_M02035 , 703
GWK60_M02101 , 3899
GWK60_M02211 , 311
GWK60_M02299 , 141
GWK60_M02409 , 65
GWK60_M02475 , 44
GWK60_M02497 , 774
GWK60_M02541 , 1843
GWK60_M02739 , 283
GWK60_M03003 , 121
GWK60_M03025 , 194
GWK60_M03047 , 536
GWK60_M03135 , 437
GWK60_M03245 , 1
GWK60_M03289 , 1015
GWK60_M03311 , 1
GWK60_M03377 , 2575
GWK60_M03553 , 1598
GWK60_M03575 , 3
GWK60_M03597 , 390
GWK60_M03619 , 793
GWK60_M03663 , 110
GWK60_M03707 , 465
GWK60_M03729 , 1143
GWK60_M03883 , 35
GWK60_M04015 , 1313
GWK60_M04037 , 981
GWK60_M04059 , 640
GWK60_M04103 , 1
GWK60_M04125 , 1094
GWK60_M04147 , 1189
GWK60_M04169 , 259
GWK60_M04213 , 116
GWK60_M04235 , 1117
GWK60_M04257 , 728
GWK60_M04279 , 35
GWK60_M04367 , 83
GWK60_M04411 , 1196
GWK60_M04521 , 11
GWK60_M04587 , 74
GWK60_M04631 , 504
GWK60_M04675 , 51
GWK60_M04785 , 98
GWK60_M04851 , 3
GWK60_M04873 , 1
GWK60_M04917 , 55
GWK60_M05071 , 731
GWK60_M05115 , 584
GWK60_M05225 , 236
GWK60_M05291 , 353
GWK60_M05379 , 713
GWK60_M05401 , 606
GWK60_M05423 , 464
GWK60_M05445 , 222
GWK60_M05467 , 568
GWK60_M05643 , 92
GWK60_M05665 , 268
GWK60_M05753 , 5317
GWK60_M05863 , 487
GWK60_M05907 , 2
GWK60_M05951 , 11
GWK60_M06105 , 28
GWK60_M06149 , 23
GWK60_M06171 , 191
GWK60_M06237 , 414
GWK60_M06281 , 1
GWK60_M06303 , 1097
GWK60_M06325 , 1
GWK60_M06347 , 60
GWK60_M06369 , 52
GWK60_M06413 , 624
GWK60_M06655 , 11
GWK60_M06699 , 32
GWK60_M06743 , 1341
GWK60_M06765 , 792
GWK60_M06875 , 230
GWK60_M06897 , 400
GWK60_M06919 , 316
GWK60_M07029 , 672
GWK60_M07139 , 534
GWK60_M07161 , 1236
GWK60_M07183 , 87
GWK60_M07271 , 2607
GWK60_M07293 , 1457
GWK60_M07315 , 1506
GWK60_M07381 , 1255
GWK60_M07425 , 965
GWK60_M07469 , 681
GWK60_M07513 , 433
GWK60_M07535 , 947
GWK60_M07557 , 978
GWK60_M07601 , 3410
GWK60_M07623 , 2614
GWK60_M07711 , 1137
GWK60_M07755 , 290
GWK60_M07799 , 743
GWK60_M07909 , 3606
GWK60_M07975 , 825
GWK60_M08019 , 804
GWK60_M08041 , 1147
GWK60_M08107 , 296
GWK60_M08151 , 284
GWK60_M08195 , 624
GWK60_M08305 , 1020
GWK60_M08327 , 530
GWK60_M08349 , 786
GWK60_M08371 , 539
GWK60_M08415 , 47
GWK60_M08437 , 2166
GWK60_M08459 , 2308
GWK60_M08481 , 13579
GWK60_M08525 , 8427
GWK60_M08547 , 144
GWK60_M08569 , 1400
GWK60_M08613 , 502
GWK60_M08635 , 1011
GWK60_M08657 , 195
GWK60_M08701 , 1083
GWK60_M08723 , 293
GWK60_M08745 , 1951
GWK60_M08767 , 4622
GWK60_M08789 , 1187
GWK60_M08811 , 1362
GWK60_M08899 , 1507
GWK60_M08965 , 1653
GWK60_M08987 , 810
GWK60_M09031 , 405
GWK60_M09053 , 251
GWK60_M09141 , 993
GWK60_M09163 , 2465
GWK60_M09185 , 244
GWK60_M09207 , 2161
GWK60_M09273 , 88
GWK60_M09317 , 1089
GWK60_M09339 , 495
GWK60_M09383 , 1409
GWK60_M09471 , 1730
GWK60_M09581 , 1934
GWK60_M09603 , 1527
GWK60_M09625 , 1081
GWK60_M09647 , 22
GWK60_M09669 , 181
GWK60_M09713 , 1056
GWK60_M09757 , 130
GWK60_M09779 , 1046
GWK60_M09823 , 630
GWK60_M09955 , 146271
GWK60_M09977 , 1787
GWK60_M10021 , 1801
GWK60_M10043 , 354
GWK60_M10109 , 1185
GWK60_M10131 , 5171
GWK60_M10175 , 2162
GWK60_M10241 , 293
GWK60_M10263 , 1377
GWK60_M10307 , 136
GWK60_M10373 , 11438
GWK60_M10395 , 1688
GWK60_M10417 , 11195
GWK60_M10439 , 3354
GWK60_M10461 , 5311
GWK60_M10505 , 62
GWK60_M10527 , 2773
GWK60_M10549 , 492
GWK60_M10571 , 2998
GWK60_M10637 , 2
GWK60_M10681 , 819
GWK60_M10703 , 561
GWK60_M10725 , 1706
GWK60_M10747 , 15790
GWK60_M10813 , 2886
GWK60_M10835 , 1
GWK60_M10857 , 1763
GWK60_M10923 , 792
GWK60_M10945 , 185
GWK60_M10967 , 1590
GWK60_M11077 , 288
GWK60_M11099 , 169
GWK60_M11165 , 3685
GWK60_M11187 , 935
GWK60_M11231 , 181
GWK60_M11253 , 846
GWK60_M11319 , 3787
GWK60_M11341 , 1052
GWK60_M11363 , 2824
GWK60_M11385 , 3351
GWK60_M11473 , 538
GWK60_M11561 , 11
GWK60_M11627 , 5
GWK60_M11649 , 3594
GWK60_M11671 , 2674
GWK60_M11715 , 801
GWK60_M11737 , 2301
GWK60_M11891 , 1094
GWK60_M11935 , 805
GWK60_M12023 , 925
GWK60_M12067 , 118
GWK60_M12133 , 5
GWK60_M12265 , 161
GWK60_M12309 , 3996
GWK60_M12331 , 1
GWK60_M12375 , 1640
GWK60_M12397 , 1
GWK60_M12419 , 103
GWK60_M12551 , 41
GWK60_M12595 , 756
GWK60_M12639 , 147
GWK60_M12683 , 234
GWK60_M12727 , 996
GWK60_M12771 , 1
GWK60_M12837 , 6344
GWK60_M12947 , 1647
GWK60_M12991 , 1498
GWK60_M13013 , 849
GWK60_M13123 , 252
GWK60_M13211 , 336
GWK60_M13255 , 2536
GWK60_M13299 , 1768
GWK60_M13343 , 59
GWK60_M13409 , 4
GWK60_M13431 , 670
GWK60_M13475 , 1177
GWK60_M13629 , 151
GWK60_M13651 , 1732
GWK60_M13673 , 582
GWK60_M13695 , 192
GWK60_M13739 , 309
GWK60_M13761 , 942
GWK60_M13981 , 257
GWK60_M14003 , 1193
GWK60_M14025 , 915
GWK60_M14047 , 756
GWK60_M00121 , 148
GWK60_M00143 , 4
GWK60_M00253 , 1539
GWK60_M00407 , 6
GWK60_M00429 , 276
GWK60_M00451 , 919
GWK60_M00473 , 1681
GWK60_M00583 , 27
GWK60_M01133 , 70
GWK60_M01397 , 27
GWK60_M01573 , 17
GWK60_M01617 , 2641
GWK60_M01639 , 37
GWK60_M01793 , 274
GWK60_M01881 , 763
GWK60_M01925 , 136
GWK60_M02145 , 49
GWK60_M02233 , 872
GWK60_M02255 , 698
GWK60_M02343 , 64
GWK60_M02365 , 484
GWK60_M02453 , 148
GWK60_M02607 , 133
GWK60_M02761 , 234
GWK60_M02805 , 11
GWK60_M02849 , 604
GWK60_M02893 , 233
GWK60_M02937 , 8
GWK60_M03069 , 2
GWK60_M03091 , 544
GWK60_M03223 , 4
GWK60_M03355 , 1
GWK60_M03465 , 25
GWK60_M03751 , 66
GWK60_M03817 , 748
GWK60_M03861 , 203
GWK60_M04191 , 135
GWK60_M04323 , 1017
GWK60_M04345 , 113
GWK60_M04433 , 656
GWK60_M04477 , 264
GWK60_M05049 , 12
GWK60_M05093 , 20
GWK60_M05247 , 49
GWK60_M05511 , 1
GWK60_M05555 , 33
GWK60_M05577 , 1
GWK60_M05775 , 101
GWK60_M05885 , 99
GWK60_M05929 , 773
GWK60_M06479 , 92
GWK60_M06501 , 416
GWK60_M06545 , 263
GWK60_M06589 , 89
GWK60_M06611 , 180
GWK60_M06721 , 1
GWK60_M06985 , 11
GWK60_M07007 , 1087
GWK60_M07051 , 472
GWK60_M07117 , 3
GWK60_M07645 , 217
GWK60_M08129 , 1
GWK60_M08239 , 5
GWK60_M08261 , 178
GWK60_M08679 , 1
GWK60_M08877 , 1
GWK60_M09119 , 3315
GWK60_M09229 , 2134
GWK60_M09251 , 265
GWK60_M09427 , 7
GWK60_M09449 , 407
GWK60_M09559 , 165
GWK60_M09691 , 98
GWK60_M09867 , 399
GWK60_M09911 , 418
GWK60_M09933 , 280
GWK60_M09999 , 153
GWK60_M10153 , 77
GWK60_M10219 , 42
GWK60_M10285 , 839
GWK60_M10593 , 297
GWK60_M10659 , 236
GWK60_M11121 , 285
GWK60_M11143 , 6
GWK60_M11209 , 178
GWK60_M11275 , 241
GWK60_M11605 , 79
GWK60_M11759 , 539
GWK60_M11979 , 352
GWK60_M12089 , 131
GWK60_M12155 , 586
GWK60_M12199 , 58
GWK60_M12243 , 407
GWK60_M12463 , 2
GWK60_M12485 , 747
GWK60_M12617 , 1
GWK60_M12661 , 20
GWK60_M13079 , 58
GWK60_M13101 , 2130
GWK60_M13145 , 514
GWK60_M13167 , 149
GWK60_M13277 , 341
GWK60_M13497 , 238
GWK60_M13541 , 39
GWK60_M13563 , 307
GWK60_M13585 , 604
GWK60_M13717 , 934
GWK60_M13783 , 298
GWK60_M13849 , 704
GWK60_M13871 , 486
GWK60_M13915 , 21
GWK60_M13959 , 181
