GWK60_A00055 , 1
GWK60_A00121 , 2457
GWK60_A00143 , 1
GWK60_A00165 , 576
GWK60_A00209 , 37
GWK60_A00231 , 1740
GWK60_A00253 , 3572
GWK60_A00275 , 8216
GWK60_A00341 , 298
GWK60_A00363 , 2814
GWK60_A00385 , 1
GWK60_A00407 , 20540
GWK60_A00429 , 1103
GWK60_A00451 , 56148
GWK60_A00473 , 990
GWK60_A00495 , 27
GWK60_A00517 , 316
GWK60_A00539 , 29
GWK60_A00561 , 2023
GWK60_A00583 , 3698
GWK60_A00605 , 4696
GWK60_A00627 , 2958
GWK60_A00649 , 33619
GWK60_A00671 , 20693
GWK60_A00715 , 1
GWK60_A00759 , 1667
GWK60_A00781 , 495
GWK60_A00803 , 1594
GWK60_A00825 , 1
GWK60_A00847 , 382
GWK60_A00891 , 44734
GWK60_A00913 , 2326
GWK60_A00935 , 2390
GWK60_A00957 , 7973
GWK60_A00979 , 584
GWK60_A01023 , 3343
GWK60_A01067 , 575
GWK60_A01089 , 13078
GWK60_A01111 , 32672
GWK60_A01133 , 5967
GWK60_A01155 , 1841
GWK60_A01177 , 3242
GWK60_A01199 , 1012
GWK60_A01221 , 3350
GWK60_A01243 , 2070
GWK60_A01265 , 6628
GWK60_A01287 , 674
GWK60_A01397 , 1
GWK60_A01419 , 1635
GWK60_A01441 , 16404
GWK60_A01507 , 7865
GWK60_A01529 , 12
GWK60_A01595 , 2856
GWK60_A01617 , 1522
GWK60_A01639 , 7365
GWK60_A01661 , 738
GWK60_A01683 , 820
GWK60_A01837 , 765
GWK60_A01969 , 1772
GWK60_A02035 , 3773
GWK60_A02057 , 964
GWK60_A02079 , 12241
GWK60_A02101 , 147
GWK60_A02123 , 3883
GWK60_A02167 , 264
GWK60_A02233 , 1
GWK60_A02255 , 6
GWK60_A02299 , 88
GWK60_A02475 , 482
GWK60_A02585 , 813
GWK60_A02651 , 1060
GWK60_A02739 , 130
GWK60_A02915 , 6728
GWK60_A02937 , 5409
GWK60_A02981 , 14592
GWK60_A03069 , 5112
GWK60_A03179 , 12435
GWK60_A03245 , 433
GWK60_A03289 , 16
GWK60_A03311 , 39
GWK60_A03333 , 2
GWK60_A03355 , 1049
GWK60_A03377 , 9724
GWK60_A03685 , 1505
GWK60_A03795 , 1075
GWK60_A03817 , 229
GWK60_A04081 , 3659
GWK60_A04169 , 2174
GWK60_A04191 , 1991
GWK60_A04235 , 910
GWK60_A04279 , 298
GWK60_A04301 , 1047
GWK60_A04323 , 3906
GWK60_A04345 , 95
GWK60_A04367 , 595
GWK60_A04499 , 20
GWK60_A04609 , 1
GWK60_A04631 , 1490
GWK60_A04675 , 995
GWK60_A04697 , 896
GWK60_A00033 , 254
GWK60_A01045 , 659
GWK60_A01331 , 53
GWK60_A01463 , 3546
GWK60_A01573 , 171
GWK60_A01705 , 1070
GWK60_A01815 , 258
GWK60_A01859 , 61
GWK60_A01947 , 93
GWK60_A01991 , 282
GWK60_A02277 , 366
GWK60_A02387 , 3854
GWK60_A02673 , 2156
GWK60_A02695 , 550
GWK60_A02959 , 69
GWK60_A03003 , 917
GWK60_A03025 , 1
GWK60_A03201 , 1
GWK60_A03223 , 794
GWK60_A03421 , 845
GWK60_A03553 , 404
GWK60_A03619 , 700
GWK60_A03641 , 135
GWK60_A03729 , 76
GWK60_A03883 , 65
GWK60_A03905 , 1
GWK60_A03971 , 382
GWK60_A04015 , 963
GWK60_A04147 , 345
GWK60_A04213 , 1
GWK60_A04257 , 1
GWK60_B00143 , 1
GWK60_B00253 , 1119
GWK60_B00297 , 1119
GWK60_B00363 , 1071
GWK60_B00385 , 109
GWK60_B00473 , 368
GWK60_B00517 , 1563
GWK60_B00583 , 845
GWK60_B00605 , 628
GWK60_B00627 , 374
GWK60_B00671 , 105
GWK60_B00693 , 1560
GWK60_B00737 , 5784
GWK60_B00781 , 83
GWK60_B00803 , 1702
GWK60_B00847 , 895
GWK60_B00891 , 1297
GWK60_B00913 , 1249
GWK60_B00957 , 3754
GWK60_B01089 , 138
GWK60_B01133 , 800
GWK60_B01287 , 240
GWK60_B01309 , 68
GWK60_B01419 , 325
GWK60_B01507 , 1292
GWK60_B01529 , 1
GWK60_B01573 , 504
GWK60_B01595 , 1
GWK60_B01771 , 681
GWK60_B01815 , 3351
GWK60_B01837 , 1378
GWK60_B01859 , 517
GWK60_B01925 , 1114
GWK60_B01947 , 89
GWK60_B01969 , 633
GWK60_B01991 , 836
GWK60_B02057 , 44
GWK60_B02145 , 2056
GWK60_B02167 , 26
GWK60_B02233 , 4097
GWK60_B02277 , 6127
GWK60_B02321 , 18692
GWK60_B02409 , 4154
GWK60_B02431 , 2895
GWK60_B02475 , 975
GWK60_B02585 , 93
GWK60_B02695 , 613
GWK60_B02717 , 36476
GWK60_B02739 , 485
GWK60_B02761 , 1286
GWK60_B02783 , 10592
GWK60_B02805 , 324
GWK60_B02827 , 10213
GWK60_B02849 , 1974
GWK60_B02871 , 10877
GWK60_B02893 , 1
GWK60_B02915 , 1404
GWK60_B02937 , 2335
GWK60_B02959 , 715
GWK60_B03003 , 28
GWK60_B03025 , 746
GWK60_B03091 , 107
GWK60_B03135 , 1667
GWK60_B03157 , 170
GWK60_B03223 , 2238
GWK60_B03245 , 5421
GWK60_B03267 , 1232
GWK60_B03333 , 10273
GWK60_B03355 , 21725
GWK60_B03377 , 1
GWK60_B03443 , 40
GWK60_B03509 , 49497
GWK60_B03531 , 31719
GWK60_B03641 , 77230
GWK60_B03663 , 21585
GWK60_B03685 , 231
GWK60_B03707 , 1950
GWK60_B03729 , 830
GWK60_B03773 , 188
GWK60_B03817 , 3275
GWK60_B03839 , 1983
GWK60_B03883 , 8
GWK60_B03927 , 1192
GWK60_B03971 , 1275
GWK60_B04015 , 982
GWK60_B04059 , 6275
GWK60_B04081 , 1306
GWK60_B04103 , 2507
GWK60_B04125 , 2
GWK60_B04147 , 5027
GWK60_B04169 , 4635
GWK60_B04191 , 5536
GWK60_B04213 , 1190
GWK60_B04235 , 1531
GWK60_B04257 , 9274
GWK60_B04279 , 1416
GWK60_B04301 , 1202
GWK60_B04323 , 4982
GWK60_B04345 , 3625
GWK60_B04411 , 16662
GWK60_B04433 , 5981
GWK60_B04455 , 8343
GWK60_B04499 , 4808
GWK60_B04521 , 9025
GWK60_B04543 , 1935
GWK60_B04565 , 13176
GWK60_B04587 , 1558
GWK60_B04609 , 6938
GWK60_B04631 , 7156
GWK60_B04653 , 2337
GWK60_B04675 , 2326
GWK60_B04697 , 4507
GWK60_B04719 , 355
GWK60_B04741 , 4230
GWK60_B04763 , 752
GWK60_B04785 , 831
GWK60_B04807 , 2062
GWK60_B04829 , 653
GWK60_B04873 , 13
GWK60_B04895 , 5108
GWK60_B04917 , 3
GWK60_B00011 , 1
GWK60_B00033 , 2086
GWK60_B00407 , 98
GWK60_B00429 , 152
GWK60_B00561 , 96
GWK60_B01001 , 1
GWK60_B01243 , 2284
GWK60_B01397 , 621
GWK60_B01441 , 1
GWK60_B01551 , 338
GWK60_B02189 , 495
GWK60_B02255 , 203
GWK60_B02629 , 366
GWK60_B02651 , 38
GWK60_B02981 , 969
GWK60_B03201 , 1303
GWK60_B03465 , 1
GWK60_B03861 , 147
GWK60_B03949 , 3
GWK60_B04851 , 815
GWK60_C00077 , 2002
GWK60_C00099 , 551
GWK60_C00209 , 771
GWK60_C00231 , 1360
GWK60_C00341 , 5110
GWK60_C00363 , 4102
GWK60_C00407 , 197
GWK60_C00627 , 2170
GWK60_C00671 , 1614
GWK60_C00693 , 18709
GWK60_C00715 , 210
GWK60_C00803 , 1114
GWK60_C00957 , 323
GWK60_C00979 , 3
GWK60_C01045 , 1698
GWK60_C01067 , 569
GWK60_C01111 , 408
GWK60_C01155 , 1097
GWK60_C01177 , 19167
GWK60_C01199 , 915
GWK60_C01287 , 3279
GWK60_C01375 , 944
GWK60_C01397 , 806
GWK60_C01419 , 2258
GWK60_C01617 , 2275
GWK60_C01639 , 3013
GWK60_C01683 , 1020
GWK60_C01727 , 1
GWK60_C01771 , 10151
GWK60_C01815 , 514
GWK60_C01837 , 1814
GWK60_C01859 , 1378
GWK60_C01991 , 12230
GWK60_C02013 , 407
GWK60_C02035 , 2199
GWK60_C02123 , 8885
GWK60_C02167 , 324
GWK60_C02211 , 827
GWK60_C02255 , 635
GWK60_C02343 , 1
GWK60_C02365 , 591
GWK60_C02387 , 1145
GWK60_C02409 , 696
GWK60_C02431 , 418
GWK60_C02453 , 159
GWK60_C02541 , 3454
GWK60_C02585 , 7315
GWK60_C02717 , 3370
GWK60_C02805 , 2652
GWK60_C02827 , 3974
GWK60_C02849 , 21295
GWK60_C02871 , 1643
GWK60_C02893 , 2749
GWK60_C02915 , 56
GWK60_C02937 , 1702
GWK60_C02959 , 2069
GWK60_C03025 , 166
GWK60_C03047 , 780
GWK60_C03091 , 1174
GWK60_C03157 , 1521
GWK60_C03179 , 4464
GWK60_C03201 , 26780
GWK60_C03223 , 25547
GWK60_C03311 , 1151
GWK60_C03355 , 1834
GWK60_C03377 , 37960
GWK60_C03443 , 529
GWK60_C03487 , 651
GWK60_C03509 , 2978
GWK60_C03531 , 4937
GWK60_C03553 , 1449
GWK60_C03597 , 3891
GWK60_C03641 , 2215
GWK60_C03707 , 115
GWK60_C03729 , 3872
GWK60_C03773 , 513
GWK60_C03861 , 12968
GWK60_C03883 , 3596
GWK60_C03927 , 147
GWK60_C03993 , 5138
GWK60_C04015 , 3470
GWK60_C04059 , 24475
GWK60_C04103 , 4403
GWK60_C04125 , 5151
GWK60_C04147 , 1511
GWK60_C04169 , 26
GWK60_C04213 , 3167
GWK60_C04235 , 3
GWK60_C04257 , 81828
GWK60_C04279 , 30176
GWK60_C04367 , 42031
GWK60_C04389 , 8854
GWK60_C04411 , 5079
GWK60_C04455 , 1273
GWK60_C04477 , 29135
GWK60_C04543 , 2143
GWK60_C04565 , 3111
GWK60_C04587 , 786
GWK60_C04631 , 6164
GWK60_C04653 , 3263
GWK60_C04675 , 2718
GWK60_C04697 , 938
GWK60_C04719 , 5414
GWK60_C04741 , 334
GWK60_C04829 , 140
GWK60_C04873 , 1477
GWK60_C04895 , 4567
GWK60_C04917 , 253
GWK60_C04939 , 1651
GWK60_C05005 , 783
GWK60_C05049 , 4759
GWK60_C05071 , 2215
GWK60_C05115 , 2494
GWK60_C00121 , 1094
GWK60_C00253 , 1533
GWK60_C00275 , 24
GWK60_C00451 , 1
GWK60_C00495 , 1284
GWK60_C00605 , 1
GWK60_C00759 , 115
GWK60_C00847 , 1
GWK60_C00869 , 6212
GWK60_C00891 , 579
GWK60_C00935 , 503
GWK60_C01001 , 14
GWK60_C01265 , 1633
GWK60_C01309 , 1730
GWK60_C01441 , 71
GWK60_C01463 , 1
GWK60_C01749 , 820
GWK60_C01881 , 979
GWK60_C01925 , 4899
GWK60_C02233 , 482
GWK60_C02299 , 1
GWK60_C02497 , 1
GWK60_C02519 , 95
GWK60_C02695 , 1
GWK60_C02761 , 25
GWK60_C03113 , 2030
GWK60_C03267 , 534
GWK60_C03289 , 1838
GWK60_C03465 , 712
GWK60_C03575 , 194
GWK60_C03685 , 25
GWK60_C03795 , 1533
GWK60_C03971 , 1
GWK60_C04191 , 2
GWK60_C04521 , 128
GWK60_C04609 , 160
GWK60_C04785 , 16
GWK60_C04807 , 586
GWK60_C04851 , 22
GWK60_C04983 , 228
GWK60_C05093 , 714
GWK60_D00055 , 71164
GWK60_D00143 , 69
GWK60_D00187 , 576
GWK60_D00209 , 751
GWK60_D00253 , 935
GWK60_D00341 , 53
GWK60_D00473 , 221
GWK60_D00495 , 2208
GWK60_D00517 , 1513
GWK60_D00561 , 697
GWK60_D00605 , 24251
GWK60_D00693 , 976
GWK60_D00759 , 23
GWK60_D00781 , 4502
GWK60_D00869 , 2346
GWK60_D00935 , 15
GWK60_D01045 , 227
GWK60_D01067 , 706
GWK60_D01089 , 406
GWK60_D01155 , 6800
GWK60_D01199 , 85
GWK60_D01265 , 1
GWK60_D01309 , 1184
GWK60_D01331 , 1830
GWK60_D01353 , 9848
GWK60_D01397 , 2790
GWK60_D01485 , 10
GWK60_D01507 , 1557
GWK60_D01551 , 634
GWK60_D01595 , 141
GWK60_D01639 , 1436
GWK60_D01793 , 24
GWK60_D01815 , 1156
GWK60_D01903 , 541
GWK60_D01947 , 2492
GWK60_D02013 , 4037
GWK60_D02079 , 1542
GWK60_D02101 , 2305
GWK60_D02211 , 566
GWK60_D02431 , 2284
GWK60_D02563 , 1
GWK60_D02673 , 553
GWK60_D02893 , 210
GWK60_D02959 , 5689
GWK60_D03047 , 1149
GWK60_D03091 , 27897
GWK60_D03201 , 537
GWK60_D03355 , 2332
GWK60_D03377 , 849
GWK60_D03399 , 122
GWK60_D03487 , 2440
GWK60_D03509 , 890
GWK60_D03597 , 1
GWK60_D03619 , 3596
GWK60_D03773 , 4679
GWK60_D03839 , 2965
GWK60_D03861 , 261
GWK60_D04037 , 3817
GWK60_D04103 , 682
GWK60_D04147 , 287
GWK60_D04169 , 1
GWK60_D04191 , 1608
GWK60_D04301 , 2778
GWK60_D04389 , 369
GWK60_D04477 , 4246
GWK60_D04499 , 1767
GWK60_D04521 , 19768
GWK60_D04631 , 1581
GWK60_D04675 , 247
GWK60_D04697 , 3313
GWK60_D04807 , 743
GWK60_D04851 , 4854
GWK60_D04873 , 1185
GWK60_D04895 , 1331
GWK60_D04939 , 1367
GWK60_D04961 , 1
GWK60_D04983 , 1
GWK60_D05027 , 2406
GWK60_D05269 , 3775
GWK60_D05291 , 974
GWK60_D05313 , 293
GWK60_D05335 , 2556
GWK60_D05357 , 1795
GWK60_D05379 , 721
GWK60_D05423 , 2630
GWK60_D05467 , 6763
GWK60_D05621 , 1
GWK60_D05731 , 1457
GWK60_D05753 , 3162
GWK60_D05797 , 2424
GWK60_D05819 , 640
GWK60_D05841 , 2432
GWK60_D05863 , 1384
GWK60_D05907 , 2232
GWK60_D05951 , 673
GWK60_D05973 , 4089
GWK60_D05995 , 6366
GWK60_D06017 , 7770
GWK60_D06039 , 511
GWK60_D06061 , 13770
GWK60_D06083 , 14468
GWK60_D06127 , 1120
GWK60_D06171 , 5135
GWK60_D06215 , 6923
GWK60_D06237 , 1
GWK60_D06325 , 1848
GWK60_D06347 , 960
GWK60_D06391 , 5721
GWK60_D06413 , 9191
GWK60_D06435 , 668
GWK60_D06501 , 1077
GWK60_D06523 , 807
GWK60_D06545 , 127
GWK60_D06567 , 42368
GWK60_D06589 , 10457
GWK60_D06655 , 812
GWK60_D06677 , 1344
GWK60_D06699 , 463
GWK60_D06721 , 4051
GWK60_D06765 , 2319
GWK60_D06787 , 809
GWK60_D06809 , 245
GWK60_D06853 , 3500
GWK60_D00011 , 3
GWK60_D00033 , 1350
GWK60_D00671 , 107
GWK60_D00825 , 173
GWK60_D01287 , 1854
GWK60_D01375 , 1
GWK60_D01441 , 108
GWK60_D01683 , 206
GWK60_D01727 , 1481
GWK60_D01881 , 128
GWK60_D01925 , 1251
GWK60_D01969 , 307
GWK60_D02057 , 129
GWK60_D02167 , 1
GWK60_D02343 , 397
GWK60_D02387 , 694
GWK60_D02453 , 479
GWK60_D02475 , 6
GWK60_D02629 , 22
GWK60_D02651 , 56
GWK60_D02695 , 643
GWK60_D02717 , 805
GWK60_D02783 , 98
GWK60_D03069 , 5
GWK60_D03751 , 1
GWK60_D03817 , 211
GWK60_D03905 , 630
GWK60_D03993 , 11
GWK60_D04059 , 2
GWK60_D04235 , 2476
GWK60_D04257 , 655
GWK60_D04719 , 1331
GWK60_D04741 , 295
GWK60_D04763 , 1
GWK60_D04917 , 1781
GWK60_D05159 , 38
GWK60_D05247 , 7208
GWK60_D05401 , 1
GWK60_D05533 , 187
GWK60_D05643 , 1
GWK60_D05687 , 105
GWK60_D05885 , 55
GWK60_D06743 , 622
GWK60_D06875 , 242
GWK60_D06897 , 1
GWK60_E00055 , 1987
GWK60_E00077 , 286
GWK60_E00165 , 45
GWK60_E00187 , 378
GWK60_E00253 , 600
GWK60_E00429 , 2422
GWK60_E00495 , 29
GWK60_E00517 , 1
GWK60_E00583 , 7696
GWK60_E00605 , 217
GWK60_E00649 , 1546
GWK60_E00693 , 165
GWK60_E00825 , 6
GWK60_E00979 , 2325
GWK60_E01001 , 3515
GWK60_E01023 , 3060
GWK60_E01045 , 2226
GWK60_E01067 , 305
GWK60_E01089 , 12200
GWK60_E01177 , 833
GWK60_E01199 , 1761
GWK60_E01243 , 9047
GWK60_E01265 , 432
GWK60_E01419 , 1990
GWK60_E01441 , 10193
GWK60_E01485 , 6067
GWK60_E01507 , 8805
GWK60_E01529 , 857
GWK60_E01573 , 1827
GWK60_E01595 , 4070
GWK60_E01617 , 2337
GWK60_E01639 , 8721
GWK60_E01661 , 5085
GWK60_E01683 , 956
GWK60_E01705 , 663
GWK60_E01727 , 1656
GWK60_E01749 , 6605
GWK60_E01793 , 5904
GWK60_E01815 , 5566
GWK60_E01837 , 825
GWK60_E01903 , 5538
GWK60_E01925 , 311
GWK60_E01947 , 1530
GWK60_E01969 , 2988
GWK60_E01991 , 1255
GWK60_E02013 , 25652
GWK60_E02035 , 2860
GWK60_E02057 , 1467
GWK60_E02123 , 6430
GWK60_E02189 , 1475
GWK60_E02211 , 609
GWK60_E02233 , 2088
GWK60_E02277 , 3646
GWK60_E02299 , 8403
GWK60_E02321 , 2919
GWK60_E02343 , 920
GWK60_E02365 , 582
GWK60_E02409 , 1266
GWK60_E02431 , 7324
GWK60_E02475 , 1100
GWK60_E02497 , 411
GWK60_E02519 , 3604
GWK60_E02541 , 2712
GWK60_E02563 , 4660
GWK60_E02585 , 6497
GWK60_E02629 , 2789
GWK60_E02651 , 3300
GWK60_E02673 , 2
GWK60_E02695 , 2596
GWK60_E02739 , 801
GWK60_E02761 , 620
GWK60_E02783 , 3006
GWK60_E02805 , 1183
GWK60_E02827 , 3645
GWK60_E02849 , 1
GWK60_E02871 , 1150
GWK60_E02893 , 3687
GWK60_E02915 , 2380
GWK60_E03091 , 60
GWK60_E03135 , 40
GWK60_E03267 , 876
GWK60_E03311 , 245
GWK60_E03333 , 14
GWK60_E03355 , 2416
GWK60_E03377 , 920
GWK60_E03399 , 6147
GWK60_E03421 , 744
GWK60_E03487 , 5879
GWK60_E03509 , 2
GWK60_E03531 , 4325
GWK60_E03619 , 1991
GWK60_E03685 , 116
GWK60_E03707 , 1834
GWK60_E03773 , 723
GWK60_E03795 , 1786
GWK60_E03817 , 2003
GWK60_E03861 , 307
GWK60_E03971 , 343
GWK60_E03993 , 351
GWK60_E04037 , 9259
GWK60_E04059 , 8807
GWK60_E04103 , 595
GWK60_E04191 , 27
GWK60_E04257 , 108
GWK60_E04323 , 9281
GWK60_E04345 , 678
GWK60_E04389 , 486
GWK60_E04477 , 4214
GWK60_E04609 , 56562
GWK60_E04653 , 1038
GWK60_E04763 , 117
GWK60_E04785 , 242
GWK60_E04851 , 398
GWK60_E04895 , 736
GWK60_E04939 , 218
GWK60_E04983 , 567
GWK60_E05093 , 2474
GWK60_E05115 , 750
GWK60_E05159 , 17
GWK60_E05247 , 3571
GWK60_E05269 , 800
GWK60_E05291 , 800
GWK60_E05313 , 3592
GWK60_E05357 , 69
GWK60_E05467 , 2325
GWK60_E05577 , 617
GWK60_E05599 , 3648
GWK60_E05621 , 4030
GWK60_E05863 , 6439
GWK60_E05885 , 2627
GWK60_E06039 , 4433
GWK60_E06061 , 104
GWK60_E06149 , 489
GWK60_E00275 , 996
GWK60_E00341 , 1
GWK60_E00363 , 2
GWK60_E00473 , 1064
GWK60_E00627 , 1828
GWK60_E00759 , 80
GWK60_E00781 , 1263
GWK60_E00803 , 1
GWK60_E00935 , 359
GWK60_E01287 , 22
GWK60_E01551 , 32
GWK60_E02079 , 2897
GWK60_E02453 , 575
GWK60_E02981 , 9
GWK60_E03003 , 2
GWK60_E03157 , 440
GWK60_E03223 , 584
GWK60_E03443 , 352
GWK60_E03465 , 10
GWK60_E03553 , 1075
GWK60_E03597 , 155
GWK60_E03641 , 1
GWK60_E03729 , 2
GWK60_E03839 , 2176
GWK60_E03883 , 20
GWK60_E04213 , 379
GWK60_E04411 , 60
GWK60_E04499 , 1
GWK60_E04587 , 1
GWK60_E04631 , 1
GWK60_E04697 , 5
GWK60_E04741 , 1243
GWK60_E04807 , 5
GWK60_E04917 , 635
GWK60_E04961 , 30
GWK60_E05027 , 202
GWK60_E05181 , 764
GWK60_E05203 , 825
GWK60_E05555 , 203
GWK60_E05643 , 31
GWK60_E05665 , 1512
GWK60_E05731 , 54
GWK60_E05753 , 423
GWK60_E05907 , 16
GWK60_E05929 , 1
GWK60_E06083 , 1
GWK60_E06105 , 652
GWK60_E06215 , 791
GWK60_E06237 , 233
GWK60_F00055 , 16
GWK60_F00121 , 264
GWK60_F00165 , 60
GWK60_F00209 , 3692
GWK60_F00297 , 2679
GWK60_F00451 , 364
GWK60_F00495 , 3986
GWK60_F00627 , 3222
GWK60_F00649 , 1789
GWK60_F00781 , 25
GWK60_F00891 , 11
GWK60_F00913 , 5238
GWK60_F00979 , 1401
GWK60_F01045 , 2989
GWK60_F01067 , 1343
GWK60_F01089 , 4241
GWK60_F01111 , 125
GWK60_F01133 , 2
GWK60_F01199 , 2210
GWK60_F01221 , 9162
GWK60_F01243 , 3215
GWK60_F01397 , 1016
GWK60_F01419 , 6141
GWK60_F01485 , 2710
GWK60_F01507 , 1049
GWK60_F01529 , 4535
GWK60_F01551 , 444
GWK60_F01573 , 20248
GWK60_F01595 , 1
GWK60_F01617 , 2471
GWK60_F01661 , 2655
GWK60_F01727 , 4828
GWK60_F01749 , 8955
GWK60_F01771 , 6018
GWK60_F01815 , 638
GWK60_F01859 , 3817
GWK60_F01903 , 712
GWK60_F01925 , 6554
GWK60_F01947 , 3122
GWK60_F01969 , 8096
GWK60_F02013 , 1789
GWK60_F02057 , 8154
GWK60_F02079 , 1628
GWK60_F02101 , 4042
GWK60_F02145 , 9342
GWK60_F02167 , 503
GWK60_F02233 , 76
GWK60_F02255 , 2780
GWK60_F02321 , 63
GWK60_F02431 , 67384
GWK60_F02475 , 1051
GWK60_F02497 , 601
GWK60_F02585 , 1
GWK60_F02607 , 8470
GWK60_F02629 , 2
GWK60_F02673 , 2030
GWK60_F02717 , 7744
GWK60_F02761 , 1840
GWK60_F02783 , 645
GWK60_F02805 , 1654
GWK60_F02827 , 1259
GWK60_F02871 , 4192
GWK60_F02915 , 2060
GWK60_F02937 , 2482
GWK60_F02959 , 1903
GWK60_F03003 , 7812
GWK60_F03047 , 2425
GWK60_F03091 , 1
GWK60_F03113 , 1
GWK60_F03135 , 630
GWK60_F03179 , 2250
GWK60_F03245 , 9
GWK60_F03311 , 12
GWK60_F03333 , 3746
GWK60_F03509 , 314
GWK60_F03531 , 565
GWK60_F03575 , 950
GWK60_F03619 , 1
GWK60_F03707 , 3066
GWK60_F03729 , 2440
GWK60_F03817 , 2041
GWK60_F03861 , 1859
GWK60_F03905 , 155
GWK60_F04125 , 275
GWK60_F04147 , 128
GWK60_F04323 , 611
GWK60_F04411 , 1829
GWK60_F04455 , 1128
GWK60_F04499 , 3292
GWK60_F04653 , 47
GWK60_F04675 , 1920
GWK60_F04697 , 96
GWK60_F04719 , 3582
GWK60_F04785 , 763
GWK60_F04851 , 672
GWK60_F04917 , 137
GWK60_F04961 , 1
GWK60_F04983 , 379
GWK60_F05005 , 9907
GWK60_F05049 , 1259
GWK60_F05137 , 732
GWK60_F05203 , 1481
GWK60_F05313 , 833
GWK60_F05445 , 308
GWK60_F05467 , 1
GWK60_F05555 , 2061
GWK60_F05709 , 435
GWK60_F05731 , 377
GWK60_F05885 , 302
GWK60_F06061 , 340
GWK60_F06149 , 2036
GWK60_F06479 , 1570
GWK60_F06501 , 27
GWK60_F06523 , 5619
GWK60_F06567 , 776
GWK60_F06589 , 30019
GWK60_F06633 , 620
GWK60_F06677 , 32
GWK60_F07007 , 1009
GWK60_F07073 , 1
GWK60_F07117 , 3402
GWK60_F07249 , 2
GWK60_F07271 , 913
GWK60_F07315 , 2306
GWK60_F07337 , 83
GWK60_F07359 , 1
GWK60_F07403 , 1042
GWK60_F07513 , 2899
GWK60_F07535 , 1132
GWK60_F07601 , 2190
GWK60_F07645 , 1
GWK60_F07799 , 837
GWK60_F07865 , 570
GWK60_F07975 , 1659
GWK60_F08019 , 57
GWK60_F08063 , 1046
GWK60_F08107 , 1
GWK60_F08173 , 1268
GWK60_F08195 , 10
GWK60_F08327 , 851
GWK60_F08349 , 2662
GWK60_F08547 , 1164
GWK60_F08613 , 1356
GWK60_F08635 , 3252
GWK60_F08679 , 329
GWK60_F00077 , 1338
GWK60_F00275 , 50
GWK60_F00363 , 1
GWK60_F00473 , 53
GWK60_F00517 , 270
GWK60_F00693 , 976
GWK60_F00715 , 84
GWK60_F00803 , 1883
GWK60_F00825 , 2
GWK60_F00847 , 409
GWK60_F01155 , 290
GWK60_F01331 , 1
GWK60_F01375 , 1
GWK60_F01639 , 146
GWK60_F02189 , 728
GWK60_F02277 , 1313
GWK60_F02299 , 68
GWK60_F02343 , 1
GWK60_F02365 , 115
GWK60_F02519 , 571
GWK60_F02541 , 682
GWK60_F02849 , 2
GWK60_F02981 , 2
GWK60_F03421 , 1975
GWK60_F03465 , 609
GWK60_F03597 , 446
GWK60_F03663 , 490
GWK60_F03795 , 1954
GWK60_F03971 , 720
GWK60_F04191 , 3248
GWK60_F04213 , 1941
GWK60_F04301 , 108
GWK60_F04389 , 1190
GWK60_F04895 , 1
GWK60_F04939 , 838
GWK60_F05027 , 2
GWK60_F05225 , 449
GWK60_F05357 , 1
GWK60_F05423 , 3
GWK60_F05489 , 241
GWK60_F05599 , 112
GWK60_F05665 , 3156
GWK60_F05775 , 656
GWK60_F05819 , 480
GWK60_F05841 , 97
GWK60_F05863 , 121
GWK60_F05929 , 622
GWK60_F06215 , 1
GWK60_F06237 , 28
GWK60_F06391 , 366
GWK60_F06435 , 1
GWK60_F06611 , 157
GWK60_F06787 , 1
GWK60_F06831 , 272
GWK60_F07139 , 4
GWK60_F07205 , 3009
GWK60_F07447 , 78
GWK60_F07557 , 125
GWK60_F07755 , 180
GWK60_F07843 , 91
GWK60_F07931 , 84
GWK60_F08261 , 2365
GWK60_F08305 , 1209
GWK60_F08371 , 84
GWK60_F08415 , 34
GWK60_F08481 , 29
GWK60_F08745 , 19
GWK60_G00077 , 1958
GWK60_G00099 , 1651
GWK60_G00121 , 4043
GWK60_G00165 , 5093
GWK60_G00187 , 5028
GWK60_G00209 , 9644
GWK60_G00231 , 1360
GWK60_G00275 , 1
GWK60_G00297 , 1321
GWK60_G00363 , 1892
GWK60_G00407 , 3991
GWK60_G00451 , 4372
GWK60_G00495 , 1020
GWK60_G00517 , 3109
GWK60_G00539 , 79
GWK60_G00561 , 15587
GWK60_G00583 , 1
GWK60_G00605 , 69
GWK60_G00649 , 68
GWK60_G00671 , 1725
GWK60_G00693 , 5099
GWK60_G00715 , 3080
GWK60_G00737 , 48
GWK60_G00759 , 4016
GWK60_G00825 , 361
GWK60_G00869 , 58206
GWK60_G00891 , 1525
GWK60_G00913 , 3847
GWK60_G00957 , 4561
GWK60_G01023 , 2920
GWK60_G01045 , 378
GWK60_G01067 , 109
GWK60_G01089 , 352
GWK60_G01133 , 1158
GWK60_G01177 , 1088
GWK60_G01199 , 309
GWK60_G01243 , 1727
GWK60_G01287 , 2867
GWK60_G01309 , 852
GWK60_G01331 , 3524
GWK60_G01397 , 2189
GWK60_G01419 , 197
GWK60_G01463 , 3187
GWK60_G01485 , 152
GWK60_G01573 , 169
GWK60_G01705 , 959
GWK60_G01771 , 13603
GWK60_G01837 , 1838
GWK60_G01969 , 7205
GWK60_G02057 , 804
GWK60_G02123 , 2640
GWK60_G02145 , 1459
GWK60_G02233 , 68
GWK60_G02299 , 3958
GWK60_G02343 , 1162
GWK60_G02409 , 4936
GWK60_G02431 , 682
GWK60_G02453 , 210
GWK60_G02475 , 1844
GWK60_G02541 , 1948
GWK60_G02563 , 712
GWK60_G02585 , 10621
GWK60_G02607 , 417
GWK60_G02695 , 10023
GWK60_G02717 , 787
GWK60_G02805 , 22313
GWK60_G02827 , 436
GWK60_G02937 , 1537
GWK60_G03047 , 2
GWK60_G03113 , 1815
GWK60_G03289 , 4296
GWK60_G03311 , 247
GWK60_G03399 , 648
GWK60_G03421 , 1003
GWK60_G03465 , 1098
GWK60_G03487 , 611
GWK60_G03509 , 1
GWK60_G03641 , 1538
GWK60_G03663 , 73
GWK60_G03729 , 1848
GWK60_G03817 , 2432
GWK60_G03861 , 926
GWK60_G03971 , 2739
GWK60_G04279 , 709
GWK60_G04323 , 1
GWK60_G04389 , 1144
GWK60_G04455 , 1088
GWK60_G04499 , 867
GWK60_G04521 , 1260
GWK60_G04543 , 642
GWK60_G04587 , 533
GWK60_G04719 , 144
GWK60_G04785 , 589
GWK60_G04873 , 1554
GWK60_G04961 , 1
GWK60_G05071 , 1
GWK60_G05093 , 6543
GWK60_G05137 , 1312
GWK60_G05159 , 179
GWK60_G05203 , 1
GWK60_G05335 , 2574
GWK60_G05357 , 606
GWK60_G05401 , 871
GWK60_G05423 , 3914
GWK60_G05445 , 3986
GWK60_G05511 , 3560
GWK60_G05533 , 615
GWK60_G05643 , 1023
GWK60_G05731 , 2854
GWK60_G05841 , 794
GWK60_G05885 , 891
GWK60_G06127 , 958
GWK60_G06193 , 4548
GWK60_G06215 , 200
GWK60_G06369 , 162
GWK60_G06435 , 1516
GWK60_G06457 , 228
GWK60_G06567 , 14
GWK60_G06853 , 179
GWK60_G06875 , 19
GWK60_G06941 , 212
GWK60_G06963 , 5351
GWK60_G06985 , 39136
GWK60_G07095 , 515
GWK60_G07117 , 605
GWK60_G07183 , 2313
GWK60_G07315 , 31
GWK60_G07359 , 2228
GWK60_G07381 , 1304
GWK60_G07447 , 1393
GWK60_G07491 , 1284
GWK60_G07733 , 22
GWK60_G07755 , 17
GWK60_G07821 , 981
GWK60_G07843 , 579
GWK60_G07953 , 1
GWK60_G07975 , 3384
GWK60_G07997 , 27
GWK60_G08085 , 2072
GWK60_G08173 , 34
GWK60_G08305 , 187
GWK60_G08393 , 281
GWK60_G08415 , 434
GWK60_G08437 , 3491
GWK60_G08569 , 1373
GWK60_G08657 , 2509
GWK60_G08701 , 612
GWK60_G08745 , 5254
GWK60_G08855 , 1493
GWK60_G08877 , 345
GWK60_G08899 , 1246
GWK60_G08921 , 274
GWK60_G09009 , 33
GWK60_G09163 , 1109
GWK60_G09229 , 2069
GWK60_G09273 , 2150
GWK60_G09339 , 16
GWK60_G09361 , 6158
GWK60_G09449 , 1
GWK60_G09471 , 97
GWK60_G09625 , 857
GWK60_G09691 , 4044
GWK60_G09889 , 6264
GWK60_G00011 , 1
GWK60_G00055 , 1
GWK60_G00143 , 1388
GWK60_G00319 , 1857
GWK60_G00429 , 2
GWK60_G00473 , 1
GWK60_G00803 , 120
GWK60_G01221 , 164
GWK60_G01265 , 1757
GWK60_G01793 , 2101
GWK60_G01881 , 151
GWK60_G01925 , 2
GWK60_G01991 , 956
GWK60_G02079 , 8
GWK60_G02761 , 65
GWK60_G02849 , 715
GWK60_G02915 , 341
GWK60_G03003 , 16
GWK60_G03091 , 50
GWK60_G03157 , 1
GWK60_G03201 , 3
GWK60_G03377 , 675
GWK60_G03685 , 136
GWK60_G03773 , 2182
GWK60_G03795 , 1
GWK60_G03905 , 352
GWK60_G04103 , 315
GWK60_G04235 , 43
GWK60_G04345 , 311
GWK60_G04477 , 435
GWK60_G04565 , 1
GWK60_G05027 , 240
GWK60_G05049 , 96
GWK60_G05225 , 1264
GWK60_G05247 , 1110
GWK60_G05269 , 102
GWK60_G05291 , 1
GWK60_G05313 , 11
GWK60_G05379 , 235
GWK60_G05489 , 1395
GWK60_G05621 , 6
GWK60_G05709 , 1355
GWK60_G05819 , 1
GWK60_G05951 , 1
GWK60_G05973 , 471
GWK60_G06083 , 289
GWK60_G06105 , 414
GWK60_G06237 , 502
GWK60_G06325 , 1009
GWK60_G06655 , 1
GWK60_G06677 , 473
GWK60_G06743 , 11
GWK60_G07029 , 395
GWK60_G07293 , 306
GWK60_G07337 , 1
GWK60_G07403 , 525
GWK60_G07469 , 191
GWK60_G07799 , 59
GWK60_G07931 , 3
GWK60_G08019 , 1
GWK60_G08195 , 9
GWK60_G08547 , 2
GWK60_G08679 , 1
GWK60_G08811 , 207
GWK60_G08965 , 312
GWK60_G08987 , 108
GWK60_G09075 , 595
GWK60_G09119 , 3100
GWK60_G09405 , 120
GWK60_G09559 , 1
GWK60_G09801 , 113
GWK60_H00143 , 3986
GWK60_H00165 , 411
GWK60_H00209 , 1282
GWK60_H00341 , 2388
GWK60_H00495 , 14349
GWK60_H00539 , 23705
GWK60_H00583 , 3290
GWK60_H00627 , 2168
GWK60_H00715 , 1944
GWK60_H00781 , 2097
GWK60_H00847 , 1419
GWK60_H00891 , 842
GWK60_H00913 , 1
GWK60_H00935 , 291
GWK60_H00957 , 1
GWK60_H01023 , 3882
GWK60_H01089 , 3682
GWK60_H01111 , 497
GWK60_H01133 , 1082
GWK60_H01155 , 261
GWK60_H01221 , 203
GWK60_H01243 , 71
GWK60_H01309 , 4
GWK60_H01485 , 665
GWK60_H01507 , 3787
GWK60_H01529 , 1807
GWK60_H01551 , 856
GWK60_H01617 , 741
GWK60_H01639 , 3757
GWK60_H01749 , 3971
GWK60_H01815 , 1430
GWK60_H02057 , 2760
GWK60_H02101 , 121
GWK60_H02145 , 5626
GWK60_H02321 , 3004
GWK60_H02343 , 95
GWK60_H02387 , 4973
GWK60_H02409 , 3
GWK60_H02519 , 3258
GWK60_H02673 , 1
GWK60_H02695 , 2
GWK60_H02915 , 725
GWK60_H02937 , 1
GWK60_H03003 , 552
GWK60_H03135 , 1
GWK60_H03157 , 16
GWK60_H03201 , 927
GWK60_H03245 , 6349
GWK60_H03377 , 612
GWK60_H03421 , 1
GWK60_H03531 , 5301
GWK60_H03575 , 456
GWK60_H03641 , 81
GWK60_H03707 , 381
GWK60_H03751 , 22
GWK60_H03795 , 35
GWK60_H03839 , 998
GWK60_H03861 , 2997
GWK60_H03905 , 1626
GWK60_H03949 , 3949
GWK60_H04037 , 154
GWK60_H04213 , 399
GWK60_H04367 , 952
GWK60_H04433 , 2167
GWK60_H04499 , 524
GWK60_H04521 , 2824
GWK60_H04697 , 284
GWK60_H04719 , 279
GWK60_H04741 , 494
GWK60_H04763 , 223
GWK60_H05093 , 65
GWK60_H05203 , 956
GWK60_H05247 , 220
GWK60_H05291 , 1171
GWK60_H05313 , 859
GWK60_H05335 , 2248
GWK60_H05555 , 284
GWK60_H05621 , 118
GWK60_H05753 , 505
GWK60_H05951 , 807
GWK60_H05995 , 1528
GWK60_H06083 , 498
GWK60_H06105 , 585
GWK60_H06127 , 3341
GWK60_H06149 , 151
GWK60_H06171 , 28
GWK60_H06215 , 232
GWK60_H06237 , 1383
GWK60_H06281 , 17
GWK60_H06303 , 772
GWK60_H06347 , 4404
GWK60_H06369 , 4610
GWK60_H06391 , 350
GWK60_H06413 , 30
GWK60_H06435 , 1005
GWK60_H06567 , 8902
GWK60_H06611 , 1314
GWK60_H06677 , 1057
GWK60_H06721 , 6871
GWK60_H06787 , 1184
GWK60_H06809 , 1223
GWK60_H06919 , 722
GWK60_H06941 , 329
GWK60_H07073 , 2
GWK60_H07095 , 480
GWK60_H07205 , 343
GWK60_H07293 , 1110
GWK60_H07337 , 4507
GWK60_H07359 , 1805
GWK60_H07447 , 1402
GWK60_H07469 , 967
GWK60_H07557 , 1992
GWK60_H07579 , 664
GWK60_H07733 , 2344
GWK60_H07755 , 2006
GWK60_H07843 , 1969
GWK60_H07865 , 3859
GWK60_H07953 , 1290
GWK60_H07975 , 98
GWK60_H08041 , 1239
GWK60_H08063 , 782
GWK60_H08129 , 6453
GWK60_H08151 , 13640
GWK60_H08217 , 1839
GWK60_H08305 , 285
GWK60_H08349 , 5804
GWK60_H08415 , 582
GWK60_H08437 , 19
GWK60_H08459 , 7544
GWK60_H08547 , 1
GWK60_H08613 , 14
GWK60_H08657 , 975
GWK60_H08745 , 943
GWK60_H08789 , 3790
GWK60_H08811 , 1966
GWK60_H08833 , 6186
GWK60_H08855 , 5865
GWK60_H08877 , 1841
GWK60_H08965 , 614
GWK60_H08987 , 569
GWK60_H09009 , 433
GWK60_H09075 , 1002
GWK60_H09097 , 2853
GWK60_H09119 , 43623
GWK60_H09141 , 22859
GWK60_H09185 , 4137
GWK60_H09207 , 2010
GWK60_H09229 , 5706
GWK60_H09273 , 521
GWK60_H09317 , 3738
GWK60_H09339 , 1445
GWK60_H09361 , 4360
GWK60_H09383 , 1153
GWK60_H09427 , 3112
GWK60_H09449 , 41
GWK60_H09581 , 4068
GWK60_H09603 , 2499
GWK60_H09647 , 5052
GWK60_H09669 , 1068
GWK60_H09691 , 450
GWK60_H09713 , 6171
GWK60_H09735 , 2705
GWK60_H09757 , 11293
GWK60_H09779 , 1
GWK60_H09801 , 1883
GWK60_H09823 , 858
GWK60_H09845 , 477
GWK60_H09867 , 6462
GWK60_H09889 , 944
GWK60_H09911 , 3830
GWK60_H09933 , 330
GWK60_H09955 , 12254
GWK60_H09977 , 611
GWK60_H09999 , 19587
GWK60_H10021 , 3684
GWK60_H10065 , 3294
GWK60_H10087 , 5422
GWK60_H10109 , 1709
GWK60_H10131 , 2960
GWK60_H10175 , 1970
GWK60_H10241 , 822
GWK60_H10329 , 3594
GWK60_H10373 , 3299
GWK60_H10395 , 2251
GWK60_H10417 , 1
GWK60_H10439 , 374
GWK60_H10483 , 997
GWK60_H10505 , 2070
GWK60_H10549 , 6450
GWK60_H10571 , 1940
GWK60_H00187 , 1418
GWK60_H00231 , 568
GWK60_H00253 , 586
GWK60_H00319 , 2
GWK60_H00451 , 810
GWK60_H00561 , 75
GWK60_H00737 , 1188
GWK60_H01001 , 67
GWK60_H01287 , 7
GWK60_H01397 , 710
GWK60_H01419 , 1
GWK60_H01573 , 90
GWK60_H01595 , 55
GWK60_H01727 , 95
GWK60_H01881 , 842
GWK60_H01925 , 1461
GWK60_H02035 , 2548
GWK60_H02079 , 3
GWK60_H02167 , 484
GWK60_H02211 , 10
GWK60_H02299 , 1
GWK60_H02453 , 1582
GWK60_H02475 , 622
GWK60_H02585 , 1
GWK60_H02629 , 1
GWK60_H02827 , 22
GWK60_H02871 , 112
GWK60_H03113 , 527
GWK60_H03355 , 776
GWK60_H03971 , 557
GWK60_H04015 , 464
GWK60_H04257 , 1275
GWK60_H04345 , 269
GWK60_H04477 , 1340
GWK60_H04631 , 73
GWK60_H04675 , 364
GWK60_H04785 , 577
GWK60_H04851 , 1
GWK60_H04917 , 3
GWK60_H05005 , 37
GWK60_H05049 , 3362
GWK60_H05269 , 36
GWK60_H05445 , 3
GWK60_H05511 , 1289
GWK60_H05577 , 1160
GWK60_H05819 , 1
GWK60_H05863 , 1
GWK60_H05907 , 2577
GWK60_H05929 , 1432
GWK60_H05973 , 210
GWK60_H06325 , 31
GWK60_H06523 , 1049
GWK60_H06589 , 2
GWK60_H06743 , 1801
GWK60_H07029 , 1
GWK60_H07139 , 323
GWK60_H07381 , 1620
GWK60_H07535 , 325
GWK60_H07623 , 472
GWK60_H07645 , 411
GWK60_H07821 , 348
GWK60_H08085 , 280
GWK60_H08393 , 658
GWK60_H08481 , 1
GWK60_H08679 , 1
GWK60_H08723 , 529
GWK60_H08921 , 2535
GWK60_H09053 , 2
GWK60_H09163 , 6
GWK60_H09251 , 385
GWK60_H09493 , 176
GWK60_H09559 , 3626
GWK60_H10043 , 19
GWK60_H10153 , 11
GWK60_H10307 , 195
GWK60_I00165 , 771
GWK60_I00187 , 225
GWK60_I00209 , 1
GWK60_I00253 , 1
GWK60_I00275 , 793
GWK60_I00297 , 2760
GWK60_I00341 , 10422
GWK60_I00363 , 231
GWK60_I00407 , 1701
GWK60_I00495 , 1
GWK60_I00605 , 26
GWK60_I00627 , 1526
GWK60_I00715 , 2417
GWK60_I00737 , 431
GWK60_I00825 , 1
GWK60_I00913 , 1710
GWK60_I00935 , 2948
GWK60_I01067 , 4162
GWK60_I01089 , 1
GWK60_I01111 , 1786
GWK60_I01133 , 885
GWK60_I01221 , 2604
GWK60_I01265 , 637
GWK60_I01309 , 9194
GWK60_I01331 , 281
GWK60_I01375 , 41
GWK60_I01397 , 2299
GWK60_I01419 , 3343
GWK60_I01485 , 17421
GWK60_I01507 , 5805
GWK60_I01529 , 66
GWK60_I01551 , 2121
GWK60_I01617 , 1130
GWK60_I01639 , 5
GWK60_I01705 , 1798
GWK60_I01793 , 327
GWK60_I01815 , 320
GWK60_I01859 , 395
GWK60_I01903 , 969
GWK60_I01925 , 186
GWK60_I01991 , 2177
GWK60_I02013 , 177
GWK60_I02057 , 1289
GWK60_I02079 , 354
GWK60_I02123 , 96
GWK60_I02145 , 470
GWK60_I02255 , 2492
GWK60_I02299 , 433
GWK60_I02321 , 686
GWK60_I02365 , 422
GWK60_I02453 , 1
GWK60_I02475 , 518
GWK60_I02519 , 19372
GWK60_I02541 , 2172
GWK60_I02563 , 4497
GWK60_I02585 , 1
GWK60_I02629 , 15062
GWK60_I02651 , 5225
GWK60_I02673 , 1140
GWK60_I02695 , 4054
GWK60_I02717 , 315
GWK60_I02739 , 14301
GWK60_I02783 , 304
GWK60_I02805 , 492
GWK60_I02871 , 640
GWK60_I02915 , 4945
GWK60_I02937 , 583
GWK60_I02981 , 3276
GWK60_I03003 , 2274
GWK60_I03025 , 1207
GWK60_I03091 , 2049
GWK60_I03113 , 94
GWK60_I03179 , 4874
GWK60_I03201 , 37
GWK60_I03223 , 552
GWK60_I03245 , 2602
GWK60_I03267 , 701
GWK60_I03311 , 2477
GWK60_I03355 , 9623
GWK60_I03377 , 1326
GWK60_I03399 , 34453
GWK60_I03421 , 55
GWK60_I03443 , 1213
GWK60_I03531 , 4440
GWK60_I03553 , 1476
GWK60_I03575 , 1497
GWK60_I03597 , 2448
GWK60_I03619 , 5466
GWK60_I03641 , 8014
GWK60_I03685 , 753
GWK60_I03751 , 509
GWK60_I03795 , 3616
GWK60_I03839 , 2018
GWK60_I03905 , 8579
GWK60_I03927 , 972
GWK60_I03993 , 94
GWK60_I04015 , 364
GWK60_I04037 , 2036
GWK60_I04103 , 12422
GWK60_I04213 , 24
GWK60_I04235 , 2801
GWK60_I04257 , 1
GWK60_I04279 , 1781
GWK60_I04301 , 642
GWK60_I04433 , 868
GWK60_I04455 , 1059
GWK60_I04499 , 6617
GWK60_I04609 , 3817
GWK60_I04631 , 2411
GWK60_I04697 , 78
GWK60_I04741 , 1941
GWK60_I04763 , 39
GWK60_I04785 , 8578
GWK60_I04807 , 1
GWK60_I04895 , 2
GWK60_I04917 , 754
GWK60_I04939 , 237
GWK60_I04961 , 2565
GWK60_I04983 , 2774
GWK60_I05005 , 261
GWK60_I05071 , 829
GWK60_I05093 , 2625
GWK60_I05137 , 2177
GWK60_I05203 , 2303
GWK60_I05225 , 7545
GWK60_I05291 , 2598
GWK60_I05357 , 733
GWK60_I05379 , 2896
GWK60_I05445 , 991
GWK60_I05489 , 1133
GWK60_I05599 , 26656
GWK60_I05621 , 4452
GWK60_I05643 , 1963
GWK60_I05665 , 2046
GWK60_I05709 , 3
GWK60_I05797 , 3105
GWK60_I05863 , 1948
GWK60_I05907 , 4613
GWK60_I05929 , 451
GWK60_I05951 , 455
GWK60_I06039 , 16
GWK60_I06061 , 803
GWK60_I06171 , 1948
GWK60_I06215 , 6613
GWK60_I06237 , 1126
GWK60_I06303 , 951
GWK60_I06369 , 1867
GWK60_I00033 , 783
GWK60_I00077 , 34
GWK60_I00143 , 25
GWK60_I00385 , 1186
GWK60_I00429 , 23
GWK60_I00451 , 4
GWK60_I00517 , 168
GWK60_I00561 , 25
GWK60_I00649 , 884
GWK60_I00957 , 269
GWK60_I01023 , 771
GWK60_I01573 , 828
GWK60_I01661 , 951
GWK60_I01683 , 10
GWK60_I02277 , 403
GWK60_I02343 , 169
GWK60_I02431 , 112
GWK60_I02761 , 342
GWK60_I02893 , 12
GWK60_I03465 , 80
GWK60_I03509 , 385
GWK60_I03663 , 309
GWK60_I03707 , 1049
GWK60_I03729 , 113
GWK60_I03861 , 1
GWK60_I03883 , 1
GWK60_I04059 , 584
GWK60_I04081 , 463
GWK60_I04125 , 84
GWK60_I04191 , 4
GWK60_I04411 , 1
GWK60_I04477 , 151
GWK60_I04587 , 3385
GWK60_I04719 , 192
GWK60_I05247 , 3606
GWK60_I05313 , 1
GWK60_I05467 , 1
GWK60_I05555 , 4000
GWK60_I05731 , 487
GWK60_I05775 , 2467
GWK60_I06325 , 80
GWK60_I06347 , 182
GWK60_J00033 , 27
GWK60_J00077 , 169
GWK60_J00143 , 183
GWK60_J00231 , 703
GWK60_J00297 , 1381
GWK60_J00341 , 163
GWK60_J00385 , 1315
GWK60_J00407 , 1296
GWK60_J00429 , 2758
GWK60_J00473 , 5288
GWK60_J00693 , 9394
GWK60_J00715 , 4906
GWK60_J00737 , 17815
GWK60_J00759 , 90
GWK60_J00781 , 3
GWK60_J00869 , 670
GWK60_J00913 , 2245
GWK60_J01067 , 2
GWK60_J01089 , 195
GWK60_J01199 , 2638
GWK60_J01221 , 683
GWK60_J01243 , 2068
GWK60_J01287 , 2205
GWK60_J01309 , 5286
GWK60_J01353 , 6304
GWK60_J01397 , 7770
GWK60_J01441 , 28
GWK60_J01507 , 869
GWK60_J01551 , 636
GWK60_J01595 , 11007
GWK60_J01617 , 19
GWK60_J01639 , 66811
GWK60_J01727 , 13855
GWK60_J01749 , 4548
GWK60_J01771 , 1127
GWK60_J01815 , 1782
GWK60_J01837 , 2125
GWK60_J01881 , 1348
GWK60_J01925 , 875
GWK60_J01991 , 7231
GWK60_J02013 , 17586
GWK60_J02035 , 4087
GWK60_J02101 , 1141
GWK60_J02123 , 3846
GWK60_J02145 , 553
GWK60_J02189 , 4200
GWK60_J02211 , 1570
GWK60_J02277 , 1
GWK60_J02299 , 454
GWK60_J02321 , 2379
GWK60_J02343 , 3549
GWK60_J02365 , 6371
GWK60_J02387 , 4924
GWK60_J02431 , 275
GWK60_J02541 , 130
GWK60_J02563 , 746
GWK60_J02607 , 602
GWK60_J02673 , 2198
GWK60_J02717 , 24336
GWK60_J02739 , 6923
GWK60_J02761 , 10392
GWK60_J02805 , 1
GWK60_J02827 , 1088
GWK60_J02849 , 7380
GWK60_J02871 , 1769
GWK60_J02893 , 1344
GWK60_J03069 , 1173
GWK60_J03091 , 1590
GWK60_J03135 , 1331
GWK60_J03201 , 433
GWK60_J03223 , 534
GWK60_J03245 , 642
GWK60_J03267 , 450
GWK60_J03333 , 1264
GWK60_J03377 , 1966
GWK60_J03399 , 271
GWK60_J03421 , 1256
GWK60_J03553 , 147
GWK60_J03619 , 1588
GWK60_J03663 , 1769
GWK60_J03773 , 2907
GWK60_J03795 , 1
GWK60_J03817 , 957
GWK60_J03839 , 1438
GWK60_J03905 , 2139
GWK60_J03927 , 3
GWK60_J03949 , 747
GWK60_J03971 , 794
GWK60_J03993 , 1581
GWK60_J04015 , 618
GWK60_J04059 , 347
GWK60_J04103 , 787
GWK60_J04125 , 1709
GWK60_J04279 , 76
GWK60_J04301 , 1109
GWK60_J04345 , 3174
GWK60_J04367 , 2859
GWK60_J04389 , 1407
GWK60_J04455 , 327
GWK60_J04521 , 1
GWK60_J04675 , 853
GWK60_J04697 , 20
GWK60_J04785 , 1690
GWK60_J04851 , 5835
GWK60_J04873 , 5276
GWK60_J04917 , 484
GWK60_J04939 , 2306
GWK60_J04961 , 6382
GWK60_J05137 , 1388
GWK60_J05181 , 40
GWK60_J05379 , 790
GWK60_J05599 , 401
GWK60_J05665 , 1151
GWK60_J05731 , 3728
GWK60_J05753 , 81
GWK60_J05797 , 445
GWK60_J05841 , 3156
GWK60_J05885 , 1189
GWK60_J05929 , 339
GWK60_J05951 , 36
GWK60_J05995 , 1524
GWK60_J06017 , 243
GWK60_J06149 , 685
GWK60_J06193 , 922
GWK60_J06237 , 252
GWK60_J06391 , 77
GWK60_J06435 , 5
GWK60_J06567 , 1491
GWK60_J06611 , 1
GWK60_J06743 , 1124
GWK60_J06853 , 1400
GWK60_J06897 , 36
GWK60_J06963 , 31
GWK60_J07249 , 1
GWK60_J07337 , 1297
GWK60_J07381 , 2004
GWK60_J07403 , 2190
GWK60_J07535 , 5
GWK60_J07777 , 3072
GWK60_J07931 , 311
GWK60_J08085 , 1
GWK60_J08129 , 333
GWK60_J08151 , 1243
GWK60_J08173 , 4162
GWK60_J08195 , 6782
GWK60_J08217 , 1738
GWK60_J08261 , 1353
GWK60_J08283 , 2449
GWK60_J08305 , 10
GWK60_J08371 , 1777
GWK60_J08437 , 6131
GWK60_J08481 , 941
GWK60_J08525 , 1336
GWK60_J08569 , 3163
GWK60_J08591 , 1839
GWK60_J08613 , 176
GWK60_J08635 , 1105
GWK60_J08833 , 1076
GWK60_J08855 , 419
GWK60_J08987 , 1010
GWK60_J09031 , 869
GWK60_J09053 , 904
GWK60_J09119 , 6781
GWK60_J09141 , 1398
GWK60_J09163 , 264
GWK60_J09185 , 1183
GWK60_J09207 , 113
GWK60_J09471 , 2409
GWK60_J09515 , 10744
GWK60_J09603 , 2
GWK60_J09779 , 4127
GWK60_J09801 , 9034
GWK60_J09889 , 17
GWK60_J09933 , 325
GWK60_J10131 , 105
GWK60_J10153 , 386
GWK60_J10175 , 967
GWK60_J10241 , 625
GWK60_J10285 , 1945
GWK60_J10483 , 1612
GWK60_J10659 , 388
GWK60_J10747 , 431
GWK60_J10791 , 1512
GWK60_J10835 , 2
GWK60_J10967 , 1057
GWK60_J11033 , 5837
GWK60_J11099 , 1028
GWK60_J11165 , 2438
GWK60_J11187 , 2478
GWK60_J11209 , 500
GWK60_J11319 , 198
GWK60_J11341 , 211
GWK60_J11495 , 91
GWK60_J11561 , 4054
GWK60_J11627 , 58
GWK60_J00055 , 239
GWK60_J00187 , 363
GWK60_J00253 , 596
GWK60_J00275 , 1
GWK60_J00451 , 129
GWK60_J00583 , 2
GWK60_J00935 , 158
GWK60_J00979 , 27
GWK60_J01001 , 1022
GWK60_J01111 , 380
GWK60_J01331 , 1
GWK60_J01375 , 1
GWK60_J01463 , 16
GWK60_J01485 , 1169
GWK60_J01661 , 34
GWK60_J01683 , 181
GWK60_J01793 , 10
GWK60_J02453 , 8
GWK60_J02475 , 571
GWK60_J02519 , 444
GWK60_J02629 , 1466
GWK60_J02959 , 89
GWK60_J03003 , 1553
GWK60_J03113 , 22
GWK60_J03487 , 77
GWK60_J03531 , 342
GWK60_J03641 , 1
GWK60_J03685 , 60
GWK60_J03729 , 2016
GWK60_J03861 , 158
GWK60_J04081 , 2159
GWK60_J04323 , 52
GWK60_J04411 , 236
GWK60_J04631 , 11
GWK60_J04653 , 1247
GWK60_J04763 , 168
GWK60_J04895 , 64
GWK60_J05093 , 1802
GWK60_J05115 , 1185
GWK60_J05357 , 1
GWK60_J05445 , 36
GWK60_J05533 , 1602
GWK60_J05555 , 471
GWK60_J05621 , 13
GWK60_J05643 , 3
GWK60_J05819 , 1117
GWK60_J06083 , 482
GWK60_J06171 , 3
GWK60_J06303 , 1
GWK60_J06457 , 73
GWK60_J06545 , 21
GWK60_J06655 , 1
GWK60_J06721 , 160
GWK60_J06809 , 1
GWK60_J06875 , 639
GWK60_J06919 , 306
GWK60_J07007 , 1
GWK60_J07029 , 1
GWK60_J07117 , 3211
GWK60_J07139 , 576
GWK60_J07161 , 43
GWK60_J07315 , 103
GWK60_J07557 , 2
GWK60_J07733 , 1705
GWK60_J08107 , 1
GWK60_J08327 , 873
GWK60_J08349 , 848
GWK60_J08415 , 1036
GWK60_J08459 , 164
GWK60_J08547 , 498
GWK60_J08789 , 69
GWK60_J08877 , 1167
GWK60_J09229 , 3820
GWK60_J09317 , 190
GWK60_J09383 , 240
GWK60_J09405 , 1
GWK60_J09713 , 41
GWK60_J09757 , 1107
GWK60_J09911 , 1
GWK60_J10021 , 1177
GWK60_J10087 , 110
GWK60_J10109 , 8
GWK60_J10219 , 545
GWK60_J10439 , 7
GWK60_J10527 , 371
GWK60_J10571 , 55
GWK60_J10637 , 26
GWK60_J10879 , 1
GWK60_J10901 , 800
GWK60_J11143 , 3308
GWK60_J11275 , 1634
GWK60_J11297 , 80
GWK60_J11539 , 1591
GWK60_J11693 , 1
GWK60_J11737 , 1419
GWK60_K00055 , 1
GWK60_K00077 , 1
GWK60_K00121 , 1404
GWK60_K00187 , 1518
GWK60_K00209 , 1126
GWK60_K00319 , 500
GWK60_K00341 , 1055
GWK60_K00429 , 6496
GWK60_K00517 , 8437
GWK60_K00539 , 69
GWK60_K00561 , 1916
GWK60_K00583 , 23
GWK60_K00627 , 4788
GWK60_K00649 , 2
GWK60_K00693 , 2
GWK60_K00759 , 198
GWK60_K00781 , 146
GWK60_K00825 , 2409
GWK60_K00869 , 1311
GWK60_K00979 , 59
GWK60_K01023 , 576
GWK60_K01045 , 2774
GWK60_K01067 , 1529
GWK60_K01221 , 1
GWK60_K01309 , 3400
GWK60_K01331 , 3
GWK60_K01353 , 508
GWK60_K01375 , 1327
GWK60_K01485 , 1404
GWK60_K01507 , 629
GWK60_K01529 , 472
GWK60_K01551 , 9
GWK60_K01573 , 1150
GWK60_K01595 , 9206
GWK60_K01617 , 2563
GWK60_K01639 , 1864
GWK60_K01727 , 1687
GWK60_K01837 , 1056
GWK60_K01947 , 622
GWK60_K01991 , 1660
GWK60_K02013 , 6646
GWK60_K02123 , 4629
GWK60_K02145 , 1905
GWK60_K02189 , 2379
GWK60_K02211 , 1925
GWK60_K02255 , 18
GWK60_K02277 , 2662
GWK60_K02299 , 3406
GWK60_K02365 , 3348
GWK60_K02409 , 555
GWK60_K02431 , 2029
GWK60_K02475 , 23364
GWK60_K02497 , 2119
GWK60_K02519 , 8361
GWK60_K02541 , 2984
GWK60_K02563 , 1089
GWK60_K02585 , 1
GWK60_K02607 , 8718
GWK60_K02629 , 2847
GWK60_K02673 , 4376
GWK60_K02695 , 1502
GWK60_K02717 , 1059
GWK60_K02739 , 831
GWK60_K02761 , 2861
GWK60_K02783 , 5266
GWK60_K02805 , 278
GWK60_K02849 , 2799
GWK60_K02871 , 64
GWK60_K02937 , 18
GWK60_K02959 , 3772
GWK60_K03069 , 1390
GWK60_K03091 , 3881
GWK60_K03179 , 19
GWK60_K03201 , 691
GWK60_K03223 , 3941
GWK60_K03267 , 4738
GWK60_K03289 , 34594
GWK60_K03311 , 1375
GWK60_K03377 , 299
GWK60_K03443 , 419
GWK60_K03465 , 121
GWK60_K03509 , 16926
GWK60_K03531 , 3493
GWK60_K03553 , 1860
GWK60_K03575 , 3961
GWK60_K03685 , 3190
GWK60_K03773 , 796
GWK60_K03839 , 80
GWK60_K03883 , 4084
GWK60_K03905 , 4647
GWK60_K03927 , 2
GWK60_K03971 , 2352
GWK60_K04015 , 6
GWK60_K04037 , 1
GWK60_K04059 , 1
GWK60_K04103 , 650
GWK60_K04125 , 35
GWK60_K04191 , 1
GWK60_K04235 , 1644
GWK60_K04367 , 3450
GWK60_K04411 , 1
GWK60_K04499 , 17375
GWK60_K04587 , 335
GWK60_K04609 , 3437
GWK60_K04631 , 1
GWK60_K04719 , 94
GWK60_K04741 , 976
GWK60_K04763 , 258
GWK60_K04829 , 2
GWK60_K04873 , 2
GWK60_K04983 , 634
GWK60_K05005 , 1
GWK60_K05027 , 99
GWK60_K05071 , 605
GWK60_K05115 , 496
GWK60_K05181 , 18
GWK60_K05247 , 784
GWK60_K05357 , 580
GWK60_K05467 , 47
GWK60_K05533 , 481
GWK60_K05555 , 3137
GWK60_K05687 , 703
GWK60_K05731 , 176
GWK60_K05841 , 426
GWK60_K05951 , 1
GWK60_K05995 , 1693
GWK60_K06127 , 3452
GWK60_K06149 , 358
GWK60_K06171 , 758
GWK60_K06259 , 42
GWK60_K06501 , 4534
GWK60_K06633 , 1858
GWK60_K06655 , 3847
GWK60_K06677 , 1630
GWK60_K06743 , 211
GWK60_K06765 , 32
GWK60_K06963 , 5
GWK60_K07117 , 2371
GWK60_K07139 , 544
GWK60_K07183 , 56
GWK60_K07227 , 433
GWK60_K07271 , 245
GWK60_K07315 , 1522
GWK60_K07337 , 3041
GWK60_K07359 , 2719
GWK60_K07381 , 395
GWK60_K07403 , 1216
GWK60_K07513 , 349
GWK60_K07557 , 2072
GWK60_K07579 , 1
GWK60_K07601 , 16
GWK60_K07623 , 2
GWK60_K07689 , 64
GWK60_K07821 , 1
GWK60_K07909 , 2
GWK60_K07975 , 757
GWK60_K08063 , 165
GWK60_K08107 , 1202
GWK60_K08151 , 11
GWK60_K08173 , 1144
GWK60_K08261 , 287
GWK60_K08283 , 2410
GWK60_K08305 , 1184
GWK60_K08327 , 5897
GWK60_K08393 , 545
GWK60_K08415 , 136
GWK60_K08437 , 2877
GWK60_K08613 , 1
GWK60_K08701 , 685
GWK60_K08789 , 161
GWK60_K08965 , 1
GWK60_K09031 , 3000
GWK60_K09097 , 540
GWK60_K09141 , 230
GWK60_K09251 , 580
GWK60_K09427 , 328
GWK60_K09449 , 195
GWK60_K09471 , 2373
GWK60_K09581 , 1634
GWK60_K09691 , 5357
GWK60_K09735 , 5981
GWK60_K09779 , 1746
GWK60_K09955 , 2328
GWK60_K10043 , 638
GWK60_K10175 , 1149
GWK60_K10263 , 2540
GWK60_K10285 , 1473
GWK60_K10395 , 11497
GWK60_K10417 , 394
GWK60_K10483 , 333
GWK60_K10505 , 703
GWK60_K10549 , 18984
GWK60_K10659 , 1501
GWK60_K10901 , 1286
GWK60_K10945 , 346
GWK60_K11011 , 137
GWK60_K11055 , 953
GWK60_K11099 , 1
GWK60_K11187 , 1641
GWK60_K11231 , 285
GWK60_K11319 , 1
GWK60_K11407 , 1
GWK60_K11627 , 364
GWK60_K11649 , 5278
GWK60_K11671 , 217
GWK60_K11759 , 1214
GWK60_K11803 , 3906
GWK60_K11847 , 31
GWK60_K12023 , 625
GWK60_K12089 , 372
GWK60_K12309 , 2312
GWK60_K12485 , 444
GWK60_K12507 , 1
GWK60_K12529 , 112
GWK60_K12661 , 27
GWK60_K12727 , 1811
GWK60_K12749 , 44
GWK60_K12771 , 2440
GWK60_K00143 , 157
GWK60_K00165 , 7
GWK60_K00231 , 361
GWK60_K00297 , 1
GWK60_K00715 , 2
GWK60_K00957 , 396
GWK60_K01199 , 1
GWK60_K01749 , 312
GWK60_K01793 , 618
GWK60_K01859 , 1813
GWK60_K01903 , 1
GWK60_K02035 , 105
GWK60_K02167 , 1951
GWK60_K02453 , 154
GWK60_K02651 , 73
GWK60_K02827 , 105
GWK60_K02915 , 135
GWK60_K03025 , 1322
GWK60_K03047 , 115
GWK60_K03113 , 115
GWK60_K03333 , 2
GWK60_K04081 , 25
GWK60_K04147 , 1154
GWK60_K04169 , 473
GWK60_K04213 , 956
GWK60_K04257 , 121
GWK60_K04279 , 185
GWK60_K04433 , 386
GWK60_K04455 , 1606
GWK60_K04521 , 509
GWK60_K04785 , 884
GWK60_K04851 , 1736
GWK60_K04939 , 938
GWK60_K05049 , 69
GWK60_K05093 , 638
GWK60_K05269 , 1758
GWK60_K05423 , 717
GWK60_K05489 , 594
GWK60_K05599 , 676
GWK60_K05709 , 320
GWK60_K05819 , 510
GWK60_K06061 , 1
GWK60_K06303 , 2
GWK60_K06369 , 2013
GWK60_K06567 , 224
GWK60_K06589 , 1
GWK60_K06787 , 1
GWK60_K06831 , 595
GWK60_K06853 , 1092
GWK60_K06919 , 685
GWK60_K07007 , 782
GWK60_K07205 , 827
GWK60_K07293 , 1154
GWK60_K07491 , 10
GWK60_K07931 , 825
GWK60_K07997 , 780
GWK60_K08085 , 339
GWK60_K08129 , 49
GWK60_K08349 , 188
GWK60_K08371 , 1
GWK60_K08459 , 304
GWK60_K08547 , 3860
GWK60_K08569 , 7
GWK60_K08635 , 86
GWK60_K08811 , 833
GWK60_K09009 , 8
GWK60_K09053 , 1
GWK60_K09163 , 77
GWK60_K09405 , 358
GWK60_K09493 , 1891
GWK60_K09537 , 186
GWK60_K09625 , 12
GWK60_K09669 , 339
GWK60_K09713 , 964
GWK60_K09801 , 16
GWK60_K09933 , 2084
GWK60_K09977 , 55
GWK60_K10087 , 1538
GWK60_K10131 , 1
GWK60_K10351 , 20
GWK60_K10373 , 694
GWK60_K10461 , 2
GWK60_K10593 , 3748
GWK60_K10615 , 1812
GWK60_K10725 , 810
GWK60_K10769 , 186
GWK60_K10857 , 278
GWK60_K10989 , 1
GWK60_K11451 , 1
GWK60_K11605 , 53
GWK60_K11693 , 1129
GWK60_K11825 , 2574
GWK60_K11869 , 815
GWK60_K11957 , 24
GWK60_K11979 , 1055
GWK60_K12199 , 441
GWK60_K12265 , 935
GWK60_K12287 , 24
GWK60_K12617 , 809
GWK60_L00055 , 821
GWK60_L00143 , 1625
GWK60_L00165 , 466
GWK60_L00209 , 543
GWK60_L00297 , 2
GWK60_L00319 , 1628
GWK60_L00451 , 54
GWK60_L00539 , 1
GWK60_L00715 , 970
GWK60_L00737 , 2483
GWK60_L00781 , 819
GWK60_L00913 , 2762
GWK60_L00935 , 6110
GWK60_L00957 , 1245
GWK60_L01023 , 834
GWK60_L01111 , 1
GWK60_L01177 , 13349
GWK60_L01309 , 18
GWK60_L01463 , 136
GWK60_L01639 , 2327
GWK60_L01771 , 278
GWK60_L01881 , 1060
GWK60_L01903 , 2242
GWK60_L01947 , 172
GWK60_L01969 , 442
GWK60_L02057 , 227
GWK60_L02123 , 1294
GWK60_L02189 , 1
GWK60_L02211 , 172
GWK60_L02299 , 9014
GWK60_L02321 , 470
GWK60_L02343 , 4036
GWK60_L02453 , 439
GWK60_L02519 , 40
GWK60_L02585 , 8078
GWK60_L02673 , 29
GWK60_L02695 , 3974
GWK60_L02849 , 726
GWK60_L02871 , 330
GWK60_L02893 , 881
GWK60_L02915 , 508
GWK60_L03069 , 1216
GWK60_L03113 , 79
GWK60_L03223 , 55
GWK60_L03245 , 1052
GWK60_L03289 , 548
GWK60_L03377 , 399
GWK60_L03465 , 8552
GWK60_L03597 , 2906
GWK60_L03619 , 11
GWK60_L03707 , 2298
GWK60_L03751 , 1766
GWK60_L03839 , 657
GWK60_L03883 , 83
GWK60_L03971 , 963
GWK60_L04037 , 3682
GWK60_L04081 , 189
GWK60_L04125 , 1385
GWK60_L04213 , 565
GWK60_L04257 , 1601
GWK60_L04301 , 1026
GWK60_L04345 , 678
GWK60_L04609 , 26
GWK60_L04741 , 3189
GWK60_L04763 , 5978
GWK60_L04785 , 397
GWK60_L04807 , 2045
GWK60_L04829 , 19
GWK60_L04851 , 54
GWK60_L04917 , 21
GWK60_L04961 , 6090
GWK60_L04983 , 1493
GWK60_L05049 , 4582
GWK60_L05093 , 1
GWK60_L05357 , 707
GWK60_L05445 , 47
GWK60_L05577 , 23
GWK60_L05709 , 133
GWK60_L05797 , 1240
GWK60_L05841 , 862
GWK60_L05929 , 5380
GWK60_L05973 , 316
GWK60_L05995 , 1229
GWK60_L06017 , 243
GWK60_L06215 , 4219
GWK60_L06325 , 104
GWK60_L06347 , 337
GWK60_L06413 , 84
GWK60_L06457 , 753
GWK60_L06479 , 2
GWK60_L06677 , 429
GWK60_L06699 , 1
GWK60_L06787 , 93
GWK60_L06853 , 679
GWK60_L06897 , 1
GWK60_L06985 , 1361
GWK60_L07051 , 192
GWK60_L07095 , 1194
GWK60_L07227 , 5249
GWK60_L07381 , 4710
GWK60_L07491 , 1856
GWK60_L07535 , 998
GWK60_L07667 , 1527
GWK60_L07689 , 1486
GWK60_L07777 , 3861
GWK60_L07865 , 1
GWK60_L07909 , 696
GWK60_L08019 , 1226
GWK60_L08129 , 233
GWK60_L08151 , 31
GWK60_L08195 , 273
GWK60_L08239 , 2099
GWK60_L08305 , 363
GWK60_L08371 , 803
GWK60_L08415 , 2197
GWK60_L08437 , 2541
GWK60_L08547 , 5419
GWK60_L08569 , 3607
GWK60_L08591 , 2280
GWK60_L08635 , 805
GWK60_L08723 , 3671
GWK60_L08767 , 2205
GWK60_L08789 , 2593
GWK60_L08811 , 3814
GWK60_L08899 , 3331
GWK60_L08987 , 439
GWK60_L09097 , 330
GWK60_L09119 , 2782
GWK60_L09207 , 4249
GWK60_L09251 , 3142
GWK60_L09273 , 1316
GWK60_L09295 , 532
GWK60_L09427 , 2729
GWK60_L09471 , 14
GWK60_L09537 , 6263
GWK60_L09625 , 1315
GWK60_L09801 , 3052
GWK60_L09955 , 3
GWK60_L09977 , 409
GWK60_L10087 , 4
GWK60_L10131 , 517
GWK60_L10175 , 270
GWK60_L10219 , 120
GWK60_L10285 , 8
GWK60_L10395 , 402
GWK60_L10505 , 732
GWK60_L10527 , 1
GWK60_L10571 , 707
GWK60_L10615 , 13199
GWK60_L10725 , 2225
GWK60_L10747 , 1448
GWK60_L10769 , 757
GWK60_L10791 , 3388
GWK60_L10813 , 3022
GWK60_L10835 , 47
GWK60_L10923 , 681
GWK60_L10967 , 223
GWK60_L11077 , 124
GWK60_L11143 , 117
GWK60_L11165 , 253
GWK60_L11187 , 424
GWK60_L11275 , 814
GWK60_L11319 , 896
GWK60_L11341 , 4329
GWK60_L11385 , 515
GWK60_L11517 , 743
GWK60_L11627 , 7422
GWK60_L11715 , 2243
GWK60_L11737 , 1188
GWK60_L11781 , 563
GWK60_L11825 , 19
GWK60_L11847 , 2365
GWK60_L11869 , 1613
GWK60_L11891 , 431
GWK60_L11935 , 437
GWK60_L11957 , 15274
GWK60_L12067 , 2216
GWK60_L12089 , 6434
GWK60_L12111 , 1
GWK60_L12133 , 1100
GWK60_L12155 , 19
GWK60_L12221 , 1691
GWK60_L12265 , 2309
GWK60_L12331 , 1
GWK60_L12375 , 23
GWK60_L12397 , 869
GWK60_L12485 , 1490
GWK60_L12507 , 783
GWK60_L12529 , 32
GWK60_L12595 , 1268
GWK60_L12639 , 3131
GWK60_L12661 , 894
GWK60_L12683 , 2291
GWK60_L12727 , 1430
GWK60_L12771 , 2920
GWK60_L12793 , 2560
GWK60_L12837 , 767
GWK60_L12903 , 1571
GWK60_L12925 , 2430
GWK60_L12947 , 2161
GWK60_L12969 , 5202
GWK60_L13013 , 2271
GWK60_L13035 , 1454
GWK60_L13057 , 17929
GWK60_L13079 , 24697
GWK60_L13101 , 5318
GWK60_L13167 , 576
GWK60_L13189 , 2750
GWK60_L13211 , 3737
GWK60_L13233 , 1272
GWK60_L13255 , 3141
GWK60_L13277 , 6297
GWK60_L13299 , 994
GWK60_L13321 , 1166
GWK60_L13343 , 221
GWK60_L13365 , 333
GWK60_L13541 , 1023
GWK60_L13563 , 1
GWK60_L13585 , 1
GWK60_L13695 , 3836
GWK60_L13739 , 424
GWK60_L13849 , 1513
GWK60_L13915 , 5150
GWK60_L13959 , 6541
GWK60_L13981 , 451
GWK60_L14047 , 1672
GWK60_L14069 , 1030
GWK60_L14091 , 47669
GWK60_L14135 , 1948
GWK60_L14157 , 1859
GWK60_L14179 , 15
GWK60_L14201 , 10934
GWK60_L14223 , 3
GWK60_L14289 , 1327
GWK60_L14355 , 477
GWK60_L14377 , 15
GWK60_L14421 , 607
GWK60_L14509 , 873
GWK60_L14553 , 8159
GWK60_L14619 , 1
GWK60_L14685 , 1
GWK60_L14751 , 5708
GWK60_L14773 , 30912
GWK60_L14817 , 1
GWK60_L14883 , 160
GWK60_L14927 , 939
GWK60_L15015 , 2579
GWK60_L15059 , 2195
GWK60_L15411 , 1359
GWK60_L15455 , 585
GWK60_L15543 , 653
GWK60_L15587 , 1758
GWK60_L15697 , 1147
GWK60_L15807 , 724
GWK60_L15873 , 1
GWK60_L15961 , 98
GWK60_L16005 , 2293
GWK60_L16115 , 869
GWK60_L16225 , 5041
GWK60_L16313 , 8290
GWK60_L16335 , 118
GWK60_L16423 , 41
GWK60_L16599 , 461
GWK60_L16687 , 1157
GWK60_L16709 , 2338
GWK60_L16753 , 18
GWK60_L16819 , 2596
GWK60_L16841 , 194
GWK60_L16929 , 832
GWK60_L16973 , 264
GWK60_L17083 , 73
GWK60_L17237 , 438
GWK60_L00011 , 304
GWK60_L00033 , 316
GWK60_L00187 , 17
GWK60_L00473 , 1
GWK60_L00693 , 1
GWK60_L00825 , 3
GWK60_L00979 , 376
GWK60_L01045 , 665
GWK60_L01199 , 917
GWK60_L01265 , 8
GWK60_L01397 , 39
GWK60_L01573 , 931
GWK60_L01837 , 641
GWK60_L01925 , 892
GWK60_L02101 , 894
GWK60_L02255 , 208
GWK60_L02431 , 430
GWK60_L02497 , 1159
GWK60_L02981 , 1
GWK60_L03157 , 1
GWK60_L03179 , 573
GWK60_L03421 , 192
GWK60_L03641 , 748
GWK60_L03795 , 861
GWK60_L03905 , 287
GWK60_L03993 , 22
GWK60_L04191 , 2
GWK60_L04565 , 34
GWK60_L04587 , 72
GWK60_L05115 , 1353
GWK60_L05137 , 263
GWK60_L05159 , 326
GWK60_L05181 , 48
GWK60_L05247 , 697
GWK60_L05401 , 1
GWK60_L05423 , 1
GWK60_L05599 , 1
GWK60_L05643 , 2
GWK60_L05863 , 557
GWK60_L06237 , 2128
GWK60_L06611 , 907
GWK60_L06655 , 1
GWK60_L06919 , 796
GWK60_L07007 , 45
GWK60_L07117 , 1773
GWK60_L07337 , 2941
GWK60_L07425 , 1
GWK60_L07601 , 60
GWK60_L07711 , 220
GWK60_L07755 , 1
GWK60_L07843 , 11
GWK60_L07931 , 631
GWK60_L08041 , 646
GWK60_L08261 , 174
GWK60_L08349 , 127
GWK60_L08503 , 5
GWK60_L08613 , 1
GWK60_L08657 , 833
GWK60_L08679 , 527
GWK60_L08745 , 1
GWK60_L08855 , 484
GWK60_L08965 , 585
GWK60_L09141 , 28
GWK60_L09647 , 45
GWK60_L09713 , 1
GWK60_L09735 , 5
GWK60_L09999 , 69
GWK60_L10153 , 2
GWK60_L10637 , 834
GWK60_L10945 , 1822
GWK60_L11253 , 978
GWK60_L11297 , 2176
GWK60_L11451 , 3
GWK60_L11473 , 372
GWK60_L11539 , 682
GWK60_L11561 , 1
GWK60_L11913 , 744
GWK60_L12045 , 34
GWK60_L12551 , 399
GWK60_L12815 , 1
GWK60_L13123 , 1
GWK60_L13387 , 1
GWK60_L13497 , 3251
GWK60_L13629 , 546
GWK60_L13893 , 1311
GWK60_L14465 , 50
GWK60_L14663 , 173
GWK60_L14707 , 1
GWK60_L14839 , 11
GWK60_L15125 , 330
GWK60_L15235 , 72
GWK60_L15257 , 984
GWK60_L15301 , 399
GWK60_L15345 , 152
GWK60_L15675 , 74
GWK60_L15719 , 242
GWK60_L15785 , 1011
GWK60_L15851 , 2328
GWK60_L15983 , 129
GWK60_L16071 , 1197
GWK60_L16181 , 642
GWK60_L16247 , 2
GWK60_L16291 , 3
GWK60_L16357 , 1227
GWK60_L16533 , 2
GWK60_L16797 , 1
GWK60_L16907 , 506
GWK60_L16995 , 966
GWK60_L17193 , 1360
GWK60_L17259 , 1226
GWK60_M00033 , 1
GWK60_M00055 , 90
GWK60_M00077 , 2895
GWK60_M00187 , 187
GWK60_M00209 , 3922
GWK60_M00231 , 2
GWK60_M00275 , 4793
GWK60_M00407 , 282
GWK60_M00429 , 3459
GWK60_M00451 , 1
GWK60_M00473 , 1119
GWK60_M00671 , 5331
GWK60_M00803 , 258
GWK60_M00825 , 1
GWK60_M00869 , 21
GWK60_M00979 , 252
GWK60_M01067 , 723
GWK60_M01133 , 1314
GWK60_M01155 , 1056
GWK60_M01221 , 235
GWK60_M01353 , 376
GWK60_M01419 , 2
GWK60_M01595 , 1925
GWK60_M01617 , 2365
GWK60_M01639 , 17
GWK60_M01661 , 3148
GWK60_M01727 , 753
GWK60_M01793 , 39
GWK60_M01815 , 116
GWK60_M01837 , 137
GWK60_M01881 , 680
GWK60_M01947 , 441
GWK60_M02101 , 3494
GWK60_M02211 , 646
GWK60_M02497 , 1550
GWK60_M02541 , 1133
GWK60_M02739 , 2006
GWK60_M02761 , 1169
GWK60_M02849 , 76
GWK60_M03003 , 590
GWK60_M03025 , 1674
GWK60_M03091 , 2126
GWK60_M03135 , 1251
GWK60_M03289 , 114
GWK60_M03465 , 283
GWK60_M03531 , 1
GWK60_M03619 , 52
GWK60_M03663 , 1584
GWK60_M03905 , 80
GWK60_M04015 , 850
GWK60_M04059 , 2501
GWK60_M04103 , 1353
GWK60_M04125 , 827
GWK60_M04147 , 1398
GWK60_M04213 , 386
GWK60_M04345 , 1156
GWK60_M04411 , 453
GWK60_M04477 , 833
GWK60_M04587 , 80
GWK60_M04675 , 657
GWK60_M04851 , 448
GWK60_M04961 , 541
GWK60_M05049 , 1
GWK60_M05071 , 761
GWK60_M05379 , 992
GWK60_M05423 , 1068
GWK60_M05467 , 2279
GWK60_M05577 , 41
GWK60_M05643 , 220
GWK60_M05753 , 4838
GWK60_M05863 , 989
GWK60_M05907 , 1825
GWK60_M05929 , 1414
GWK60_M06105 , 778
GWK60_M06171 , 37
GWK60_M06237 , 4
GWK60_M06281 , 1415
GWK60_M06369 , 998
GWK60_M06501 , 262
GWK60_M06589 , 1082
GWK60_M06633 , 955
GWK60_M06655 , 4
GWK60_M06743 , 2440
GWK60_M06765 , 207
GWK60_M06853 , 717
GWK60_M06875 , 1407
GWK60_M06897 , 184
GWK60_M06963 , 107
GWK60_M07161 , 12
GWK60_M07271 , 3730
GWK60_M07293 , 5603
GWK60_M07359 , 81
GWK60_M07557 , 1630
GWK60_M07601 , 128
GWK60_M07711 , 869
GWK60_M07733 , 678
GWK60_M07887 , 5
GWK60_M07909 , 6170
GWK60_M07975 , 715
GWK60_M08041 , 933
GWK60_M08107 , 1833
GWK60_M08129 , 751
GWK60_M08151 , 1562
GWK60_M08173 , 1608
GWK60_M08195 , 2127
GWK60_M08217 , 709
GWK60_M08305 , 1004
GWK60_M08327 , 163
GWK60_M08371 , 32
GWK60_M08437 , 1354
GWK60_M08459 , 4747
GWK60_M08481 , 12070
GWK60_M08525 , 6824
GWK60_M08547 , 2
GWK60_M08613 , 1437
GWK60_M08657 , 728
GWK60_M08679 , 2103
GWK60_M08701 , 3321
GWK60_M08745 , 2146
GWK60_M08767 , 1913
GWK60_M08855 , 3
GWK60_M08899 , 271
GWK60_M08965 , 1176
GWK60_M08987 , 1556
GWK60_M09031 , 496
GWK60_M09141 , 2330
GWK60_M09207 , 3617
GWK60_M09251 , 73
GWK60_M09317 , 897
GWK60_M09383 , 1357
GWK60_M09427 , 1176
GWK60_M09449 , 1
GWK60_M09559 , 3128
GWK60_M09581 , 5
GWK60_M09603 , 394
GWK60_M09625 , 1107
GWK60_M09647 , 5616
GWK60_M09669 , 508
GWK60_M09713 , 794
GWK60_M09735 , 497
GWK60_M09779 , 262
GWK60_M09845 , 41
GWK60_M09867 , 2
GWK60_M09911 , 3637
GWK60_M09955 , 56636
GWK60_M09977 , 1281
GWK60_M09999 , 1735
GWK60_M10021 , 1791
GWK60_M10131 , 2630
GWK60_M10175 , 1016
GWK60_M10241 , 196
GWK60_M10263 , 922
GWK60_M10285 , 821
GWK60_M10329 , 110
GWK60_M10351 , 14
GWK60_M10373 , 18356
GWK60_M10395 , 3781
GWK60_M10417 , 9836
GWK60_M10439 , 4590
GWK60_M10461 , 2318
GWK60_M10505 , 3
GWK60_M10527 , 5274
GWK60_M10571 , 5840
GWK60_M10637 , 53
GWK60_M10659 , 38
GWK60_M10681 , 830
GWK60_M10703 , 1219
GWK60_M10725 , 3352
GWK60_M10747 , 15846
GWK60_M10813 , 487
GWK60_M10835 , 201
GWK60_M10857 , 331
GWK60_M10923 , 1
GWK60_M11099 , 376
GWK60_M11121 , 977
GWK60_M11143 , 45
GWK60_M11165 , 2229
GWK60_M11231 , 2608
GWK60_M11253 , 1459
GWK60_M11319 , 5332
GWK60_M11341 , 43
GWK60_M11363 , 944
GWK60_M11385 , 8579
GWK60_M11583 , 142
GWK60_M11605 , 2048
GWK60_M11649 , 36
GWK60_M11671 , 4188
GWK60_M11693 , 3969
GWK60_M11715 , 1137
GWK60_M11737 , 542
GWK60_M11913 , 150
GWK60_M11935 , 15
GWK60_M12023 , 1400
GWK60_M12067 , 940
GWK60_M12309 , 5305
GWK60_M12375 , 2664
GWK60_M12463 , 19
GWK60_M12595 , 1
GWK60_M12661 , 338
GWK60_M12683 , 404
GWK60_M12727 , 270
GWK60_M12749 , 1135
GWK60_M13013 , 2630
GWK60_M13101 , 376
GWK60_M13123 , 130
GWK60_M13211 , 214
GWK60_M13255 , 2773
GWK60_M13629 , 654
GWK60_M13651 , 2596
GWK60_M13761 , 276
GWK60_M13849 , 1256
GWK60_M13871 , 1
GWK60_M13915 , 92
GWK60_M13981 , 30
GWK60_M14003 , 396
GWK60_M14025 , 2
GWK60_M14135 , 833
GWK60_M00143 , 41
GWK60_M00253 , 470
GWK60_M00495 , 120
GWK60_M00583 , 995
GWK60_M00847 , 260
GWK60_M00891 , 1
GWK60_M00935 , 346
GWK60_M01177 , 45
GWK60_M01243 , 2022
GWK60_M01287 , 152
GWK60_M01573 , 1167
GWK60_M01969 , 292
GWK60_M02079 , 801
GWK60_M02299 , 1
GWK60_M02343 , 1589
GWK60_M02365 , 1340
GWK60_M02893 , 7
GWK60_M02981 , 175
GWK60_M03201 , 1171
GWK60_M03223 , 6
GWK60_M03421 , 10
GWK60_M03729 , 951
GWK60_M03817 , 315
GWK60_M03861 , 114
GWK60_M03993 , 243
GWK60_M04037 , 1687
GWK60_M04081 , 337
GWK60_M04235 , 172
GWK60_M04279 , 83
GWK60_M04323 , 3
GWK60_M04521 , 572
GWK60_M04741 , 38
GWK60_M04785 , 823
GWK60_M04983 , 322
GWK60_M05115 , 515
GWK60_M05181 , 371
GWK60_M05225 , 49
GWK60_M05247 , 3
GWK60_M05555 , 672
GWK60_M05885 , 1
GWK60_M06039 , 129
GWK60_M06149 , 1
GWK60_M06303 , 1426
GWK60_M06391 , 1410
GWK60_M06831 , 35
GWK60_M06919 , 126
GWK60_M06985 , 1227
GWK60_M07007 , 357
GWK60_M07029 , 29
GWK60_M07315 , 4038
GWK60_M07381 , 68
GWK60_M07425 , 501
GWK60_M07447 , 322
GWK60_M07469 , 4
GWK60_M07535 , 2
GWK60_M07623 , 1
GWK60_M07645 , 237
GWK60_M07755 , 528
GWK60_M07799 , 289
GWK60_M08019 , 97
GWK60_M08503 , 1405
GWK60_M08635 , 873
GWK60_M08723 , 705
GWK60_M08789 , 328
GWK60_M08811 , 589
GWK60_M09053 , 1
GWK60_M09097 , 1
GWK60_M09185 , 2500
GWK60_M09229 , 2
GWK60_M09471 , 1168
GWK60_M09757 , 398
GWK60_M09823 , 1039
GWK60_M09889 , 344
GWK60_M09933 , 94
GWK60_M10043 , 387
GWK60_M10065 , 1
GWK60_M10109 , 122
GWK60_M10791 , 22
GWK60_M10945 , 405
GWK60_M10967 , 398
GWK60_M11473 , 321
GWK60_M11627 , 191
GWK60_M11847 , 392
GWK60_M11891 , 278
GWK60_M12089 , 10
GWK60_M12221 , 2
GWK60_M12243 , 6
GWK60_M12331 , 437
GWK60_M12397 , 2
GWK60_M12529 , 600
GWK60_M12617 , 2472
GWK60_M12793 , 1059
GWK60_M12881 , 166
GWK60_M13035 , 298
GWK60_M13079 , 13
GWK60_M13145 , 436
GWK60_M13343 , 423
GWK60_M13431 , 841
GWK60_M13475 , 1060
GWK60_M13563 , 630
GWK60_M13585 , 33
