Bin index,yH299-parent-pool3,yH299-parent-pool3 rank
CP048230.1-0,0,1082
CP048230.1-1,0,1083
CP048230.1-2,1,896
CP048230.1-3,4,472
CP048230.1-4,2,735
CP048230.1-5,9,180
CP048230.1-6,5,365
CP048230.1-7,35,6
CP048230.1-8,8,211
CP048230.1-9,23,24
CP048230.1-10,4,473
CP048230.1-11,2,736
CP048230.1-12,24,22
CP048230.1-13,7,250
CP048230.1-14,25,19
CP048230.1-15,6,301
CP048230.1-16,4,474
CP048230.1-17,7,251
CP048230.1-18,17,52
CP048230.1-19,7,252
CP048230.1-20,4,475
CP048230.1-21,1,897
CP048230.1-22,0,1084
CP048230.1-23,4,476
CP048230.1-24,3,594
CP048230.1-25,4,477
CP048230.1-26,9,181
CP048230.1-27,3,595
CP048230.1-28,3,596
CP048230.1-29,4,478
CP048230.1-30,0,1085
CP048230.1-31,1,898
CP048230.1-32,7,253
CP048230.1-33,6,302
CP048230.1-34,8,212
CP048230.1-35,8,213
CP048230.1-36,1,899
CP048230.1-37,9,182
CP048230.1-38,3,597
CP048230.1-39,5,366
CP048230.1-40,1,900
CP048230.1-41,5,367
CP048230.1-42,3,598
CP048230.1-43,5,368
CP048230.1-44,13,99
CP048230.1-45,2,737
CP048230.1-46,4,479
CP048230.1-47,5,369
CP048230.1-48,8,214
CP048231.1-0,0,1086
CP048231.1-1,4,480
CP048231.1-2,3,599
CP048231.1-3,4,481
CP048231.1-4,3,600
CP048231.1-5,8,215
CP048231.1-6,7,254
CP048231.1-7,7,255
CP048231.1-8,3,601
CP048231.1-9,6,303
CP048231.1-10,2,738
CP048231.1-11,3,602
CP048231.1-12,1,901
CP048231.1-13,1,902
CP048231.1-14,5,370
CP048231.1-15,2,739
CP048231.1-16,0,1087
CP048231.1-17,1,903
CP048231.1-18,3,603
CP048231.1-19,4,482
CP048231.1-20,5,371
CP048231.1-21,0,1088
CP048231.1-22,6,304
CP048231.1-23,20,40
CP048231.1-24,1,904
CP048231.1-25,9,183
CP048231.1-26,11,131
CP048231.1-27,15,69
CP048231.1-28,10,152
CP048231.1-29,23,25
CP048231.1-30,12,112
CP048231.1-31,2,740
CP048231.1-32,3,604
CP048231.1-33,2,741
CP048231.1-34,3,605
CP048231.1-35,25,20
CP048231.1-36,2,742
CP048231.1-37,23,26
CP048231.1-38,33,8
CP048231.1-39,5,372
CP048231.1-40,4,483
CP048231.1-41,9,184
CP048231.1-42,7,256
CP048231.1-43,16,59
CP048231.1-44,34,7
CP048231.1-45,22,29
CP048231.1-46,17,53
CP048231.1-47,17,54
CP048231.1-48,23,27
CP048231.1-49,0,1089
CP048231.1-50,0,1090
CP048231.1-51,1,905
CP048232.1-0,0,1091
CP048232.1-1,0,1092
CP048232.1-2,2,743
CP048232.1-3,6,305
CP048232.1-4,5,373
CP048232.1-5,9,185
CP048232.1-6,4,484
CP048232.1-7,6,306
CP048232.1-8,5,374
CP048232.1-9,0,1093
CP048232.1-10,6,307
CP048232.1-11,4,485
CP048232.1-12,3,606
CP048232.1-13,3,607
CP048232.1-14,3,608
CP048232.1-15,4,486
CP048232.1-16,15,70
CP048232.1-17,3,609
CP048232.1-18,5,375
CP048232.1-19,6,308
CP048232.1-20,2,744
CP048232.1-21,4,487
CP048232.1-22,3,610
CP048232.1-23,7,257
CP048232.1-24,14,88
CP048232.1-25,2,745
CP048232.1-26,3,611
CP048232.1-27,8,216
CP048232.1-28,7,258
CP048232.1-29,3,612
CP048232.1-30,4,488
CP048232.1-31,12,113
CP048232.1-32,8,217
CP048232.1-33,6,309
CP048232.1-34,5,376
CP048232.1-35,18,49
CP048232.1-36,16,60
CP048232.1-37,16,61
CP048232.1-38,21,31
CP048232.1-39,17,55
CP048232.1-40,21,32
CP048232.1-41,20,41
CP048232.1-42,29,12
CP048232.1-43,53,2
CP048232.1-44,19,44
CP048232.1-45,21,33
CP048232.1-46,7,259
CP048232.1-47,28,13
CP048232.1-48,5,377
CP048232.1-49,6,310
CP048232.1-50,4,489
CP048232.1-51,2,746
CP048232.1-52,5,378
CP048233.1-0,0,1094
CP048233.1-1,1,906
CP048233.1-2,11,132
CP048233.1-3,3,613
CP048233.1-4,1,907
CP048233.1-5,3,614
CP048233.1-6,0,1095
CP048233.1-7,5,379
CP048233.1-8,2,747
CP048233.1-9,11,133
CP048233.1-10,12,114
CP048233.1-11,1,908
CP048233.1-12,10,153
CP048233.1-13,4,490
CP048233.1-14,2,748
CP048233.1-15,2,749
CP048233.1-16,7,260
CP048233.1-17,0,1096
CP048233.1-18,15,71
CP048233.1-19,1,909
CP048233.1-20,2,750
CP048233.1-21,3,615
CP048233.1-22,2,751
CP048233.1-23,1,910
CP048233.1-24,11,134
CP048233.1-25,3,616
CP048233.1-26,0,1097
CP048233.1-27,1,911
CP048233.1-28,0,1098
CP048233.1-29,1,912
CP048233.1-30,4,491
CP048233.1-31,1,913
CP048233.1-32,1,914
CP048233.1-33,3,617
CP048233.1-34,0,1099
CP048233.1-35,4,492
CP048233.1-36,2,752
CP048233.1-37,2,753
CP048233.1-38,1,915
CP048233.1-39,3,618
CP048233.1-40,8,218
CP048233.1-41,2,754
CP048233.1-42,2,755
CP048233.1-43,4,493
CP048233.1-44,6,311
CP048233.1-45,5,380
CP048233.1-46,0,1100
CP048233.1-47,9,186
CP048233.1-48,3,619
CP048233.1-49,6,312
CP048233.1-50,4,494
CP048233.1-51,6,313
CP048233.1-52,1,916
CP048233.1-53,15,72
CP048233.1-54,12,115
CP048233.1-55,19,45
CP048233.1-56,2,756
CP048233.1-57,13,100
CP048233.1-58,15,73
CP048233.1-59,7,261
CP048233.1-60,21,34
CP048233.1-61,11,135
CP048233.1-62,8,219
CP048233.1-63,8,220
CP048233.1-64,38,5
CP048233.1-65,6,314
CP048233.1-66,18,50
CP048233.1-67,8,221
CP048233.1-68,16,62
CP048233.1-69,1,917
CP048233.1-70,1,918
CP048234.1-0,1,919
CP048234.1-1,1,920
CP048234.1-2,0,1101
CP048234.1-3,1,921
CP048234.1-4,1,922
CP048234.1-5,5,381
CP048234.1-6,0,1102
CP048234.1-7,2,757
CP048234.1-8,4,495
CP048234.1-9,6,315
CP048234.1-10,0,1103
CP048234.1-11,1,923
CP048234.1-12,7,262
CP048234.1-13,10,154
CP048234.1-14,7,263
CP048234.1-15,5,382
CP048234.1-16,2,758
CP048234.1-17,3,620
CP048234.1-18,4,496
CP048234.1-19,5,383
CP048234.1-20,15,74
CP048234.1-21,5,384
CP048234.1-22,11,136
CP048234.1-23,26,16
CP048234.1-24,8,222
CP048234.1-25,12,116
CP048234.1-26,12,117
CP048234.1-27,7,264
CP048234.1-28,13,101
CP048234.1-29,2,759
CP048234.1-30,15,75
CP048234.1-31,12,118
CP048234.1-32,10,155
CP048234.1-33,1,924
CP048234.1-34,1,925
CP048234.1-35,5,385
CP048234.1-36,5,386
CP048234.1-37,4,497
CP048234.1-38,4,498
CP048234.1-39,7,265
CP048234.1-40,5,387
CP048234.1-41,5,388
CP048234.1-42,0,1104
CP048234.1-43,9,187
CP048234.1-44,16,63
CP048234.1-45,2,760
CP048234.1-46,16,64
CP048234.1-47,4,499
CP048234.1-48,2,761
CP048234.1-49,21,35
CP048234.1-50,11,137
CP048234.1-51,2,762
CP048234.1-52,3,621
CP048234.1-53,2,763
CP048234.1-54,2,764
CP048234.1-55,1,926
CP048234.1-56,1,927
CP048234.1-57,9,188
CP048234.1-58,12,119
CP048234.1-59,3,622
CP048234.1-60,0,1105
CP048234.1-61,5,389
CP048234.1-62,11,138
CP048234.1-63,7,266
CP048234.1-64,5,390
CP048234.1-65,5,391
CP048234.1-66,3,623
CP048234.1-67,1,928
CP048235.1-0,0,1106
CP048235.1-1,0,1107
CP048235.1-2,0,1108
CP048235.1-3,7,267
CP048235.1-4,4,500
CP048235.1-5,12,120
CP048235.1-6,0,1109
CP048235.1-7,9,189
CP048235.1-8,15,76
CP048235.1-9,3,624
CP048235.1-10,2,765
CP048235.1-11,0,1110
CP048235.1-12,5,392
CP048235.1-13,4,501
CP048235.1-14,12,121
CP048235.1-15,3,625
CP048235.1-16,26,17
CP048235.1-17,0,1111
CP048235.1-18,6,316
CP048235.1-19,16,65
CP048235.1-20,19,46
CP048235.1-21,2,766
CP048235.1-22,4,502
CP048235.1-23,13,102
CP048235.1-24,31,9
CP048235.1-25,11,139
CP048235.1-26,1,929
CP048235.1-27,14,89
CP048235.1-28,2,767
CP048235.1-29,6,317
CP048235.1-30,14,90
CP048235.1-31,11,140
CP048235.1-32,3,626
CP048235.1-33,2,768
CP048235.1-34,6,318
CP048235.1-35,2,769
CP048235.1-36,3,627
CP048235.1-37,8,223
CP048235.1-38,3,628
CP048235.1-39,1,930
CP048235.1-40,2,770
CP048235.1-41,3,629
CP048235.1-42,5,393
CP048235.1-43,23,28
CP048235.1-44,0,1112
CP048235.1-45,3,630
CP048235.1-46,3,631
CP048235.1-47,4,503
CP048235.1-48,4,504
CP048235.1-49,1,931
CP048235.1-50,7,268
CP048235.1-51,2,771
CP048235.1-52,1,932
CP048235.1-53,5,394
CP048235.1-54,2,772
CP048235.1-55,4,505
CP048235.1-56,4,506
CP048235.1-57,1,933
CP048235.1-58,1,934
CP048235.1-59,2,773
CP048235.1-60,9,190
CP048235.1-61,5,395
CP048235.1-62,1,935
CP048235.1-63,3,632
CP048235.1-64,4,507
CP048235.1-65,1,936
CP048235.1-66,1,937
CP048235.1-67,0,1113
CP048235.1-68,3,633
CP048235.1-69,8,224
CP048235.1-70,7,269
CP048235.1-71,1,938
CP048235.1-72,3,634
CP048235.1-73,2,774
CP048235.1-74,9,191
CP048235.1-75,15,77
CP048235.1-76,3,635
CP048235.1-77,2,775
CP048235.1-78,1,939
CP048235.1-79,2,776
CP048235.1-80,2,777
CP048235.1-81,6,319
CP048235.1-82,1,940
CP048235.1-83,3,636
CP048235.1-84,1,941
CP048235.1-85,1,942
CP048235.1-86,5,396
CP048235.1-87,2,778
CP048235.1-88,10,156
CP048235.1-89,2,779
CP048235.1-90,5,397
CP048235.1-91,4,508
CP048236.1-0,1,943
CP048236.1-1,0,1114
CP048236.1-2,1,944
CP048236.1-3,10,157
CP048236.1-4,20,42
CP048236.1-5,27,14
CP048236.1-6,5,398
CP048236.1-7,9,192
CP048236.1-8,16,66
CP048236.1-9,7,270
CP048236.1-10,5,399
CP048236.1-11,21,36
CP048236.1-12,8,225
CP048236.1-13,3,637
CP048236.1-14,7,271
CP048236.1-15,5,400
CP048236.1-16,4,509
CP048236.1-17,4,510
CP048236.1-18,0,1115
CP048236.1-19,12,122
CP048236.1-20,10,158
CP048236.1-21,1,945
CP048236.1-22,1,946
CP048236.1-23,4,511
CP048236.1-24,2,780
CP048236.1-25,3,638
CP048236.1-26,4,512
CP048236.1-27,3,639
CP048236.1-28,17,56
CP048236.1-29,8,226
CP048236.1-30,0,1116
CP048236.1-31,5,401
CP048236.1-32,4,513
CP048236.1-33,1,947
CP048236.1-34,0,1117
CP048236.1-35,2,781
CP048236.1-36,7,272
CP048236.1-37,3,640
CP048236.1-38,3,641
CP048236.1-39,4,514
CP048236.1-40,2,782
CP048236.1-41,1,948
CP048236.1-42,1,949
CP048236.1-43,2,783
CP048236.1-44,0,1118
CP048236.1-45,1,950
CP048236.1-46,1,951
CP048236.1-47,9,193
CP048236.1-48,0,1119
CP048236.1-49,0,1120
CP048236.1-50,2,784
CP048236.1-51,11,141
CP048236.1-52,2,785
CP048236.1-53,3,642
CP048236.1-54,2,786
CP048236.1-55,8,227
CP048236.1-56,5,402
CP048236.1-57,5,403
CP048236.1-58,5,404
CP048236.1-59,5,405
CP048236.1-60,7,273
CP048236.1-61,0,1121
CP048236.1-62,0,1122
CP048236.1-63,3,643
CP048236.1-64,4,515
CP048236.1-65,1,952
CP048236.1-66,2,787
CP048236.1-67,0,1123
CP048236.1-68,0,1124
CP048236.1-69,3,644
CP048236.1-70,8,228
CP048236.1-71,2,788
CP048236.1-72,2,789
CP048236.1-73,2,790
CP048236.1-74,3,645
CP048236.1-75,0,1125
CP048236.1-76,0,1126
CP048236.1-77,3,646
CP048236.1-78,3,647
CP048236.1-79,1,953
CP048236.1-80,2,791
CP048236.1-81,0,1127
CP048236.1-82,7,274
CP048236.1-83,4,516
CP048236.1-84,3,648
CP048236.1-85,0,1128
CP048236.1-86,3,649
CP048236.1-87,8,229
CP048236.1-88,2,792
CP048236.1-89,4,517
CP048236.1-90,3,650
CP048236.1-91,2,793
CP048236.1-92,9,194
CP048236.1-93,10,159
CP048236.1-94,4,518
CP048236.1-95,0,1129
CP048236.1-96,0,1130
CP048236.1-97,0,1131
CP048236.1-98,4,519
CP048236.1-99,2,794
CP048237.1-0,0,1132
CP048237.1-1,0,1133
CP048237.1-2,1,954
CP048237.1-3,4,520
CP048237.1-4,2,795
CP048237.1-5,2,796
CP048237.1-6,0,1134
CP048237.1-7,11,142
CP048237.1-8,8,230
CP048237.1-9,2,797
CP048237.1-10,0,1135
CP048237.1-11,1,955
CP048237.1-12,1,956
CP048237.1-13,7,275
CP048237.1-14,7,276
CP048237.1-15,0,1136
CP048237.1-16,1,957
CP048237.1-17,3,651
CP048237.1-18,3,652
CP048237.1-19,5,406
CP048237.1-20,2,798
CP048237.1-21,3,653
CP048237.1-22,4,521
CP048237.1-23,1,958
CP048237.1-24,5,407
CP048237.1-25,2,799
CP048237.1-26,3,654
CP048237.1-27,0,1137
CP048237.1-28,4,522
CP048237.1-29,0,1138
CP048237.1-30,2,800
CP048237.1-31,1,959
CP048237.1-32,0,1139
CP048237.1-33,3,655
CP048237.1-34,1,960
CP048237.1-35,5,408
CP048237.1-36,1,961
CP048237.1-37,1,962
CP048237.1-38,4,523
CP048237.1-39,11,143
CP048237.1-40,13,103
CP048237.1-41,0,1140
CP048237.1-42,1,963
CP048237.1-43,1,964
CP048237.1-44,2,801
CP048237.1-45,2,802
CP048237.1-46,1,965
CP048237.1-47,3,656
CP048237.1-48,1,966
CP048237.1-49,3,657
CP048237.1-50,0,1141
CP048237.1-51,3,658
CP048237.1-52,1,967
CP048237.1-53,2,803
CP048237.1-54,6,320
CP048237.1-55,2,804
CP048237.1-56,1,968
CP048237.1-57,6,321
CP048237.1-58,0,1142
CP048237.1-59,1,969
CP048237.1-60,4,524
CP048237.1-61,10,160
CP048237.1-62,5,409
CP048237.1-63,2,805
CP048237.1-64,11,144
CP048237.1-65,8,231
CP048237.1-66,2,806
CP048237.1-67,4,525
CP048237.1-68,2,807
CP048237.1-69,10,161
CP048237.1-70,2,808
CP048237.1-71,5,410
CP048237.1-72,0,1143
CP048237.1-73,14,91
CP048237.1-74,2,809
CP048237.1-75,8,232
CP048237.1-76,1,970
CP048237.1-77,4,526
CP048237.1-78,5,411
CP048237.1-79,3,659
CP048237.1-80,4,527
CP048237.1-81,7,277
CP048237.1-82,7,278
CP048237.1-83,11,145
CP048237.1-84,1,971
CP048237.1-85,7,279
CP048237.1-86,10,162
CP048237.1-87,10,163
CP048237.1-88,13,104
CP048237.1-89,4,528
CP048237.1-90,8,233
CP048237.1-91,17,57
CP048237.1-92,11,146
CP048237.1-93,2,810
CP048237.1-94,7,280
CP048237.1-95,20,43
CP048237.1-96,5,412
CP048237.1-97,57,1
CP048237.1-98,27,15
CP048237.1-99,49,3
CP048237.1-100,4,529
CP048237.1-101,3,660
CP048237.1-102,5,413
CP048237.1-103,1,972
CP048237.1-104,10,164
CP048237.1-105,2,811
CP048238.1-0,0,1144
CP048238.1-1,0,1145
CP048238.1-2,4,530
CP048238.1-3,0,1146
CP048238.1-4,16,67
CP048238.1-5,3,661
CP048238.1-6,12,123
CP048238.1-7,3,662
CP048238.1-8,3,663
CP048238.1-9,2,812
CP048238.1-10,2,813
CP048238.1-11,6,322
CP048238.1-12,5,414
CP048238.1-13,4,531
CP048238.1-14,3,664
CP048238.1-15,9,195
CP048238.1-16,4,532
CP048238.1-17,13,105
CP048238.1-18,10,165
CP048238.1-19,6,323
CP048238.1-20,2,814
CP048238.1-21,0,1147
CP048238.1-22,2,815
CP048238.1-23,1,973
CP048238.1-24,1,974
CP048238.1-25,6,324
CP048238.1-26,2,816
CP048238.1-27,10,166
CP048238.1-28,9,196
CP048238.1-29,5,415
CP048238.1-30,1,975
CP048238.1-31,6,325
CP048238.1-32,6,326
CP048238.1-33,10,167
CP048238.1-34,3,665
CP048238.1-35,19,47
CP048238.1-36,15,78
CP048238.1-37,6,327
CP048238.1-38,4,533
CP048238.1-39,16,68
CP048238.1-40,22,30
CP048238.1-41,2,817
CP048238.1-42,8,234
CP048238.1-43,10,168
CP048238.1-44,24,23
CP048238.1-45,4,534
CP048238.1-46,0,1148
CP048238.1-47,2,818
CP048238.1-48,11,147
CP048238.1-49,2,819
CP048238.1-50,4,535
CP048238.1-51,6,328
CP048238.1-52,5,416
CP048238.1-53,5,417
CP048238.1-54,6,329
CP048238.1-55,14,92
CP048238.1-56,4,536
CP048238.1-57,7,281
CP048238.1-58,0,1149
CP048238.1-59,4,537
CP048238.1-60,4,538
CP048238.1-61,0,1150
CP048238.1-62,0,1151
CP048238.1-63,0,1152
CP048238.1-64,1,976
CP048238.1-65,0,1153
CP048238.1-66,0,1154
CP048238.1-67,4,539
CP048238.1-68,14,93
CP048238.1-69,3,666
CP048238.1-70,9,197
CP048238.1-71,5,418
CP048238.1-72,1,977
CP048238.1-73,5,419
CP048238.1-74,0,1155
CP048238.1-75,2,820
CP048239.1-0,0,1156
CP048239.1-1,0,1157
CP048239.1-2,0,1158
CP048239.1-3,7,282
CP048239.1-4,5,420
CP048239.1-5,5,421
CP048239.1-6,6,330
CP048239.1-7,1,978
CP048239.1-8,6,331
CP048239.1-9,0,1159
CP048239.1-10,13,106
CP048239.1-11,2,821
CP048239.1-12,3,667
CP048239.1-13,2,822
CP048239.1-14,3,668
CP048239.1-15,11,148
CP048239.1-16,3,669
CP048239.1-17,12,124
CP048239.1-18,15,79
CP048239.1-19,2,823
CP048239.1-20,5,422
CP048239.1-21,3,670
CP048239.1-22,7,283
CP048239.1-23,30,11
CP048239.1-24,21,37
CP048239.1-25,8,235
CP048239.1-26,5,423
CP048239.1-27,13,107
CP048239.1-28,5,424
CP048239.1-29,8,236
CP048239.1-30,6,332
CP048239.1-31,9,198
CP048239.1-32,2,824
CP048239.1-33,2,825
CP048239.1-34,1,979
CP048239.1-35,6,333
CP048239.1-36,3,671
CP048239.1-37,0,1160
CP048239.1-38,2,826
CP048239.1-39,4,540
CP048239.1-40,6,334
CP048239.1-41,12,125
CP048239.1-42,5,425
CP048239.1-43,1,980
CP048239.1-44,4,541
CP048239.1-45,2,827
CP048239.1-46,1,981
CP048239.1-47,2,828
CP048239.1-48,1,982
CP048239.1-49,3,672
CP048239.1-50,2,829
CP048239.1-51,3,673
CP048239.1-52,0,1161
CP048239.1-53,3,674
CP048239.1-54,4,542
CP048239.1-55,3,675
CP048239.1-56,3,676
CP048239.1-57,0,1162
CP048239.1-58,1,983
CP048239.1-59,4,543
CP048239.1-60,4,544
CP048239.1-61,1,984
CP048239.1-62,7,284
CP048239.1-63,0,1163
CP048239.1-64,3,677
CP048239.1-65,3,678
CP048239.1-66,1,985
CP048239.1-67,1,986
CP048239.1-68,4,545
CP048239.1-69,0,1164
CP048239.1-70,3,679
CP048239.1-71,5,426
CP048239.1-72,3,680
CP048239.1-73,3,681
CP048239.1-74,4,546
CP048239.1-75,1,987
CP048239.1-76,2,830
CP048239.1-77,1,988
CP048239.1-78,0,1165
CP048239.1-79,0,1166
CP048239.1-80,1,989
CP048239.1-81,3,682
CP048239.1-82,0,1167
CP048239.1-83,0,1168
CP048239.1-84,4,547
CP048239.1-85,0,1169
CP048239.1-86,4,548
CP048239.1-87,4,549
CP048239.1-88,3,683
CP048239.1-89,2,831
CP048239.1-90,5,427
CP048239.1-91,1,990
CP048239.1-92,0,1170
CP048239.1-93,2,832
CP048239.1-94,0,1171
CP048239.1-95,6,335
CP048239.1-96,3,684
CP048239.1-97,1,991
CP048239.1-98,1,992
CP048239.1-99,0,1172
CP048239.1-100,1,993
CP048239.1-101,3,685
CP048239.1-102,2,833
CP048239.1-103,4,550
CP048239.1-104,2,834
CP048239.1-105,3,686
CP048239.1-106,1,994
CP048239.1-107,0,1173
CP048239.1-108,2,835
CP048239.1-109,0,1174
CP048239.1-110,3,687
CP048239.1-111,3,688
CP048239.1-112,6,336
CP048239.1-113,3,689
CP048239.1-114,4,551
CP048239.1-115,3,690
CP048239.1-116,2,836
CP048239.1-117,2,837
CP048239.1-118,2,838
CP048239.1-119,7,285
CP048239.1-120,0,1175
CP048239.1-121,0,1176
CP048239.1-122,1,995
CP048240.1-0,1,996
CP048240.1-1,0,1177
CP048240.1-2,4,552
CP048240.1-3,6,337
CP048240.1-4,1,997
CP048240.1-5,0,1178
CP048240.1-6,6,338
CP048240.1-7,10,169
CP048240.1-8,5,428
CP048240.1-9,1,998
CP048240.1-10,2,839
CP048240.1-11,3,691
CP048240.1-12,2,840
CP048240.1-13,3,692
CP048240.1-14,15,80
CP048240.1-15,7,286
CP048240.1-16,8,237
CP048240.1-17,3,693
CP048240.1-18,7,287
CP048240.1-19,9,199
CP048240.1-20,4,553
CP048240.1-21,6,339
CP048240.1-22,3,694
CP048240.1-23,4,554
CP048240.1-24,19,48
CP048240.1-25,31,10
CP048240.1-26,14,94
CP048240.1-27,26,18
CP048240.1-28,11,149
CP048240.1-29,21,38
CP048240.1-30,5,429
CP048240.1-31,9,200
CP048240.1-32,15,81
CP048240.1-33,8,238
CP048240.1-34,14,95
CP048240.1-35,0,1179
CP048240.1-36,3,695
CP048240.1-37,13,108
CP048240.1-38,5,430
CP048240.1-39,11,150
CP048240.1-40,9,201
CP048240.1-41,2,841
CP048240.1-42,6,340
CP048240.1-43,2,842
CP048240.1-44,7,288
CP048240.1-45,6,341
CP048240.1-46,3,696
CP048240.1-47,2,843
CP048240.1-48,4,555
CP048240.1-49,6,342
CP048240.1-50,1,999
CP048240.1-51,2,844
CP048240.1-52,1,1000
CP048240.1-53,3,697
CP048240.1-54,2,845
CP048240.1-55,1,1001
CP048240.1-56,8,239
CP048240.1-57,7,289
CP048240.1-58,8,240
CP048240.1-59,1,1002
CP048240.1-60,3,698
CP048240.1-61,4,556
CP048240.1-62,1,1003
CP048240.1-63,1,1004
CP048240.1-64,1,1005
CP048240.1-65,6,343
CP048240.1-66,2,846
CP048240.1-67,4,557
CP048240.1-68,1,1006
CP048240.1-69,4,558
CP048240.1-70,0,1180
CP048240.1-71,3,699
CP048240.1-72,12,126
CP048240.1-73,2,847
CP048240.1-74,7,290
CP048240.1-75,3,700
CP048240.1-76,5,431
CP048240.1-77,7,291
CP048240.1-78,1,1007
CP048240.1-79,0,1181
CP048240.1-80,1,1008
CP048240.1-81,4,559
CP048240.1-82,1,1009
CP048240.1-83,0,1182
CP048240.1-84,3,701
CP048240.1-85,0,1183
CP048240.1-86,4,560
CP048240.1-87,1,1010
CP048240.1-88,13,109
CP048240.1-89,3,702
CP048240.1-90,0,1184
CP048240.1-91,2,848
CP048240.1-92,0,1185
CP048240.1-93,4,561
CP048240.1-94,0,1186
CP048240.1-95,2,849
CP048240.1-96,0,1187
CP048240.1-97,6,344
CP048240.1-98,4,562
CP048240.1-99,6,345
CP048240.1-100,1,1011
CP048240.1-101,1,1012
CP048240.1-102,1,1013
CP048240.1-103,4,563
CP048240.1-104,6,346
CP048240.1-105,3,703
CP048240.1-106,5,432
CP048240.1-107,5,433
CP048240.1-108,1,1014
CP048240.1-109,1,1015
CP048240.1-110,5,434
CP048240.1-111,5,435
CP048240.1-112,5,436
CP048240.1-113,1,1016
CP048240.1-114,1,1017
CP048240.1-115,14,96
CP048240.1-116,1,1018
CP048240.1-117,5,437
CP048240.1-118,1,1019
CP048240.1-119,5,438
CP048240.1-120,2,850
CP048240.1-121,2,851
CP048240.1-122,1,1020
CP048240.1-123,1,1021
CP048240.1-124,4,564
CP048240.1-125,0,1188
CP048240.1-126,10,170
CP048240.1-127,5,439
CP048240.1-128,1,1022
CP048240.1-129,5,440
CP048241.1-0,0,1189
CP048241.1-1,0,1190
CP048241.1-2,6,347
CP048241.1-3,4,565
CP048241.1-4,4,566
CP048241.1-5,2,852
CP048241.1-6,1,1023
CP048241.1-7,7,292
CP048241.1-8,1,1024
CP048241.1-9,15,82
CP048241.1-10,1,1025
CP048241.1-11,13,110
CP048241.1-12,1,1026
CP048241.1-13,1,1027
CP048241.1-14,4,567
CP048241.1-15,4,568
CP048241.1-16,1,1028
CP048241.1-17,2,853
CP048241.1-18,9,202
CP048241.1-19,1,1029
CP048241.1-20,0,1191
CP048241.1-21,3,704
CP048241.1-22,13,111
CP048241.1-23,1,1030
CP048241.1-24,3,705
CP048241.1-25,2,854
CP048241.1-26,1,1031
CP048241.1-27,1,1032
CP048241.1-28,2,855
CP048241.1-29,2,856
CP048241.1-30,0,1192
CP048241.1-31,0,1193
CP048241.1-32,2,857
CP048241.1-33,5,441
CP048241.1-34,3,706
CP048241.1-35,12,127
CP048241.1-36,1,1033
CP048241.1-37,3,707
CP048241.1-38,1,1034
CP048241.1-39,1,1035
CP048241.1-40,4,569
CP048241.1-41,0,1194
CP048241.1-42,0,1195
CP048241.1-43,2,858
CP048241.1-44,1,1036
CP048241.1-45,4,570
CP048241.1-46,6,348
CP048241.1-47,4,571
CP048241.1-48,4,572
CP048241.1-49,8,241
CP048241.1-50,5,442
CP048241.1-51,5,443
CP048241.1-52,0,1196
CP048241.1-53,1,1037
CP048241.1-54,6,349
CP048241.1-55,2,859
CP048241.1-56,2,860
CP048241.1-57,6,350
CP048241.1-58,3,708
CP048241.1-59,2,861
CP048241.1-60,1,1038
CP048241.1-61,5,444
CP048241.1-62,1,1039
CP048241.1-63,4,573
CP048241.1-64,3,709
CP048241.1-65,2,862
CP048241.1-66,5,445
CP048241.1-67,3,710
CP048241.1-68,9,203
CP048241.1-69,6,351
CP048241.1-70,2,863
CP048241.1-71,1,1040
CP048241.1-72,2,864
CP048241.1-73,3,711
CP048241.1-74,4,574
CP048241.1-75,5,446
CP048241.1-76,5,447
CP048241.1-77,2,865
CP048241.1-78,5,448
CP048241.1-79,4,575
CP048241.1-80,0,1197
CP048241.1-81,1,1041
CP048241.1-82,0,1198
CP048241.1-83,6,352
CP048241.1-84,5,449
CP048241.1-85,7,293
CP048241.1-86,1,1042
CP048241.1-87,2,866
CP048241.1-88,8,242
CP048241.1-89,6,353
CP048241.1-90,5,450
CP048241.1-91,15,83
CP048241.1-92,21,39
CP048241.1-93,3,712
CP048241.1-94,6,354
CP048241.1-95,1,1043
CP048241.1-96,0,1199
CP048241.1-97,1,1044
CP048241.1-98,10,171
CP048241.1-99,3,713
CP048241.1-100,1,1045
CP048241.1-101,2,867
CP048241.1-102,9,204
CP048241.1-103,2,868
CP048241.1-104,0,1200
CP048241.1-105,0,1201
CP048241.1-106,5,451
CP048241.1-107,1,1046
CP048241.1-108,3,714
CP048241.1-109,5,452
CP048241.1-110,8,243
CP048241.1-111,2,869
CP048241.1-112,0,1202
CP048241.1-113,0,1203
CP048241.1-114,1,1047
CP048241.1-115,4,576
CP048241.1-116,4,577
CP048241.1-117,4,578
CP048241.1-118,1,1048
CP048241.1-119,4,579
CP048241.1-120,6,355
CP048241.1-121,1,1049
CP048241.1-122,0,1204
CP048241.1-123,10,172
CP048241.1-124,9,205
CP048241.1-125,9,206
CP048241.1-126,5,453
CP048241.1-127,7,294
CP048241.1-128,5,454
CP048241.1-129,0,1205
CP048241.1-130,4,580
CP048241.1-131,1,1050
CP048241.1-132,9,207
CP048241.1-133,7,295
CP048241.1-134,12,128
CP048241.1-135,15,84
CP048241.1-136,14,97
CP048241.1-137,8,244
CP048241.1-138,15,85
CP048241.1-139,10,173
CP048241.1-140,0,1206
CP048241.1-141,7,296
CP048241.1-142,1,1051
CP048241.1-143,6,356
CP048241.1-144,0,1207
CP048241.1-145,10,174
CP048241.1-146,6,357
CP048241.1-147,17,58
CP048241.1-148,10,175
CP048241.1-149,7,297
CP048241.1-150,2,870
CP048241.1-151,5,455
CP048241.1-152,0,1208
CP048241.1-153,2,871
CP048241.1-154,15,86
CP048241.1-155,4,581
CP048241.1-156,5,456
CP048241.1-157,1,1052
CP048241.1-158,2,872
CP048241.1-159,3,715
CP048241.1-160,2,873
CP048241.1-161,2,874
CP048241.1-162,1,1053
CP048241.1-163,0,1209
CP048241.1-164,1,1054
CP048241.1-165,2,875
CP048241.1-166,0,1210
CP048241.1-167,0,1211
CP048241.1-168,1,1055
CP048241.1-169,1,1056
CP048241.1-170,0,1212
CP048241.1-171,5,457
CP048241.1-172,3,716
CP048241.1-173,3,717
CP048241.1-174,0,1213
CP048241.1-175,2,876
CP048241.1-176,2,877
CP048241.1-177,0,1214
CP048241.1-178,4,582
CP048241.1-179,0,1215
CP048241.1-180,2,878
CP048242.1-0,0,1216
CP048242.1-1,0,1217
CP048242.1-2,3,718
CP048242.1-3,5,458
CP048242.1-4,1,1057
CP048242.1-5,3,719
CP048242.1-6,5,459
CP048242.1-7,4,583
CP048242.1-8,2,879
CP048242.1-9,1,1058
CP048242.1-10,3,720
CP048242.1-11,0,1218
CP048242.1-12,0,1219
CP048242.1-13,3,721
CP048242.1-14,2,880
CP048242.1-15,1,1059
CP048242.1-16,4,584
CP048242.1-17,3,722
CP048242.1-18,1,1060
CP048242.1-19,3,723
CP048242.1-20,2,881
CP048242.1-21,6,358
CP048242.1-22,0,1220
CP048242.1-23,4,585
CP048242.1-24,0,1221
CP048242.1-25,0,1222
CP048242.1-26,5,460
CP048242.1-27,2,882
CP048242.1-28,6,359
CP048242.1-29,2,883
CP048242.1-30,0,1223
CP048242.1-31,8,245
CP048242.1-32,1,1061
CP048242.1-33,9,208
CP048242.1-34,0,1224
CP048242.1-35,0,1225
CP048242.1-36,0,1226
CP048242.1-37,5,461
CP048242.1-38,7,298
CP048242.1-39,1,1062
CP048242.1-40,2,884
CP048242.1-41,2,885
CP048242.1-42,0,1227
CP048242.1-43,0,1228
CP048242.1-44,2,886
CP048242.1-45,0,1229
CP048242.1-46,5,462
CP048242.1-47,4,586
CP048242.1-48,2,887
CP048242.1-49,0,1230
CP048242.1-50,2,888
CP048242.1-51,1,1063
CP048242.1-52,1,1064
CP048242.1-53,8,246
CP048242.1-54,5,463
CP048242.1-55,0,1231
CP048242.1-56,1,1065
CP048242.1-57,0,1232
CP048242.1-58,2,889
CP048242.1-59,0,1233
CP048242.1-60,6,360
CP048242.1-61,1,1066
CP048242.1-62,8,247
CP048242.1-63,6,361
CP048242.1-64,3,724
CP048242.1-65,2,890
CP048242.1-66,10,176
CP048242.1-67,3,725
CP048242.1-68,2,891
CP048242.1-69,1,1067
CP048242.1-70,2,892
CP048242.1-71,1,1068
CP048242.1-72,1,1069
CP048242.1-73,0,1234
CP048242.1-74,7,299
CP048242.1-75,12,129
CP048242.1-76,0,1235
CP048242.1-77,3,726
CP048242.1-78,3,727
CP048242.1-79,3,728
CP048242.1-80,7,300
CP048242.1-81,0,1236
CP048242.1-82,4,587
CP048242.1-83,0,1237
CP048242.1-84,0,1238
CP048242.1-85,14,98
CP048242.1-86,9,209
CP048242.1-87,5,464
CP048242.1-88,10,177
CP048242.1-89,1,1070
CP048242.1-90,1,1071
CP048242.1-91,5,465
CP048242.1-92,0,1239
CP048242.1-93,5,466
CP048242.1-94,0,1240
CP048242.1-95,8,248
CP048242.1-96,2,893
CP048242.1-97,5,467
CP048242.1-98,1,1072
CP048242.1-99,10,178
CP048242.1-100,18,51
CP048242.1-101,4,588
CP048242.1-102,3,729
CP048242.1-103,10,179
CP048242.1-104,5,468
CP048242.1-105,41,4
CP048242.1-106,3,730
CP048242.1-107,6,362
CP048242.1-108,5,469
CP048242.1-109,11,151
CP048242.1-110,5,470
CP048242.1-111,3,731
CP048242.1-112,4,589
CP048242.1-113,9,210
CP048242.1-114,0,1241
CP048242.1-115,0,1242
CP048242.1-116,2,894
CP048242.1-117,25,21
CP048242.1-118,1,1073
CP048242.1-119,1,1074
CP048242.1-120,8,249
CP048242.1-121,4,590
CP048242.1-122,1,1075
CP048242.1-123,0,1243
CP048242.1-124,5,471
CP048242.1-125,3,732
CP048242.1-126,6,363
CP048242.1-127,1,1076
CP048242.1-128,1,1077
CP048242.1-129,2,895
CP048242.1-130,15,87
CP048242.1-131,12,130
CP048242.1-132,4,591
CP048242.1-133,1,1078
CP048242.1-134,3,733
CP048242.1-135,4,592
CP048242.1-136,4,593
CP048242.1-137,3,734
CP048242.1-138,1,1079
CP048242.1-139,1,1080
CP048242.1-140,6,364
CP048242.1-141,1,1081
