Bin index,yH298-H2O2-treated-facs-pool2,yH298-H2O2-treated-facs-pool2 rank
CP048230.1-0,2,1215
CP048230.1-1,2,1216
CP048230.1-2,0,1240
CP048230.1-3,29,524
CP048230.1-4,35,427
CP048230.1-5,77,108
CP048230.1-6,77,109
CP048230.1-7,157,18
CP048230.1-8,66,153
CP048230.1-9,153,21
CP048230.1-10,52,235
CP048230.1-11,11,1024
CP048230.1-12,135,29
CP048230.1-13,53,226
CP048230.1-14,112,46
CP048230.1-15,42,340
CP048230.1-16,40,368
CP048230.1-17,48,277
CP048230.1-18,109,48
CP048230.1-19,46,297
CP048230.1-20,42,341
CP048230.1-21,13,963
CP048230.1-22,3,1199
CP048230.1-23,45,304
CP048230.1-24,15,913
CP048230.1-25,52,236
CP048230.1-26,63,166
CP048230.1-27,48,278
CP048230.1-28,16,888
CP048230.1-29,21,742
CP048230.1-30,3,1200
CP048230.1-31,12,994
CP048230.1-32,31,499
CP048230.1-33,37,403
CP048230.1-34,44,315
CP048230.1-35,44,316
CP048230.1-36,17,858
CP048230.1-37,40,369
CP048230.1-38,21,743
CP048230.1-39,14,935
CP048230.1-40,20,772
CP048230.1-41,33,464
CP048230.1-42,14,936
CP048230.1-43,37,404
CP048230.1-44,67,147
CP048230.1-45,22,711
CP048230.1-46,24,653
CP048230.1-47,36,417
CP048230.1-48,35,428
CP048230.1-49,5,1157
CP048230.1-50,3,1201
CP048231.1-0,0,1241
CP048231.1-1,22,712
CP048231.1-2,25,628
CP048231.1-3,47,291
CP048231.1-4,41,354
CP048231.1-5,42,342
CP048231.1-6,30,516
CP048231.1-7,54,217
CP048231.1-8,35,429
CP048231.1-9,76,111
CP048231.1-10,23,675
CP048231.1-11,23,676
CP048231.1-12,5,1158
CP048231.1-13,20,773
CP048231.1-14,24,654
CP048231.1-15,17,859
CP048231.1-16,13,964
CP048231.1-17,18,826
CP048231.1-18,17,860
CP048231.1-19,18,827
CP048231.1-20,21,744
CP048231.1-21,10,1044
CP048231.1-22,28,549
CP048231.1-23,71,128
CP048231.1-24,29,525
CP048231.1-25,42,343
CP048231.1-26,40,370
CP048231.1-27,68,139
CP048231.1-28,98,53
CP048231.1-29,126,36
CP048231.1-30,83,92
CP048231.1-31,20,774
CP048231.1-32,15,914
CP048231.1-33,12,995
CP048231.1-34,50,260
CP048231.1-35,162,15
CP048231.1-36,21,745
CP048231.1-37,112,47
CP048231.1-38,167,13
CP048231.1-39,35,430
CP048231.1-40,45,305
CP048231.1-41,102,52
CP048231.1-42,81,100
CP048231.1-43,64,162
CP048231.1-44,175,10
CP048231.1-45,131,33
CP048231.1-46,77,110
CP048231.1-47,177,9
CP048231.1-48,146,25
CP048231.1-49,12,996
CP048231.1-50,0,1242
CP048231.1-51,3,1202
CP048232.1-0,0,1243
CP048232.1-1,9,1065
CP048232.1-2,22,713
CP048232.1-3,33,465
CP048232.1-4,29,526
CP048232.1-5,39,380
CP048232.1-6,24,655
CP048232.1-7,31,500
CP048232.1-8,22,714
CP048232.1-9,8,1090
CP048232.1-10,32,481
CP048232.1-11,23,677
CP048232.1-12,10,1045
CP048232.1-13,17,861
CP048232.1-14,23,678
CP048232.1-15,25,629
CP048232.1-16,57,197
CP048232.1-17,12,997
CP048232.1-18,49,266
CP048232.1-19,42,344
CP048232.1-20,15,915
CP048232.1-21,23,679
CP048232.1-22,26,599
CP048232.1-23,62,174
CP048232.1-24,79,103
CP048232.1-25,13,965
CP048232.1-26,28,550
CP048232.1-27,43,327
CP048232.1-28,64,163
CP048232.1-29,29,527
CP048232.1-30,27,579
CP048232.1-31,72,123
CP048232.1-32,49,267
CP048232.1-33,28,551
CP048232.1-34,53,227
CP048232.1-35,56,202
CP048232.1-36,81,101
CP048232.1-37,92,62
CP048232.1-38,95,57
CP048232.1-39,108,49
CP048232.1-40,144,26
CP048232.1-41,113,44
CP048232.1-42,122,40
CP048232.1-43,246,2
CP048232.1-44,93,59
CP048232.1-45,137,28
CP048232.1-46,58,195
CP048232.1-47,93,60
CP048232.1-48,51,245
CP048232.1-49,23,680
CP048232.1-50,51,246
CP048232.1-51,24,656
CP048232.1-52,26,600
CP048232.1-53,2,1217
CP048232.1-54,1,1227
CP048233.1-0,0,1244
CP048233.1-1,18,828
CP048233.1-2,84,88
CP048233.1-3,30,517
CP048233.1-4,14,937
CP048233.1-5,41,355
CP048233.1-6,33,466
CP048233.1-7,29,528
CP048233.1-8,45,306
CP048233.1-9,72,124
CP048233.1-10,54,218
CP048233.1-11,5,1159
CP048233.1-12,39,381
CP048233.1-13,28,552
CP048233.1-14,17,862
CP048233.1-15,8,1091
CP048233.1-16,34,451
CP048233.1-17,8,1092
CP048233.1-18,56,203
CP048233.1-19,12,998
CP048233.1-20,13,966
CP048233.1-21,17,863
CP048233.1-22,11,1025
CP048233.1-23,7,1118
CP048233.1-24,51,247
CP048233.1-25,16,889
CP048233.1-26,14,938
CP048233.1-27,11,1026
CP048233.1-28,5,1160
CP048233.1-29,14,939
CP048233.1-30,27,580
CP048233.1-31,19,796
CP048233.1-32,3,1203
CP048233.1-33,15,916
CP048233.1-34,14,940
CP048233.1-35,9,1066
CP048233.1-36,10,1046
CP048233.1-37,12,999
CP048233.1-38,24,657
CP048233.1-39,22,715
CP048233.1-40,29,529
CP048233.1-41,14,941
CP048233.1-42,33,467
CP048233.1-43,16,890
CP048233.1-44,29,530
CP048233.1-45,23,681
CP048233.1-46,19,797
CP048233.1-47,35,431
CP048233.1-48,14,942
CP048233.1-49,61,178
CP048233.1-50,29,531
CP048233.1-51,28,553
CP048233.1-52,13,967
CP048233.1-53,94,58
CP048233.1-54,76,112
CP048233.1-55,135,30
CP048233.1-56,51,248
CP048233.1-57,87,76
CP048233.1-58,82,95
CP048233.1-59,84,89
CP048233.1-60,123,38
CP048233.1-61,65,157
CP048233.1-62,67,148
CP048233.1-63,43,328
CP048233.1-64,182,8
CP048233.1-65,35,432
CP048233.1-66,103,50
CP048233.1-67,32,482
CP048233.1-68,85,84
CP048233.1-69,4,1173
CP048233.1-70,2,1218
CP048234.1-0,0,1245
CP048234.1-1,7,1119
CP048234.1-2,1,1228
CP048234.1-3,1,1229
CP048234.1-4,6,1138
CP048234.1-5,14,943
CP048234.1-6,19,798
CP048234.1-7,19,799
CP048234.1-8,19,800
CP048234.1-9,23,682
CP048234.1-10,16,891
CP048234.1-11,18,829
CP048234.1-12,66,154
CP048234.1-13,57,198
CP048234.1-14,52,237
CP048234.1-15,31,501
CP048234.1-16,20,775
CP048234.1-17,15,917
CP048234.1-18,18,830
CP048234.1-19,68,140
CP048234.1-20,78,105
CP048234.1-21,54,219
CP048234.1-22,75,115
CP048234.1-23,170,12
CP048234.1-24,54,220
CP048234.1-25,85,85
CP048234.1-26,113,45
CP048234.1-27,52,238
CP048234.1-28,63,167
CP048234.1-29,49,268
CP048234.1-30,69,137
CP048234.1-31,123,39
CP048234.1-32,61,179
CP048234.1-33,55,213
CP048234.1-34,15,918
CP048234.1-35,19,801
CP048234.1-36,63,168
CP048234.1-37,41,356
CP048234.1-38,28,554
CP048234.1-39,65,158
CP048234.1-40,21,746
CP048234.1-41,25,630
CP048234.1-42,21,747
CP048234.1-43,73,120
CP048234.1-44,88,74
CP048234.1-45,24,658
CP048234.1-46,57,199
CP048234.1-47,28,555
CP048234.1-48,27,581
CP048234.1-49,64,164
CP048234.1-50,49,269
CP048234.1-51,13,968
CP048234.1-52,42,345
CP048234.1-53,24,659
CP048234.1-54,7,1120
CP048234.1-55,13,969
CP048234.1-56,38,395
CP048234.1-57,54,221
CP048234.1-58,39,382
CP048234.1-59,22,716
CP048234.1-60,10,1047
CP048234.1-61,41,357
CP048234.1-62,74,119
CP048234.1-63,24,660
CP048234.1-64,37,405
CP048234.1-65,26,601
CP048234.1-66,44,317
CP048234.1-67,21,748
CP048234.1-68,3,1204
CP048235.1-0,2,1219
CP048235.1-1,1,1230
CP048235.1-2,3,1205
CP048235.1-3,41,358
CP048235.1-4,59,191
CP048235.1-5,75,116
CP048235.1-6,10,1048
CP048235.1-7,49,270
CP048235.1-8,98,54
CP048235.1-9,32,483
CP048235.1-10,34,452
CP048235.1-11,19,802
CP048235.1-12,37,406
CP048235.1-13,22,717
CP048235.1-14,82,96
CP048235.1-15,43,329
CP048235.1-16,156,19
CP048235.1-17,16,892
CP048235.1-18,72,125
CP048235.1-19,71,129
CP048235.1-20,91,67
CP048235.1-21,21,749
CP048235.1-22,34,453
CP048235.1-23,87,77
CP048235.1-24,194,7
CP048235.1-25,90,68
CP048235.1-26,33,468
CP048235.1-27,87,78
CP048235.1-28,22,718
CP048235.1-29,40,371
CP048235.1-30,83,93
CP048235.1-31,33,469
CP048235.1-32,14,944
CP048235.1-33,25,631
CP048235.1-34,50,261
CP048235.1-35,43,330
CP048235.1-36,18,831
CP048235.1-37,54,222
CP048235.1-38,7,1121
CP048235.1-39,16,893
CP048235.1-40,18,832
CP048235.1-41,15,919
CP048235.1-42,50,262
CP048235.1-43,96,55
CP048235.1-44,4,1174
CP048235.1-45,17,864
CP048235.1-46,39,383
CP048235.1-47,57,200
CP048235.1-48,43,331
CP048235.1-49,22,719
CP048235.1-50,52,239
CP048235.1-51,23,683
CP048235.1-52,8,1093
CP048235.1-53,41,359
CP048235.1-54,15,920
CP048235.1-55,43,332
CP048235.1-56,15,921
CP048235.1-57,12,1000
CP048235.1-58,12,1001
CP048235.1-59,13,970
CP048235.1-60,38,396
CP048235.1-61,34,454
CP048235.1-62,44,318
CP048235.1-63,28,556
CP048235.1-64,26,602
CP048235.1-65,4,1175
CP048235.1-66,16,894
CP048235.1-67,10,1049
CP048235.1-68,17,865
CP048235.1-69,34,455
CP048235.1-70,57,201
CP048235.1-71,14,945
CP048235.1-72,9,1067
CP048235.1-73,18,833
CP048235.1-74,37,407
CP048235.1-75,68,141
CP048235.1-76,17,866
CP048235.1-77,13,971
CP048235.1-78,9,1068
CP048235.1-79,19,803
CP048235.1-80,29,532
CP048235.1-81,24,661
CP048235.1-82,18,834
CP048235.1-83,26,603
CP048235.1-84,17,867
CP048235.1-85,16,895
CP048235.1-86,26,604
CP048235.1-87,7,1122
CP048235.1-88,59,192
CP048235.1-89,20,776
CP048235.1-90,48,279
CP048235.1-91,33,470
CP048235.1-92,29,533
CP048235.1-93,1,1231
CP048236.1-0,3,1206
CP048236.1-1,0,1246
CP048236.1-2,4,1176
CP048236.1-3,80,102
CP048236.1-4,85,86
CP048236.1-5,152,22
CP048236.1-6,32,484
CP048236.1-7,53,228
CP048236.1-8,124,37
CP048236.1-9,88,75
CP048236.1-10,27,582
CP048236.1-11,103,51
CP048236.1-12,86,80
CP048236.1-13,71,130
CP048236.1-14,42,346
CP048236.1-15,39,384
CP048236.1-16,44,319
CP048236.1-17,32,485
CP048236.1-18,8,1094
CP048236.1-19,56,204
CP048236.1-20,61,180
CP048236.1-21,11,1027
CP048236.1-22,16,896
CP048236.1-23,47,292
CP048236.1-24,10,1050
CP048236.1-25,19,804
CP048236.1-26,45,307
CP048236.1-27,51,249
CP048236.1-28,61,181
CP048236.1-29,39,385
CP048236.1-30,9,1069
CP048236.1-31,36,418
CP048236.1-32,13,972
CP048236.1-33,26,605
CP048236.1-34,2,1220
CP048236.1-35,11,1028
CP048236.1-36,37,408
CP048236.1-37,18,835
CP048236.1-38,24,662
CP048236.1-39,71,131
CP048236.1-40,9,1070
CP048236.1-41,18,836
CP048236.1-42,23,684
CP048236.1-43,19,805
CP048236.1-44,35,433
CP048236.1-45,9,1071
CP048236.1-46,15,922
CP048236.1-47,62,175
CP048236.1-48,8,1095
CP048236.1-49,14,946
CP048236.1-50,10,1051
CP048236.1-51,51,250
CP048236.1-52,21,750
CP048236.1-53,28,557
CP048236.1-54,22,720
CP048236.1-55,35,434
CP048236.1-56,24,663
CP048236.1-57,45,308
CP048236.1-58,37,409
CP048236.1-59,28,558
CP048236.1-60,32,486
CP048236.1-61,7,1123
CP048236.1-62,13,973
CP048236.1-63,35,435
CP048236.1-64,46,298
CP048236.1-65,6,1139
CP048236.1-66,29,534
CP048236.1-67,18,837
CP048236.1-68,8,1096
CP048236.1-69,11,1029
CP048236.1-70,73,121
CP048236.1-71,23,685
CP048236.1-72,16,897
CP048236.1-73,29,535
CP048236.1-74,23,686
CP048236.1-75,6,1140
CP048236.1-76,9,1072
CP048236.1-77,27,583
CP048236.1-78,11,1030
CP048236.1-79,19,806
CP048236.1-80,5,1161
CP048236.1-81,22,721
CP048236.1-82,28,559
CP048236.1-83,25,632
CP048236.1-84,41,360
CP048236.1-85,6,1141
CP048236.1-86,22,722
CP048236.1-87,53,229
CP048236.1-88,26,606
CP048236.1-89,27,584
CP048236.1-90,12,1002
CP048236.1-91,30,518
CP048236.1-92,38,397
CP048236.1-93,62,176
CP048236.1-94,18,838
CP048236.1-95,15,923
CP048236.1-96,22,723
CP048236.1-97,6,1142
CP048236.1-98,39,386
CP048236.1-99,8,1097
CP048236.1-100,4,1177
CP048237.1-0,0,1247
CP048237.1-1,0,1248
CP048237.1-2,22,724
CP048237.1-3,37,410
CP048237.1-4,36,419
CP048237.1-5,17,868
CP048237.1-6,5,1162
CP048237.1-7,61,182
CP048237.1-8,25,633
CP048237.1-9,12,1003
CP048237.1-10,16,898
CP048237.1-11,19,807
CP048237.1-12,7,1124
CP048237.1-13,19,808
CP048237.1-14,28,560
CP048237.1-15,7,1125
CP048237.1-16,12,1004
CP048237.1-17,21,751
CP048237.1-18,20,777
CP048237.1-19,24,664
CP048237.1-20,16,899
CP048237.1-21,20,778
CP048237.1-22,25,634
CP048237.1-23,23,687
CP048237.1-24,48,280
CP048237.1-25,28,561
CP048237.1-26,7,1126
CP048237.1-27,8,1098
CP048237.1-28,21,752
CP048237.1-29,6,1143
CP048237.1-30,8,1099
CP048237.1-31,6,1144
CP048237.1-32,26,607
CP048237.1-33,16,900
CP048237.1-34,35,436
CP048237.1-35,22,725
CP048237.1-36,21,753
CP048237.1-37,11,1031
CP048237.1-38,41,361
CP048237.1-39,53,230
CP048237.1-40,54,223
CP048237.1-41,9,1073
CP048237.1-42,20,779
CP048237.1-43,19,809
CP048237.1-44,23,688
CP048237.1-45,8,1100
CP048237.1-46,44,320
CP048237.1-47,12,1005
CP048237.1-48,36,420
CP048237.1-49,29,536
CP048237.1-50,1,1232
CP048237.1-51,44,321
CP048237.1-52,11,1032
CP048237.1-53,14,947
CP048237.1-54,51,251
CP048237.1-55,26,608
CP048237.1-56,4,1178
CP048237.1-57,37,411
CP048237.1-58,13,974
CP048237.1-59,5,1163
CP048237.1-60,39,387
CP048237.1-61,51,252
CP048237.1-62,22,726
CP048237.1-63,17,869
CP048237.1-64,44,322
CP048237.1-65,31,502
CP048237.1-66,21,754
CP048237.1-67,27,585
CP048237.1-68,18,839
CP048237.1-69,22,727
CP048237.1-70,21,755
CP048237.1-71,24,665
CP048237.1-72,3,1207
CP048237.1-73,82,97
CP048237.1-74,40,372
CP048237.1-75,48,281
CP048237.1-76,21,756
CP048237.1-77,6,1145
CP048237.1-78,28,562
CP048237.1-79,27,586
CP048237.1-80,34,456
CP048237.1-81,73,122
CP048237.1-82,78,106
CP048237.1-83,48,282
CP048237.1-84,15,924
CP048237.1-85,56,205
CP048237.1-86,84,90
CP048237.1-87,67,149
CP048237.1-88,51,253
CP048237.1-89,29,537
CP048237.1-90,51,254
CP048237.1-91,116,42
CP048237.1-92,75,117
CP048237.1-93,43,333
CP048237.1-94,43,334
CP048237.1-95,147,24
CP048237.1-96,28,563
CP048237.1-97,261,1
CP048237.1-98,120,41
CP048237.1-99,225,3
CP048237.1-100,46,299
CP048237.1-101,37,412
CP048237.1-102,39,388
CP048237.1-103,35,437
CP048237.1-104,20,780
CP048237.1-105,14,948
CP048238.1-0,2,1221
CP048238.1-1,0,1249
CP048238.1-2,28,564
CP048238.1-3,15,925
CP048238.1-4,69,138
CP048238.1-5,24,666
CP048238.1-6,58,196
CP048238.1-7,39,389
CP048238.1-8,32,487
CP048238.1-9,8,1101
CP048238.1-10,30,519
CP048238.1-11,39,390
CP048238.1-12,33,471
CP048238.1-13,27,587
CP048238.1-14,22,728
CP048238.1-15,52,240
CP048238.1-16,41,362
CP048238.1-17,76,113
CP048238.1-18,54,224
CP048238.1-19,56,206
CP048238.1-20,34,457
CP048238.1-21,9,1074
CP048238.1-22,19,810
CP048238.1-23,12,1006
CP048238.1-24,13,975
CP048238.1-25,40,373
CP048238.1-26,25,635
CP048238.1-27,59,193
CP048238.1-28,31,503
CP048238.1-29,60,188
CP048238.1-30,5,1164
CP048238.1-31,63,169
CP048238.1-32,50,263
CP048238.1-33,48,283
CP048238.1-34,29,538
CP048238.1-35,90,69
CP048238.1-36,60,189
CP048238.1-37,41,363
CP048238.1-38,46,300
CP048238.1-39,162,16
CP048238.1-40,159,17
CP048238.1-41,32,488
CP048238.1-42,23,689
CP048238.1-43,53,231
CP048238.1-44,200,5
CP048238.1-45,56,207
CP048238.1-46,16,901
CP048238.1-47,46,301
CP048238.1-48,68,142
CP048238.1-49,38,398
CP048238.1-50,32,489
CP048238.1-51,44,323
CP048238.1-52,23,690
CP048238.1-53,40,374
CP048238.1-54,49,271
CP048238.1-55,61,183
CP048238.1-56,42,347
CP048238.1-57,52,241
CP048238.1-58,0,1250
CP048238.1-59,8,1102
CP048238.1-60,41,364
CP048238.1-61,0,1251
CP048238.1-62,17,870
CP048238.1-63,8,1103
CP048238.1-64,13,976
CP048238.1-65,1,1233
CP048238.1-66,20,781
CP048238.1-67,26,609
CP048238.1-68,84,91
CP048238.1-69,21,757
CP048238.1-70,79,104
CP048238.1-71,67,150
CP048238.1-72,25,636
CP048238.1-73,23,691
CP048238.1-74,0,1252
CP048238.1-75,2,1222
CP048239.1-0,3,1208
CP048239.1-1,0,1253
CP048239.1-2,14,949
CP048239.1-3,65,159
CP048239.1-4,30,520
CP048239.1-5,56,208
CP048239.1-6,64,165
CP048239.1-7,13,977
CP048239.1-8,35,438
CP048239.1-9,8,1104
CP048239.1-10,55,214
CP048239.1-11,16,902
CP048239.1-12,16,903
CP048239.1-13,15,926
CP048239.1-14,26,610
CP048239.1-15,55,215
CP048239.1-16,25,637
CP048239.1-17,130,35
CP048239.1-18,83,94
CP048239.1-19,25,638
CP048239.1-20,52,242
CP048239.1-21,31,504
CP048239.1-22,89,71
CP048239.1-23,198,6
CP048239.1-24,131,34
CP048239.1-25,51,255
CP048239.1-26,31,505
CP048239.1-27,96,56
CP048239.1-28,68,143
CP048239.1-29,59,194
CP048239.1-30,70,135
CP048239.1-31,62,177
CP048239.1-32,23,692
CP048239.1-33,45,309
CP048239.1-34,22,729
CP048239.1-35,31,506
CP048239.1-36,25,639
CP048239.1-37,5,1165
CP048239.1-38,29,539
CP048239.1-39,29,540
CP048239.1-40,45,310
CP048239.1-41,54,225
CP048239.1-42,45,311
CP048239.1-43,18,840
CP048239.1-44,37,413
CP048239.1-45,8,1105
CP048239.1-46,11,1033
CP048239.1-47,8,1106
CP048239.1-48,28,565
CP048239.1-49,18,841
CP048239.1-50,11,1034
CP048239.1-51,13,978
CP048239.1-52,0,1254
CP048239.1-53,5,1166
CP048239.1-54,9,1075
CP048239.1-55,17,871
CP048239.1-56,7,1127
CP048239.1-57,4,1179
CP048239.1-58,1,1234
CP048239.1-59,28,566
CP048239.1-60,40,375
CP048239.1-61,40,376
CP048239.1-62,26,611
CP048239.1-63,7,1128
CP048239.1-64,22,730
CP048239.1-65,48,284
CP048239.1-66,17,872
CP048239.1-67,22,731
CP048239.1-68,23,693
CP048239.1-69,12,1007
CP048239.1-70,14,950
CP048239.1-71,32,490
CP048239.1-72,56,209
CP048239.1-73,35,439
CP048239.1-74,15,927
CP048239.1-75,17,873
CP048239.1-76,26,612
CP048239.1-77,17,874
CP048239.1-78,9,1076
CP048239.1-79,14,951
CP048239.1-80,9,1077
CP048239.1-81,10,1052
CP048239.1-82,8,1107
CP048239.1-83,13,979
CP048239.1-84,22,732
CP048239.1-85,3,1209
CP048239.1-86,44,324
CP048239.1-87,35,440
CP048239.1-88,32,491
CP048239.1-89,11,1035
CP048239.1-90,15,928
CP048239.1-91,13,980
CP048239.1-92,9,1078
CP048239.1-93,10,1053
CP048239.1-94,24,667
CP048239.1-95,42,348
CP048239.1-96,20,782
CP048239.1-97,4,1180
CP048239.1-98,8,1108
CP048239.1-99,28,567
CP048239.1-100,22,733
CP048239.1-101,24,668
CP048239.1-102,22,734
CP048239.1-103,18,842
CP048239.1-104,18,843
CP048239.1-105,14,952
CP048239.1-106,25,640
CP048239.1-107,4,1181
CP048239.1-108,12,1008
CP048239.1-109,7,1129
CP048239.1-110,9,1079
CP048239.1-111,14,953
CP048239.1-112,27,588
CP048239.1-113,20,783
CP048239.1-114,17,875
CP048239.1-115,15,929
CP048239.1-116,23,694
CP048239.1-117,35,441
CP048239.1-118,28,568
CP048239.1-119,37,414
CP048239.1-120,11,1036
CP048239.1-121,10,1054
CP048239.1-122,0,1255
CP048239.1-123,0,1256
CP048239.1-124,2,1223
CP048240.1-0,3,1210
CP048240.1-1,0,1257
CP048240.1-2,37,415
CP048240.1-3,71,132
CP048240.1-4,33,472
CP048240.1-5,6,1146
CP048240.1-6,35,442
CP048240.1-7,61,184
CP048240.1-8,18,844
CP048240.1-9,25,641
CP048240.1-10,10,1055
CP048240.1-11,27,589
CP048240.1-12,16,904
CP048240.1-13,14,954
CP048240.1-14,68,144
CP048240.1-15,28,569
CP048240.1-16,35,443
CP048240.1-17,45,312
CP048240.1-18,63,170
CP048240.1-19,75,118
CP048240.1-20,29,541
CP048240.1-21,35,444
CP048240.1-22,42,349
CP048240.1-23,39,391
CP048240.1-24,92,63
CP048240.1-25,164,14
CP048240.1-26,156,20
CP048240.1-27,148,23
CP048240.1-28,116,43
CP048240.1-29,144,27
CP048240.1-30,45,313
CP048240.1-31,50,264
CP048240.1-32,56,210
CP048240.1-33,35,445
CP048240.1-34,70,136
CP048240.1-35,11,1037
CP048240.1-36,21,758
CP048240.1-37,47,293
CP048240.1-38,42,350
CP048240.1-39,53,232
CP048240.1-40,89,72
CP048240.1-41,49,272
CP048240.1-42,32,492
CP048240.1-43,32,493
CP048240.1-44,16,905
CP048240.1-45,51,256
CP048240.1-46,25,642
CP048240.1-47,23,695
CP048240.1-48,25,643
CP048240.1-49,12,1009
CP048240.1-50,33,473
CP048240.1-51,23,696
CP048240.1-52,16,906
CP048240.1-53,20,784
CP048240.1-54,8,1109
CP048240.1-55,10,1056
CP048240.1-56,49,273
CP048240.1-57,48,285
CP048240.1-58,31,507
CP048240.1-59,21,759
CP048240.1-60,29,542
CP048240.1-61,47,294
CP048240.1-62,12,1010
CP048240.1-63,16,907
CP048240.1-64,2,1224
CP048240.1-65,28,570
CP048240.1-66,7,1130
CP048240.1-67,21,760
CP048240.1-68,19,811
CP048240.1-69,16,908
CP048240.1-70,5,1167
CP048240.1-71,31,508
CP048240.1-72,66,155
CP048240.1-73,44,325
CP048240.1-74,48,286
CP048240.1-75,13,981
CP048240.1-76,32,494
CP048240.1-77,48,287
CP048240.1-78,15,930
CP048240.1-79,4,1182
CP048240.1-80,12,1011
CP048240.1-81,26,613
CP048240.1-82,21,761
CP048240.1-83,5,1168
CP048240.1-84,24,669
CP048240.1-85,21,762
CP048240.1-86,18,845
CP048240.1-87,32,495
CP048240.1-88,67,151
CP048240.1-89,25,644
CP048240.1-90,12,1012
CP048240.1-91,27,590
CP048240.1-92,4,1183
CP048240.1-93,26,614
CP048240.1-94,4,1184
CP048240.1-95,20,785
CP048240.1-96,1,1235
CP048240.1-97,18,846
CP048240.1-98,21,763
CP048240.1-99,29,543
CP048240.1-100,18,847
CP048240.1-101,2,1225
CP048240.1-102,8,1110
CP048240.1-103,22,735
CP048240.1-104,31,509
CP048240.1-105,13,982
CP048240.1-106,63,171
CP048240.1-107,43,335
CP048240.1-108,4,1185
CP048240.1-109,9,1080
CP048240.1-110,15,931
CP048240.1-111,28,571
CP048240.1-112,27,591
CP048240.1-113,19,812
CP048240.1-114,3,1211
CP048240.1-115,45,314
CP048240.1-116,11,1038
CP048240.1-117,27,592
CP048240.1-118,35,446
CP048240.1-119,21,764
CP048240.1-120,34,458
CP048240.1-121,8,1111
CP048240.1-122,17,876
CP048240.1-123,18,848
CP048240.1-124,19,813
CP048240.1-125,13,983
CP048240.1-126,43,336
CP048240.1-127,52,243
CP048240.1-128,24,670
CP048240.1-129,39,392
CP048240.1-130,9,1081
CP048241.1-0,4,1186
CP048241.1-1,4,1187
CP048241.1-2,25,645
CP048241.1-3,25,646
CP048241.1-4,34,459
CP048241.1-5,23,697
CP048241.1-6,24,671
CP048241.1-7,46,302
CP048241.1-8,2,1226
CP048241.1-9,49,274
CP048241.1-10,17,877
CP048241.1-11,65,160
CP048241.1-12,10,1057
CP048241.1-13,7,1131
CP048241.1-14,20,786
CP048241.1-15,24,672
CP048241.1-16,13,984
CP048241.1-17,13,985
CP048241.1-18,52,244
CP048241.1-19,4,1188
CP048241.1-20,4,1189
CP048241.1-21,11,1039
CP048241.1-22,61,185
CP048241.1-23,12,1013
CP048241.1-24,6,1147
CP048241.1-25,7,1132
CP048241.1-26,6,1148
CP048241.1-27,23,698
CP048241.1-28,12,1014
CP048241.1-29,26,615
CP048241.1-30,6,1149
CP048241.1-31,4,1190
CP048241.1-32,5,1169
CP048241.1-33,29,544
CP048241.1-34,12,1015
CP048241.1-35,61,186
CP048241.1-36,25,647
CP048241.1-37,31,510
CP048241.1-38,39,393
CP048241.1-39,21,765
CP048241.1-40,38,399
CP048241.1-41,4,1191
CP048241.1-42,18,849
CP048241.1-43,12,1016
CP048241.1-44,28,572
CP048241.1-45,35,447
CP048241.1-46,31,511
CP048241.1-47,35,448
CP048241.1-48,46,303
CP048241.1-49,40,377
CP048241.1-50,43,337
CP048241.1-51,17,878
CP048241.1-52,10,1058
CP048241.1-53,4,1192
CP048241.1-54,43,338
CP048241.1-55,16,909
CP048241.1-56,20,787
CP048241.1-57,25,648
CP048241.1-58,23,699
CP048241.1-59,13,986
CP048241.1-60,13,987
CP048241.1-61,40,378
CP048241.1-62,21,766
CP048241.1-63,17,879
CP048241.1-64,23,700
CP048241.1-65,24,673
CP048241.1-66,42,351
CP048241.1-67,31,512
CP048241.1-68,43,339
CP048241.1-69,48,288
CP048241.1-70,10,1059
CP048241.1-71,9,1082
CP048241.1-72,18,850
CP048241.1-73,9,1083
CP048241.1-74,26,616
CP048241.1-75,23,701
CP048241.1-76,32,496
CP048241.1-77,12,1017
CP048241.1-78,49,275
CP048241.1-79,53,233
CP048241.1-80,4,1193
CP048241.1-81,20,788
CP048241.1-82,12,1018
CP048241.1-83,33,474
CP048241.1-84,26,617
CP048241.1-85,41,365
CP048241.1-86,33,475
CP048241.1-87,14,955
CP048241.1-88,26,618
CP048241.1-89,47,295
CP048241.1-90,27,593
CP048241.1-91,67,152
CP048241.1-92,76,114
CP048241.1-93,36,421
CP048241.1-94,42,352
CP048241.1-95,22,736
CP048241.1-96,6,1150
CP048241.1-97,19,814
CP048241.1-98,78,107
CP048241.1-99,18,851
CP048241.1-100,31,513
CP048241.1-101,19,815
CP048241.1-102,38,400
CP048241.1-103,49,276
CP048241.1-104,10,1060
CP048241.1-105,19,816
CP048241.1-106,24,674
CP048241.1-107,20,789
CP048241.1-108,26,619
CP048241.1-109,12,1019
CP048241.1-110,33,476
CP048241.1-111,15,932
CP048241.1-112,17,880
CP048241.1-113,12,1020
CP048241.1-114,13,988
CP048241.1-115,50,265
CP048241.1-116,26,620
CP048241.1-117,66,156
CP048241.1-118,22,737
CP048241.1-119,41,366
CP048241.1-120,25,649
CP048241.1-121,8,1112
CP048241.1-122,5,1170
CP048241.1-123,48,289
CP048241.1-124,89,73
CP048241.1-125,55,216
CP048241.1-126,56,211
CP048241.1-127,36,422
CP048241.1-128,44,326
CP048241.1-129,14,956
CP048241.1-130,23,702
CP048241.1-131,25,650
CP048241.1-132,85,87
CP048241.1-133,28,573
CP048241.1-134,82,98
CP048241.1-135,173,11
CP048241.1-136,90,70
CP048241.1-137,86,81
CP048241.1-138,132,32
CP048241.1-139,87,79
CP048241.1-140,17,881
CP048241.1-141,33,477
CP048241.1-142,12,1021
CP048241.1-143,71,133
CP048241.1-144,8,1113
CP048241.1-145,72,126
CP048241.1-146,47,296
CP048241.1-147,92,64
CP048241.1-148,63,172
CP048241.1-149,92,65
CP048241.1-150,19,817
CP048241.1-151,32,497
CP048241.1-152,26,621
CP048241.1-153,28,574
CP048241.1-154,51,257
CP048241.1-155,19,818
CP048241.1-156,35,449
CP048241.1-157,27,594
CP048241.1-158,4,1194
CP048241.1-159,17,882
CP048241.1-160,28,575
CP048241.1-161,18,852
CP048241.1-162,26,622
CP048241.1-163,9,1084
CP048241.1-164,6,1151
CP048241.1-165,7,1133
CP048241.1-166,6,1152
CP048241.1-167,26,623
CP048241.1-168,21,767
CP048241.1-169,6,1153
CP048241.1-170,1,1236
CP048241.1-171,23,703
CP048241.1-172,29,545
CP048241.1-173,20,790
CP048241.1-174,14,957
CP048241.1-175,14,958
CP048241.1-176,26,624
CP048241.1-177,8,1114
CP048241.1-178,18,853
CP048241.1-179,18,854
CP048241.1-180,4,1195
CP048241.1-181,0,1258
CP048241.1-182,1,1237
CP048241.1-183,3,1212
CP048241.1-184,1,1238
CP048242.1-0,3,1213
CP048242.1-1,0,1259
CP048242.1-2,13,989
CP048242.1-3,34,460
CP048242.1-4,27,595
CP048242.1-5,31,514
CP048242.1-6,36,423
CP048242.1-7,33,478
CP048242.1-8,8,1115
CP048242.1-9,34,461
CP048242.1-10,19,819
CP048242.1-11,10,1061
CP048242.1-12,10,1062
CP048242.1-13,20,791
CP048242.1-14,10,1063
CP048242.1-15,15,933
CP048242.1-16,27,596
CP048242.1-17,16,910
CP048242.1-18,20,792
CP048242.1-19,18,855
CP048242.1-20,20,793
CP048242.1-21,25,651
CP048242.1-22,17,883
CP048242.1-23,38,401
CP048242.1-24,9,1085
CP048242.1-25,9,1086
CP048242.1-26,30,521
CP048242.1-27,26,625
CP048242.1-28,13,990
CP048242.1-29,28,576
CP048242.1-30,13,991
CP048242.1-31,38,402
CP048242.1-32,14,959
CP048242.1-33,42,353
CP048242.1-34,6,1154
CP048242.1-35,5,1171
CP048242.1-36,10,1064
CP048242.1-37,17,884
CP048242.1-38,33,479
CP048242.1-39,21,768
CP048242.1-40,17,885
CP048242.1-41,19,820
CP048242.1-42,3,1214
CP048242.1-43,4,1196
CP048242.1-44,19,821
CP048242.1-45,12,1022
CP048242.1-46,23,704
CP048242.1-47,20,794
CP048242.1-48,8,1116
CP048242.1-49,7,1134
CP048242.1-50,14,960
CP048242.1-51,11,1040
CP048242.1-52,11,1041
CP048242.1-53,41,367
CP048242.1-54,25,652
CP048242.1-55,9,1087
CP048242.1-56,14,961
CP048242.1-57,8,1117
CP048242.1-58,23,705
CP048242.1-59,11,1042
CP048242.1-60,30,522
CP048242.1-61,20,795
CP048242.1-62,23,706
CP048242.1-63,36,424
CP048242.1-64,7,1135
CP048242.1-65,23,707
CP048242.1-66,51,258
CP048242.1-67,16,911
CP048242.1-68,21,769
CP048242.1-69,17,886
CP048242.1-70,22,738
CP048242.1-71,13,992
CP048242.1-72,9,1088
CP048242.1-73,18,856
CP048242.1-74,29,546
CP048242.1-75,68,145
CP048242.1-76,17,887
CP048242.1-77,34,462
CP048242.1-78,29,547
CP048242.1-79,14,962
CP048242.1-80,48,290
CP048242.1-81,15,934
CP048242.1-82,18,857
CP048242.1-83,6,1155
CP048242.1-84,19,822
CP048242.1-85,63,173
CP048242.1-86,93,61
CP048242.1-87,23,708
CP048242.1-88,61,187
CP048242.1-89,27,597
CP048242.1-90,26,626
CP048242.1-91,19,823
CP048242.1-92,1,1239
CP048242.1-93,23,709
CP048242.1-94,21,770
CP048242.1-95,40,379
CP048242.1-96,19,824
CP048242.1-97,34,463
CP048242.1-98,33,480
CP048242.1-99,60,190
CP048242.1-100,71,134
CP048242.1-101,68,146
CP048242.1-102,29,548
CP048242.1-103,82,99
CP048242.1-104,51,259
CP048242.1-105,212,4
CP048242.1-106,36,425
CP048242.1-107,39,394
CP048242.1-108,72,127
CP048242.1-109,86,82
CP048242.1-110,53,234
CP048242.1-111,32,498
CP048242.1-112,26,627
CP048242.1-113,36,426
CP048242.1-114,7,1136
CP048242.1-115,5,1172
CP048242.1-116,9,1089
CP048242.1-117,133,31
CP048242.1-118,22,739
CP048242.1-119,16,912
CP048242.1-120,86,83
CP048242.1-121,31,515
CP048242.1-122,35,450
CP048242.1-123,6,1156
CP048242.1-124,65,161
CP048242.1-125,30,523
CP048242.1-126,27,598
CP048242.1-127,28,577
CP048242.1-128,19,825
CP048242.1-129,11,1043
CP048242.1-130,92,66
CP048242.1-131,56,212
CP048242.1-132,22,740
CP048242.1-133,4,1197
CP048242.1-134,28,578
CP048242.1-135,22,741
CP048242.1-136,21,771
CP048242.1-137,13,993
CP048242.1-138,12,1023
CP048242.1-139,37,416
CP048242.1-140,23,710
CP048242.1-141,7,1137
CP048242.1-142,4,1198
