pair	obs_reads	obs_frac	bg_sites	bg_frac	enrichment
AA	512	0.0584208	1209011	0.095222	0.613522
AC	189	0.0215655	762519	0.0600562	0.359089
AG	163	0.0185988	736881	0.0580369	0.320465
AT	370	0.0422182	1160887	0.0914318	0.461745
CA	906	0.103377	749977	0.0590684	1.75013
CC	452	0.0515746	497331	0.0391699	1.31669
CG	332	0.0378822	491952	0.0387463	0.977701
CT	601	0.068576	743062	0.0585237	1.17176
GA	239	0.0272707	729403	0.057448	0.474702
GC	160	0.0182565	490670	0.0386453	0.472412
GG	149	0.0170014	490174	0.0386062	0.440379
GT	251	0.0286399	759498	0.0598183	0.478782
TA	3308	0.377453	1180891	0.0930073	4.05832
TC	193	0.0220219	731772	0.0576345	0.382096
TG	445	0.0507759	750765	0.0591304	0.85871
TT	494	0.056367	1211967	0.0954548	0.590509
