GWK60_A00121 , 367
GWK60_A00143 , 1
GWK60_A00209 , 2
GWK60_A00231 , 1697
GWK60_A00253 , 1830
GWK60_A00275 , 5542
GWK60_A00341 , 192
GWK60_A00363 , 1276
GWK60_A00385 , 0
GWK60_A00407 , 12850
GWK60_A00451 , 54698
GWK60_A00473 , 1136
GWK60_A00495 , 182
GWK60_A00517 , 0
GWK60_A00539 , 292
GWK60_A00583 , 4443
GWK60_A00605 , 4666
GWK60_A00627 , 1558
GWK60_A00649 , 15679
GWK60_A00671 , 14929
GWK60_A00715 , 1083
GWK60_A00759 , 357
GWK60_A00781 , 0
GWK60_A00825 , 0
GWK60_A00847 , 1113
GWK60_A00891 , 34426
GWK60_A00935 , 30
GWK60_A00957 , 4059
GWK60_A00979 , 895
GWK60_A01023 , 1603
GWK60_A01067 , 0
GWK60_A01089 , 3831
GWK60_A01111 , 12309
GWK60_A01133 , 970
GWK60_A01155 , 1562
GWK60_A01177 , 1988
GWK60_A01199 , 0
GWK60_A01221 , 2188
GWK60_A01243 , 19
GWK60_A01265 , 2061
GWK60_A01309 , 0
GWK60_A01331 , 0
GWK60_A01397 , 0
GWK60_A01419 , 2911
GWK60_A01441 , 35016
GWK60_A01507 , 4115
GWK60_A01595 , 3769
GWK60_A01617 , 665
GWK60_A01639 , 16
GWK60_A01661 , 490
GWK60_A01705 , 364
GWK60_A01727 , 1
GWK60_A01859 , 1201
GWK60_A01947 , 374
GWK60_A01969 , 0
GWK60_A02035 , 30
GWK60_A02057 , 1258
GWK60_A02079 , 7834
GWK60_A02101 , 0
GWK60_A02123 , 2362
GWK60_A02167 , 61
GWK60_A02233 , 0
GWK60_A02255 , 0
GWK60_A02299 , 0
GWK60_A02321 , 725
GWK60_A02343 , 189
GWK60_A02365 , 446
GWK60_A02387 , 3121
GWK60_A02431 , 1
GWK60_A02739 , 73
GWK60_A02761 , 0
GWK60_A02849 , 34
GWK60_A02915 , 74
GWK60_A02937 , 6116
GWK60_A02981 , 632
GWK60_A03025 , 96
GWK60_A03069 , 416
GWK60_A03091 , 290
GWK60_A03179 , 9257
GWK60_A03223 , 33
GWK60_A03289 , 49
GWK60_A03311 , 0
GWK60_A03355 , 0
GWK60_A03377 , 5800
GWK60_A03421 , 0
GWK60_A03575 , 998
GWK60_A03619 , 136
GWK60_A03663 , 275
GWK60_A03707 , 0
GWK60_A03751 , 1
GWK60_A03795 , 2
GWK60_A03971 , 1536
GWK60_A04147 , 945
GWK60_A04169 , 1051
GWK60_A04191 , 5
GWK60_A04279 , 0
GWK60_A04301 , 1
GWK60_A04323 , 314
GWK60_A04345 , 271
GWK60_A04477 , 13
GWK60_A04543 , 0
GWK60_A04609 , 0
GWK60_A04631 , 20
GWK60_A04675 , 498
GWK60_A04697 , 0
GWK60_A00187 , 0
GWK60_A00429 , 0
GWK60_A00693 , 0
GWK60_A00803 , 1
GWK60_A00869 , 0
GWK60_A01001 , 0
GWK60_A01045 , 0
GWK60_A01375 , 0
GWK60_A01463 , 149
GWK60_A01815 , 0
GWK60_A01837 , 0
GWK60_A02277 , 1
GWK60_A02475 , 0
GWK60_A02541 , 0
GWK60_A03201 , 210
GWK60_A03245 , 0
GWK60_A03465 , 0
GWK60_A03487 , 1
GWK60_A03773 , 1
GWK60_A03839 , 181
GWK60_A03883 , 0
GWK60_A04081 , 692
GWK60_A04103 , 0
GWK60_A04125 , 541
GWK60_A04213 , 336
GWK60_A04235 , 0
GWK60_A04257 , 0
GWK60_A04455 , 0
GWK60_A04499 , 0
GWK60_A04565 , 0
GWK60_B00165 , 0
GWK60_B00253 , 1
GWK60_B00363 , 660
GWK60_B00429 , 89
GWK60_B00495 , 1
GWK60_B00539 , 0
GWK60_B00583 , 13
GWK60_B00605 , 0
GWK60_B00649 , 0
GWK60_B00737 , 482
GWK60_B00759 , 221
GWK60_B00803 , 130
GWK60_B00825 , 0
GWK60_B00847 , 9
GWK60_B00913 , 1283
GWK60_B00935 , 5
GWK60_B00957 , 0
GWK60_B00979 , 0
GWK60_B01001 , 1
GWK60_B01089 , 165
GWK60_B01287 , 0
GWK60_B01397 , 1
GWK60_B01419 , 295
GWK60_B01507 , 0
GWK60_B01529 , 3
GWK60_B01595 , 0
GWK60_B01771 , 32
GWK60_B01815 , 1136
GWK60_B01903 , 0
GWK60_B01991 , 16
GWK60_B02123 , 0
GWK60_B02189 , 79
GWK60_B02255 , 2487
GWK60_B02277 , 27
GWK60_B02321 , 3078
GWK60_B02387 , 0
GWK60_B02409 , 1412
GWK60_B02431 , 1439
GWK60_B02475 , 1
GWK60_B02541 , 0
GWK60_B02585 , 504
GWK60_B02717 , 17854
GWK60_B02739 , 480
GWK60_B02761 , 230
GWK60_B02783 , 7473
GWK60_B02805 , 0
GWK60_B02827 , 5254
GWK60_B02871 , 7838
GWK60_B02915 , 409
GWK60_B03003 , 1
GWK60_B03113 , 1
GWK60_B03135 , 0
GWK60_B03157 , 0
GWK60_B03223 , 249
GWK60_B03245 , 2096
GWK60_B03267 , 616
GWK60_B03289 , 0
GWK60_B03311 , 127
GWK60_B03333 , 7988
GWK60_B03355 , 10889
GWK60_B03509 , 24668
GWK60_B03531 , 34749
GWK60_B03641 , 33288
GWK60_B03663 , 12311
GWK60_B03685 , 0
GWK60_B03707 , 1872
GWK60_B03729 , 648
GWK60_B03773 , 55
GWK60_B03817 , 196
GWK60_B03839 , 853
GWK60_B03861 , 0
GWK60_B03883 , 1212
GWK60_B03927 , 164
GWK60_B04059 , 284
GWK60_B04081 , 1127
GWK60_B04103 , 1792
GWK60_B04147 , 50
GWK60_B04169 , 1071
GWK60_B04191 , 674
GWK60_B04213 , 405
GWK60_B04235 , 1120
GWK60_B04279 , 2244
GWK60_B04301 , 0
GWK60_B04323 , 1851
GWK60_B04345 , 551
GWK60_B04411 , 19245
GWK60_B04433 , 2711
GWK60_B04455 , 1547
GWK60_B04499 , 852
GWK60_B04521 , 3654
GWK60_B04543 , 1414
GWK60_B04565 , 6369
GWK60_B04587 , 2140
GWK60_B04609 , 7931
GWK60_B04631 , 38
GWK60_B04653 , 1328
GWK60_B04675 , 262
GWK60_B04697 , 805
GWK60_B04719 , 15
GWK60_B04741 , 2900
GWK60_B04763 , 247
GWK60_B04785 , 1436
GWK60_B04807 , 368
GWK60_B04829 , 2047
GWK60_B04895 , 1077
GWK60_B04917 , 0
GWK60_B00385 , 0
GWK60_B00473 , 0
GWK60_B00627 , 0
GWK60_B00693 , 0
GWK60_B00781 , 0
GWK60_B01243 , 0
GWK60_B01441 , 13
GWK60_B01551 , 0
GWK60_B01661 , 0
GWK60_B01683 , 0
GWK60_B01947 , 0
GWK60_B01969 , 1
GWK60_B02101 , 0
GWK60_B02167 , 56
GWK60_B02233 , 674
GWK60_B02299 , 0
GWK60_B02497 , 0
GWK60_B02629 , 0
GWK60_B02651 , 0
GWK60_B02695 , 0
GWK60_B02849 , 230
GWK60_B02937 , 0
GWK60_B03201 , 39
GWK60_B03399 , 0
GWK60_B03443 , 0
GWK60_B03465 , 1
GWK60_B03949 , 0
GWK60_B03971 , 987
GWK60_B04015 , 0
GWK60_B04257 , 36
GWK60_C00033 , 0
GWK60_C00055 , 0
GWK60_C00077 , 6
GWK60_C00143 , 894
GWK60_C00209 , 365
GWK60_C00231 , 0
GWK60_C00341 , 303
GWK60_C00363 , 2610
GWK60_C00429 , 15
GWK60_C00583 , 25
GWK60_C00671 , 3
GWK60_C00693 , 10590
GWK60_C00715 , 0
GWK60_C00759 , 0
GWK60_C00869 , 23
GWK60_C00913 , 0
GWK60_C01089 , 0
GWK60_C01111 , 35
GWK60_C01177 , 11884
GWK60_C01221 , 0
GWK60_C01265 , 0
GWK60_C01287 , 0
GWK60_C01309 , 719
GWK60_C01353 , 0
GWK60_C01397 , 194
GWK60_C01419 , 1501
GWK60_C01441 , 1
GWK60_C01463 , 1
GWK60_C01639 , 56
GWK60_C01661 , 0
GWK60_C01771 , 147
GWK60_C01815 , 159
GWK60_C01837 , 293
GWK60_C01859 , 235
GWK60_C01903 , 0
GWK60_C01925 , 1
GWK60_C01969 , 0
GWK60_C01991 , 6167
GWK60_C02035 , 554
GWK60_C02123 , 2993
GWK60_C02167 , 250
GWK60_C02409 , 467
GWK60_C02453 , 0
GWK60_C02475 , 0
GWK60_C02519 , 755
GWK60_C02541 , 148
GWK60_C02563 , 551
GWK60_C02585 , 114
GWK60_C02695 , 1
GWK60_C02717 , 280
GWK60_C02805 , 4842
GWK60_C02827 , 6813
GWK60_C02849 , 21270
GWK60_C02871 , 52
GWK60_C02893 , 241
GWK60_C02937 , 367
GWK60_C03003 , 519
GWK60_C03069 , 0
GWK60_C03113 , 548
GWK60_C03201 , 4808
GWK60_C03223 , 1655
GWK60_C03289 , 708
GWK60_C03311 , 315
GWK60_C03377 , 19808
GWK60_C03399 , 1
GWK60_C03443 , 0
GWK60_C03465 , 368
GWK60_C03487 , 51
GWK60_C03509 , 3492
GWK60_C03531 , 2063
GWK60_C03553 , 2659
GWK60_C03575 , 0
GWK60_C03597 , 883
GWK60_C03619 , 225
GWK60_C03641 , 1127
GWK60_C03663 , 37
GWK60_C03685 , 1
GWK60_C03707 , 989
GWK60_C03729 , 64
GWK60_C03795 , 857
GWK60_C03861 , 14218
GWK60_C03883 , 4138
GWK60_C03905 , 14
GWK60_C03993 , 1191
GWK60_C04059 , 5087
GWK60_C04103 , 1237
GWK60_C04125 , 3832
GWK60_C04147 , 1398
GWK60_C04191 , 0
GWK60_C04213 , 1
GWK60_C04257 , 44165
GWK60_C04279 , 16801
GWK60_C04367 , 6321
GWK60_C04389 , 1811
GWK60_C04411 , 3743
GWK60_C04433 , 0
GWK60_C04455 , 554
GWK60_C04477 , 21206
GWK60_C04499 , 0
GWK60_C04543 , 457
GWK60_C04565 , 2568
GWK60_C04587 , 2475
GWK60_C04609 , 1480
GWK60_C04631 , 1151
GWK60_C04653 , 0
GWK60_C04675 , 658
GWK60_C04719 , 1227
GWK60_C04741 , 467
GWK60_C04807 , 0
GWK60_C04829 , 44
GWK60_C04851 , 46
GWK60_C04895 , 824
GWK60_C04917 , 346
GWK60_C04939 , 1334
GWK60_C04983 , 0
GWK60_C05049 , 385
GWK60_C05071 , 27
GWK60_C05115 , 2
GWK60_C00253 , 0
GWK60_C00275 , 0
GWK60_C00407 , 0
GWK60_C00451 , 0
GWK60_C00495 , 3190
GWK60_C00539 , 0
GWK60_C00605 , 0
GWK60_C00627 , 403
GWK60_C00847 , 0
GWK60_C00935 , 0
GWK60_C00957 , 0
GWK60_C00979 , 227
GWK60_C01045 , 16
GWK60_C01199 , 0
GWK60_C01375 , 1
GWK60_C01705 , 0
GWK60_C02013 , 6
GWK60_C02255 , 0
GWK60_C02277 , 0
GWK60_C02387 , 1
GWK60_C02431 , 0
GWK60_C02651 , 0
GWK60_C02915 , 0
GWK60_C02959 , 0
GWK60_C03047 , 0
GWK60_C03091 , 0
GWK60_C03135 , 0
GWK60_C03157 , 0
GWK60_C03179 , 2051
GWK60_C03267 , 13
GWK60_C03355 , 0
GWK60_C03421 , 0
GWK60_C03927 , 0
GWK60_C04081 , 0
GWK60_C04697 , 492
GWK60_C05005 , 17
GWK60_C05093 , 0
GWK60_D00011 , 0
GWK60_D00055 , 32737
GWK60_D00209 , 16
GWK60_D00253 , 269
GWK60_D00275 , 0
GWK60_D00341 , 43
GWK60_D00407 , 39
GWK60_D00495 , 4
GWK60_D00517 , 238
GWK60_D00561 , 13
GWK60_D00605 , 6068
GWK60_D00693 , 787
GWK60_D00737 , 1
GWK60_D00781 , 1
GWK60_D00803 , 610
GWK60_D00869 , 0
GWK60_D01089 , 9
GWK60_D01111 , 0
GWK60_D01155 , 3555
GWK60_D01199 , 0
GWK60_D01265 , 456
GWK60_D01287 , 0
GWK60_D01309 , 1503
GWK60_D01331 , 58
GWK60_D01353 , 3150
GWK60_D01441 , 0
GWK60_D01485 , 2819
GWK60_D01639 , 1
GWK60_D01727 , 73
GWK60_D01881 , 183
GWK60_D01947 , 3883
GWK60_D02013 , 1
GWK60_D02101 , 1
GWK60_D02211 , 0
GWK60_D02387 , 0
GWK60_D02629 , 1
GWK60_D02717 , 164
GWK60_D02783 , 0
GWK60_D02959 , 0
GWK60_D03047 , 415
GWK60_D03135 , 0
GWK60_D03201 , 5
GWK60_D03311 , 0
GWK60_D03355 , 205
GWK60_D03399 , 1
GWK60_D03421 , 1
GWK60_D03487 , 7
GWK60_D03971 , 0
GWK60_D04103 , 0
GWK60_D04147 , 2085
GWK60_D04169 , 0
GWK60_D04191 , 592
GWK60_D04235 , 449
GWK60_D04323 , 247
GWK60_D04477 , 211
GWK60_D04499 , 0
GWK60_D04521 , 14043
GWK60_D04543 , 0
GWK60_D04697 , 328
GWK60_D04719 , 27
GWK60_D04741 , 342
GWK60_D04763 , 63
GWK60_D04807 , 0
GWK60_D04851 , 894
GWK60_D04873 , 0
GWK60_D04895 , 2310
GWK60_D04917 , 21
GWK60_D04983 , 34
GWK60_D05247 , 325
GWK60_D05291 , 1317
GWK60_D05313 , 0
GWK60_D05335 , 0
GWK60_D05357 , 343
GWK60_D05423 , 72
GWK60_D05467 , 676
GWK60_D05621 , 0
GWK60_D05643 , 0
GWK60_D05709 , 0
GWK60_D05731 , 2116
GWK60_D05753 , 2554
GWK60_D05775 , 0
GWK60_D05797 , 307
GWK60_D05819 , 101
GWK60_D05841 , 1435
GWK60_D05863 , 525
GWK60_D05885 , 0
GWK60_D05907 , 752
GWK60_D05973 , 164
GWK60_D05995 , 6510
GWK60_D06017 , 3912
GWK60_D06061 , 11181
GWK60_D06083 , 8509
GWK60_D06127 , 1
GWK60_D06171 , 729
GWK60_D06215 , 2872
GWK60_D06303 , 0
GWK60_D06325 , 0
GWK60_D06347 , 0
GWK60_D06391 , 2256
GWK60_D06413 , 581
GWK60_D06435 , 0
GWK60_D06501 , 354
GWK60_D06545 , 0
GWK60_D06567 , 7145
GWK60_D06589 , 11957
GWK60_D06655 , 69
GWK60_D06699 , 229
GWK60_D06721 , 1
GWK60_D06765 , 182
GWK60_D06787 , 1356
GWK60_D06809 , 17
GWK60_D06853 , 110
GWK60_D00385 , 0
GWK60_D00429 , 0
GWK60_D00473 , 0
GWK60_D00649 , 1
GWK60_D00715 , 0
GWK60_D01045 , 0
GWK60_D01067 , 0
GWK60_D01397 , 0
GWK60_D01551 , 0
GWK60_D01815 , 0
GWK60_D01925 , 0
GWK60_D01969 , 0
GWK60_D02277 , 0
GWK60_D02343 , 64
GWK60_D02519 , 0
GWK60_D02651 , 0
GWK60_D02893 , 0
GWK60_D03091 , 4
GWK60_D03377 , 0
GWK60_D03443 , 20
GWK60_D03509 , 0
GWK60_D03531 , 0
GWK60_D03553 , 224
GWK60_D03597 , 0
GWK60_D03619 , 1
GWK60_D03773 , 1
GWK60_D03861 , 447
GWK60_D03949 , 0
GWK60_D04059 , 0
GWK60_D04257 , 1
GWK60_D04411 , 0
GWK60_D04631 , 0
GWK60_D04675 , 0
GWK60_D04939 , 0
GWK60_D05181 , 0
GWK60_D05269 , 5
GWK60_D05665 , 2
GWK60_D05687 , 0
GWK60_D06039 , 0
GWK60_D06149 , 0
GWK60_D06523 , 3
GWK60_D06611 , 0
GWK60_E00055 , 3
GWK60_E00077 , 0
GWK60_E00187 , 0
GWK60_E00209 , 0
GWK60_E00275 , 895
GWK60_E00319 , 0
GWK60_E00341 , 9
GWK60_E00407 , 0
GWK60_E00517 , 0
GWK60_E00561 , 1
GWK60_E00583 , 489
GWK60_E00627 , 0
GWK60_E00649 , 696
GWK60_E00671 , 1576
GWK60_E00869 , 172
GWK60_E00957 , 890
GWK60_E00979 , 2994
GWK60_E01001 , 442
GWK60_E01045 , 1611
GWK60_E01089 , 5622
GWK60_E01111 , 1
GWK60_E01177 , 327
GWK60_E01199 , 764
GWK60_E01243 , 29
GWK60_E01265 , 575
GWK60_E01287 , 404
GWK60_E01375 , 237
GWK60_E01419 , 38
GWK60_E01441 , 4935
GWK60_E01463 , 601
GWK60_E01485 , 561
GWK60_E01507 , 626
GWK60_E01573 , 0
GWK60_E01595 , 14
GWK60_E01617 , 0
GWK60_E01639 , 1328
GWK60_E01661 , 5
GWK60_E01683 , 37
GWK60_E01705 , 13
GWK60_E01749 , 408
GWK60_E01793 , 1926
GWK60_E01815 , 83
GWK60_E01837 , 292
GWK60_E01859 , 6
GWK60_E01881 , 0
GWK60_E01903 , 5323
GWK60_E01925 , 1861
GWK60_E01947 , 0
GWK60_E01969 , 1524
GWK60_E01991 , 3398
GWK60_E02013 , 18645
GWK60_E02035 , 1
GWK60_E02057 , 412
GWK60_E02079 , 3615
GWK60_E02123 , 7268
GWK60_E02189 , 8
GWK60_E02211 , 1
GWK60_E02233 , 346
GWK60_E02277 , 2606
GWK60_E02299 , 6896
GWK60_E02321 , 1376
GWK60_E02343 , 1
GWK60_E02365 , 23
GWK60_E02409 , 377
GWK60_E02431 , 2458
GWK60_E02475 , 2063
GWK60_E02497 , 0
GWK60_E02519 , 720
GWK60_E02541 , 327
GWK60_E02585 , 751
GWK60_E02629 , 65
GWK60_E02673 , 666
GWK60_E02695 , 3471
GWK60_E02761 , 1381
GWK60_E02783 , 561
GWK60_E02805 , 0
GWK60_E02827 , 629
GWK60_E02871 , 204
GWK60_E02893 , 797
GWK60_E02937 , 1008
GWK60_E03003 , 0
GWK60_E03091 , 1220
GWK60_E03157 , 1
GWK60_E03267 , 580
GWK60_E03355 , 1127
GWK60_E03377 , 8
GWK60_E03399 , 1873
GWK60_E03443 , 1354
GWK60_E03465 , 905
GWK60_E03509 , 217
GWK60_E03531 , 144
GWK60_E03553 , 0
GWK60_E03597 , 25
GWK60_E03619 , 1350
GWK60_E03707 , 0
GWK60_E03729 , 34
GWK60_E03795 , 2
GWK60_E03817 , 3
GWK60_E03971 , 129
GWK60_E03993 , 1110
GWK60_E04037 , 6434
GWK60_E04059 , 536
GWK60_E04103 , 1692
GWK60_E04147 , 16
GWK60_E04323 , 2483
GWK60_E04345 , 322
GWK60_E04389 , 64
GWK60_E04411 , 4
GWK60_E04477 , 528
GWK60_E04499 , 3049
GWK60_E04565 , 220
GWK60_E04587 , 10
GWK60_E04609 , 14837
GWK60_E04631 , 1
GWK60_E04675 , 0
GWK60_E04697 , 392
GWK60_E04807 , 1
GWK60_E04851 , 365
GWK60_E04895 , 1
GWK60_E04939 , 32
GWK60_E04983 , 1201
GWK60_E05115 , 0
GWK60_E05181 , 0
GWK60_E05203 , 0
GWK60_E05247 , 41
GWK60_E05269 , 2
GWK60_E05291 , 2387
GWK60_E05313 , 1780
GWK60_E05357 , 1
GWK60_E05555 , 0
GWK60_E05577 , 194
GWK60_E05599 , 1050
GWK60_E05621 , 180
GWK60_E05643 , 1133
GWK60_E05709 , 0
GWK60_E05731 , 233
GWK60_E05863 , 4544
GWK60_E05885 , 90
GWK60_E06017 , 0
GWK60_E06039 , 2343
GWK60_E06061 , 347
GWK60_E06105 , 9
GWK60_E06215 , 166
GWK60_E00165 , 1
GWK60_E00253 , 0
GWK60_E00363 , 0
GWK60_E00781 , 0
GWK60_E00935 , 1
GWK60_E01023 , 0
GWK60_E01067 , 0
GWK60_E01551 , 0
GWK60_E01727 , 290
GWK60_E02563 , 1311
GWK60_E02607 , 0
GWK60_E02651 , 1
GWK60_E02849 , 0
GWK60_E02915 , 1225
GWK60_E03025 , 0
GWK60_E03113 , 0
GWK60_E03135 , 0
GWK60_E03179 , 0
GWK60_E03223 , 0
GWK60_E03333 , 231
GWK60_E03421 , 193
GWK60_E03487 , 0
GWK60_E03641 , 59
GWK60_E03685 , 324
GWK60_E03773 , 0
GWK60_E03839 , 0
GWK60_E03949 , 0
GWK60_E04169 , 0
GWK60_E04367 , 0
GWK60_E04741 , 0
GWK60_E04873 , 0
GWK60_E05489 , 0
GWK60_E05665 , 0
GWK60_E05753 , 0
GWK60_E05907 , 0
GWK60_F00055 , 22
GWK60_F00121 , 82
GWK60_F00209 , 1249
GWK60_F00275 , 0
GWK60_F00297 , 132
GWK60_F00451 , 516
GWK60_F00495 , 942
GWK60_F00517 , 1410
GWK60_F00649 , 2172
GWK60_F00693 , 1
GWK60_F00737 , 0
GWK60_F00803 , 1
GWK60_F00913 , 643
GWK60_F00979 , 233
GWK60_F01045 , 42
GWK60_F01067 , 2254
GWK60_F01089 , 1214
GWK60_F01111 , 63
GWK60_F01133 , 62
GWK60_F01199 , 4634
GWK60_F01221 , 1731
GWK60_F01243 , 1346
GWK60_F01397 , 6
GWK60_F01419 , 3162
GWK60_F01485 , 54
GWK60_F01507 , 66
GWK60_F01529 , 1850
GWK60_F01573 , 12339
GWK60_F01595 , 0
GWK60_F01617 , 450
GWK60_F01661 , 167
GWK60_F01727 , 206
GWK60_F01771 , 3618
GWK60_F01815 , 2
GWK60_F01859 , 4856
GWK60_F01903 , 2417
GWK60_F01925 , 4798
GWK60_F01947 , 376
GWK60_F01969 , 4928
GWK60_F02013 , 959
GWK60_F02057 , 5407
GWK60_F02079 , 585
GWK60_F02101 , 7715
GWK60_F02123 , 421
GWK60_F02145 , 5687
GWK60_F02167 , 357
GWK60_F02255 , 965
GWK60_F02277 , 30
GWK60_F02299 , 782
GWK60_F02321 , 0
GWK60_F02343 , 341
GWK60_F02365 , 0
GWK60_F02431 , 40019
GWK60_F02475 , 470
GWK60_F02497 , 1
GWK60_F02519 , 400
GWK60_F02607 , 1455
GWK60_F02673 , 29
GWK60_F02717 , 650
GWK60_F02739 , 167
GWK60_F02827 , 18
GWK60_F02871 , 972
GWK60_F02937 , 401
GWK60_F03003 , 8435
GWK60_F03047 , 538
GWK60_F03091 , 0
GWK60_F03113 , 8
GWK60_F03179 , 63
GWK60_F03311 , 197
GWK60_F03333 , 1596
GWK60_F03377 , 2
GWK60_F03663 , 5
GWK60_F03707 , 328
GWK60_F03729 , 1707
GWK60_F03773 , 1
GWK60_F03795 , 1986
GWK60_F03839 , 1
GWK60_F03861 , 0
GWK60_F03993 , 0
GWK60_F04125 , 1134
GWK60_F04147 , 416
GWK60_F04191 , 796
GWK60_F04213 , 40
GWK60_F04301 , 0
GWK60_F04367 , 0
GWK60_F04455 , 166
GWK60_F04499 , 1020
GWK60_F04851 , 3
GWK60_F05049 , 0
GWK60_F05203 , 267
GWK60_F05335 , 0
GWK60_F05379 , 34
GWK60_F05401 , 0
GWK60_F05445 , 50
GWK60_F05577 , 130
GWK60_F05753 , 0
GWK60_F05775 , 217
GWK60_F05841 , 0
GWK60_F05885 , 131
GWK60_F06039 , 0
GWK60_F06149 , 93
GWK60_F06215 , 0
GWK60_F06479 , 45
GWK60_F06501 , 473
GWK60_F06523 , 459
GWK60_F06589 , 13991
GWK60_F06765 , 0
GWK60_F06831 , 13
GWK60_F06853 , 208
GWK60_F07073 , 1
GWK60_F07205 , 1334
GWK60_F07249 , 1
GWK60_F07337 , 1
GWK60_F07359 , 36
GWK60_F07403 , 263
GWK60_F07447 , 1
GWK60_F07491 , 0
GWK60_F07601 , 116
GWK60_F07645 , 104
GWK60_F07865 , 372
GWK60_F08063 , 53
GWK60_F08107 , 22
GWK60_F08173 , 6
GWK60_F08195 , 491
GWK60_F08305 , 79
GWK60_F08327 , 0
GWK60_F08349 , 2764
GWK60_F08371 , 70
GWK60_F08393 , 0
GWK60_F08437 , 0
GWK60_F08459 , 55
GWK60_F08525 , 0
GWK60_F08591 , 0
GWK60_F08613 , 0
GWK60_F08635 , 511
GWK60_F08701 , 0
GWK60_F00033 , 0
GWK60_F00077 , 31
GWK60_F00099 , 0
GWK60_F00231 , 0
GWK60_F00473 , 0
GWK60_F00561 , 0
GWK60_F00627 , 22
GWK60_F00715 , 0
GWK60_F00891 , 2
GWK60_F01155 , 0
GWK60_F01331 , 0
GWK60_F01375 , 16
GWK60_F01551 , 0
GWK60_F01639 , 0
GWK60_F01749 , 1303
GWK60_F02189 , 0
GWK60_F02233 , 0
GWK60_F02409 , 0
GWK60_F02585 , 0
GWK60_F02761 , 1838
GWK60_F02783 , 0
GWK60_F02805 , 1
GWK60_F02959 , 107
GWK60_F03069 , 0
GWK60_F03135 , 0
GWK60_F03421 , 351
GWK60_F03531 , 0
GWK60_F03575 , 0
GWK60_F03641 , 31
GWK60_F03949 , 0
GWK60_F04015 , 0
GWK60_F04235 , 11
GWK60_F04323 , 0
GWK60_F04389 , 0
GWK60_F04411 , 0
GWK60_F04631 , 0
GWK60_F04719 , 157
GWK60_F04763 , 483
GWK60_F05005 , 2
GWK60_F05027 , 0
GWK60_F05115 , 0
GWK60_F05225 , 0
GWK60_F05423 , 0
GWK60_F05467 , 0
GWK60_F05555 , 0
GWK60_F05621 , 0
GWK60_F05643 , 0
GWK60_F05665 , 0
GWK60_F05819 , 0
GWK60_F06061 , 0
GWK60_F06325 , 2
GWK60_F06347 , 0
GWK60_F06369 , 0
GWK60_F06413 , 0
GWK60_F06611 , 127
GWK60_F06743 , 0
GWK60_F06897 , 8
GWK60_F06919 , 0
GWK60_F06941 , 0
GWK60_F07051 , 0
GWK60_F07271 , 0
GWK60_F07535 , 0
GWK60_F07557 , 0
GWK60_F07843 , 89
GWK60_F07931 , 0
GWK60_F07975 , 373
GWK60_F08019 , 1
GWK60_F08217 , 0
GWK60_F08261 , 0
GWK60_F08547 , 102
GWK60_F08745 , 0
GWK60_G00033 , 351
GWK60_G00077 , 23
GWK60_G00099 , 4413
GWK60_G00121 , 2051
GWK60_G00165 , 1290
GWK60_G00187 , 8284
GWK60_G00209 , 6615
GWK60_G00231 , 259
GWK60_G00275 , 414
GWK60_G00297 , 45
GWK60_G00363 , 13
GWK60_G00407 , 4577
GWK60_G00451 , 4742
GWK60_G00495 , 1771
GWK60_G00517 , 790
GWK60_G00539 , 1029
GWK60_G00561 , 53
GWK60_G00605 , 0
GWK60_G00693 , 3644
GWK60_G00715 , 3779
GWK60_G00759 , 2856
GWK60_G00825 , 79
GWK60_G00869 , 37826
GWK60_G00891 , 167
GWK60_G00913 , 552
GWK60_G00957 , 713
GWK60_G01023 , 4291
GWK60_G01045 , 297
GWK60_G01067 , 597
GWK60_G01089 , 55
GWK60_G01133 , 146
GWK60_G01177 , 89
GWK60_G01243 , 0
GWK60_G01265 , 288
GWK60_G01309 , 0
GWK60_G01331 , 14
GWK60_G01353 , 199
GWK60_G01397 , 2
GWK60_G01419 , 1
GWK60_G01463 , 966
GWK60_G01485 , 169
GWK60_G01573 , 156
GWK60_G01705 , 0
GWK60_G01771 , 2035
GWK60_G01793 , 54
GWK60_G01969 , 3
GWK60_G01991 , 1146
GWK60_G02013 , 0
GWK60_G02057 , 124
GWK60_G02123 , 1485
GWK60_G02145 , 0
GWK60_G02233 , 412
GWK60_G02343 , 1
GWK60_G02387 , 0
GWK60_G02409 , 268
GWK60_G02431 , 0
GWK60_G02453 , 1
GWK60_G02475 , 154
GWK60_G02541 , 1746
GWK60_G02563 , 45
GWK60_G02585 , 16210
GWK60_G02607 , 34
GWK60_G02695 , 623
GWK60_G02805 , 5101
GWK60_G02915 , 0
GWK60_G02937 , 0
GWK60_G03069 , 455
GWK60_G03135 , 18
GWK60_G03157 , 20
GWK60_G03223 , 1
GWK60_G03289 , 480
GWK60_G03311 , 1
GWK60_G03421 , 0
GWK60_G03487 , 1269
GWK60_G03509 , 8
GWK60_G03531 , 183
GWK60_G03641 , 99
GWK60_G03663 , 0
GWK60_G03751 , 0
GWK60_G03773 , 134
GWK60_G03795 , 0
GWK60_G03817 , 123
GWK60_G03861 , 142
GWK60_G03905 , 369
GWK60_G03971 , 19
GWK60_G04059 , 0
GWK60_G04081 , 0
GWK60_G04103 , 0
GWK60_G04213 , 0
GWK60_G04389 , 0
GWK60_G04455 , 0
GWK60_G04521 , 0
GWK60_G04565 , 31
GWK60_G04587 , 237
GWK60_G04675 , 0
GWK60_G04785 , 0
GWK60_G04807 , 0
GWK60_G04961 , 107
GWK60_G05005 , 0
GWK60_G05027 , 36
GWK60_G05071 , 28
GWK60_G05093 , 5489
GWK60_G05225 , 0
GWK60_G05313 , 175
GWK60_G05335 , 509
GWK60_G05357 , 962
GWK60_G05379 , 115
GWK60_G05401 , 0
GWK60_G05445 , 1013
GWK60_G05511 , 4002
GWK60_G05731 , 0
GWK60_G05841 , 1
GWK60_G05907 , 26
GWK60_G05973 , 0
GWK60_G06061 , 0
GWK60_G06127 , 2
GWK60_G06193 , 9
GWK60_G06303 , 995
GWK60_G06369 , 126
GWK60_G06435 , 1835
GWK60_G06457 , 404
GWK60_G06853 , 0
GWK60_G06963 , 38
GWK60_G06985 , 28898
GWK60_G07007 , 0
GWK60_G07095 , 1059
GWK60_G07293 , 55
GWK60_G07315 , 15
GWK60_G07359 , 1932
GWK60_G07381 , 0
GWK60_G07491 , 0
GWK60_G07865 , 94
GWK60_G07975 , 0
GWK60_G08085 , 1
GWK60_G08195 , 344
GWK60_G08305 , 0
GWK60_G08371 , 0
GWK60_G08393 , 1
GWK60_G08415 , 282
GWK60_G08437 , 1985
GWK60_G08459 , 0
GWK60_G08503 , 0
GWK60_G08569 , 0
GWK60_G08701 , 0
GWK60_G08745 , 1482
GWK60_G08855 , 0
GWK60_G08965 , 13
GWK60_G08987 , 0
GWK60_G09009 , 3
GWK60_G09031 , 164
GWK60_G09163 , 350
GWK60_G09229 , 632
GWK60_G09273 , 679
GWK60_G09317 , 0
GWK60_G09339 , 112
GWK60_G09361 , 5394
GWK60_G09449 , 0
GWK60_G09471 , 350
GWK60_G09625 , 316
GWK60_G09691 , 2279
GWK60_G00011 , 0
GWK60_G00143 , 0
GWK60_G00319 , 0
GWK60_G00429 , 180
GWK60_G00473 , 0
GWK60_G00649 , 33
GWK60_G00671 , 36
GWK60_G00935 , 36
GWK60_G00979 , 0
GWK60_G01111 , 0
GWK60_G01287 , 2
GWK60_G01749 , 1
GWK60_G01837 , 190
GWK60_G02189 , 0
GWK60_G02827 , 0
GWK60_G02849 , 177
GWK60_G03113 , 0
GWK60_G03179 , 0
GWK60_G03355 , 0
GWK60_G03377 , 0
GWK60_G03465 , 748
GWK60_G03619 , 0
GWK60_G03707 , 0
GWK60_G03729 , 0
GWK60_G03993 , 0
GWK60_G04147 , 8
GWK60_G04235 , 0
GWK60_G04257 , 1
GWK60_G04323 , 0
GWK60_G04411 , 0
GWK60_G04499 , 0
GWK60_G04543 , 25
GWK60_G04609 , 0
GWK60_G04851 , 0
GWK60_G04873 , 0
GWK60_G05115 , 0
GWK60_G05423 , 0
GWK60_G05533 , 2
GWK60_G05621 , 0
GWK60_G05797 , 2
GWK60_G05929 , 0
GWK60_G06105 , 0
GWK60_G06171 , 0
GWK60_G06215 , 0
GWK60_G06237 , 6
GWK60_G06567 , 0
GWK60_G06589 , 0
GWK60_G06677 , 0
GWK60_G06743 , 0
GWK60_G06831 , 0
GWK60_G06941 , 1
GWK60_G07117 , 0
GWK60_G07139 , 0
GWK60_G07337 , 0
GWK60_G07403 , 0
GWK60_G07447 , 0
GWK60_G07645 , 0
GWK60_G07733 , 0
GWK60_G07821 , 90
GWK60_G08217 , 0
GWK60_G08239 , 0
GWK60_G08547 , 63
GWK60_G08613 , 0
GWK60_G08657 , 0
GWK60_G08789 , 0
GWK60_G08877 , 2208
GWK60_G09559 , 0
GWK60_G09581 , 0
GWK60_G09713 , 0
GWK60_G09801 , 0
GWK60_G09889 , 0
GWK60_H00055 , 0
GWK60_H00231 , 78
GWK60_H00253 , 0
GWK60_H00341 , 1
GWK60_H00385 , 0
GWK60_H00495 , 6273
GWK60_H00517 , 0
GWK60_H00539 , 8959
GWK60_H00715 , 0
GWK60_H00737 , 1
GWK60_H00781 , 329
GWK60_H00847 , 36
GWK60_H00913 , 207
GWK60_H00935 , 0
GWK60_H00979 , 69
GWK60_H01023 , 1437
GWK60_H01089 , 0
GWK60_H01111 , 0
GWK60_H01309 , 0
GWK60_H01419 , 2
GWK60_H01507 , 2056
GWK60_H01529 , 29
GWK60_H01617 , 0
GWK60_H01639 , 207
GWK60_H01749 , 2866
GWK60_H01903 , 1380
GWK60_H01925 , 0
GWK60_H02035 , 204
GWK60_H02057 , 1362
GWK60_H02079 , 0
GWK60_H02101 , 125
GWK60_H02145 , 1527
GWK60_H02167 , 382
GWK60_H02189 , 0
GWK60_H02321 , 2362
GWK60_H02343 , 50
GWK60_H02365 , 16
GWK60_H02453 , 458
GWK60_H02475 , 284
GWK60_H02519 , 2
GWK60_H02629 , 0
GWK60_H03113 , 17
GWK60_H03179 , 31
GWK60_H03201 , 3
GWK60_H03245 , 7987
GWK60_H03377 , 0
GWK60_H03399 , 0
GWK60_H03421 , 0
GWK60_H03531 , 4132
GWK60_H03575 , 248
GWK60_H03641 , 1
GWK60_H03685 , 87
GWK60_H03795 , 576
GWK60_H03839 , 165
GWK60_H03861 , 599
GWK60_H03927 , 0
GWK60_H03949 , 1311
GWK60_H04015 , 56
GWK60_H04037 , 98
GWK60_H04367 , 662
GWK60_H04433 , 10
GWK60_H04499 , 0
GWK60_H04521 , 494
GWK60_H04543 , 0
GWK60_H04609 , 0
GWK60_H04631 , 254
GWK60_H04741 , 0
GWK60_H04763 , 1864
GWK60_H04785 , 1
GWK60_H04807 , 1
GWK60_H04851 , 1146
GWK60_H05027 , 0
GWK60_H05049 , 526
GWK60_H05137 , 0
GWK60_H05159 , 652
GWK60_H05247 , 397
GWK60_H05291 , 0
GWK60_H05423 , 1505
GWK60_H05511 , 0
GWK60_H05599 , 7
GWK60_H05665 , 0
GWK60_H05753 , 3
GWK60_H05775 , 0
GWK60_H05841 , 0
GWK60_H05973 , 64
GWK60_H05995 , 0
GWK60_H06105 , 26
GWK60_H06127 , 7
GWK60_H06171 , 678
GWK60_H06215 , 2
GWK60_H06237 , 0
GWK60_H06259 , 1820
GWK60_H06347 , 2664
GWK60_H06369 , 4947
GWK60_H06391 , 343
GWK60_H06435 , 143
GWK60_H06457 , 0
GWK60_H06523 , 107
GWK60_H06567 , 864
GWK60_H06589 , 0
GWK60_H06611 , 916
GWK60_H06633 , 718
GWK60_H06721 , 254
GWK60_H06743 , 149
GWK60_H06787 , 680
GWK60_H06809 , 289
GWK60_H06919 , 0
GWK60_H07029 , 0
GWK60_H07073 , 0
GWK60_H07139 , 1
GWK60_H07271 , 178
GWK60_H07293 , 0
GWK60_H07337 , 0
GWK60_H07359 , 24
GWK60_H07535 , 69
GWK60_H07557 , 768
GWK60_H07623 , 0
GWK60_H07645 , 0
GWK60_H07733 , 10
GWK60_H07755 , 0
GWK60_H07821 , 1
GWK60_H07843 , 704
GWK60_H07865 , 761
GWK60_H07953 , 815
GWK60_H07975 , 66
GWK60_H08041 , 616
GWK60_H08129 , 4898
GWK60_H08151 , 13628
GWK60_H08217 , 1240
GWK60_H08261 , 0
GWK60_H08349 , 1325
GWK60_H08393 , 4
GWK60_H08437 , 0
GWK60_H08459 , 135
GWK60_H08525 , 630
GWK60_H08547 , 1194
GWK60_H08635 , 124
GWK60_H08657 , 194
GWK60_H08679 , 0
GWK60_H08745 , 1383
GWK60_H08789 , 2275
GWK60_H08811 , 4041
GWK60_H08855 , 4
GWK60_H08899 , 0
GWK60_H08921 , 833
GWK60_H08965 , 16
GWK60_H09009 , 50
GWK60_H09053 , 672
GWK60_H09075 , 662
GWK60_H09097 , 3860
GWK60_H09119 , 33177
GWK60_H09141 , 3500
GWK60_H09185 , 1493
GWK60_H09207 , 781
GWK60_H09229 , 446
GWK60_H09251 , 11
GWK60_H09317 , 12010
GWK60_H09361 , 333
GWK60_H09427 , 3737
GWK60_H09537 , 0
GWK60_H09581 , 3
GWK60_H09603 , 682
GWK60_H09647 , 23
GWK60_H09691 , 47
GWK60_H09713 , 923
GWK60_H09735 , 3562
GWK60_H09757 , 1809
GWK60_H09801 , 3
GWK60_H09845 , 16
GWK60_H09867 , 13
GWK60_H09889 , 225
GWK60_H09911 , 134
GWK60_H09955 , 710
GWK60_H09977 , 1448
GWK60_H09999 , 11072
GWK60_H10021 , 695
GWK60_H10065 , 2136
GWK60_H10087 , 1807
GWK60_H10109 , 25
GWK60_H10131 , 928
GWK60_H10241 , 7
GWK60_H10263 , 61
GWK60_H10307 , 167
GWK60_H10329 , 195
GWK60_H10373 , 3432
GWK60_H10395 , 175
GWK60_H10417 , 496
GWK60_H10439 , 1673
GWK60_H10483 , 2
GWK60_H10505 , 2428
GWK60_H10549 , 607
GWK60_H10571 , 0
GWK60_H00143 , 56
GWK60_H00165 , 10
GWK60_H00187 , 2
GWK60_H00209 , 5
GWK60_H00297 , 0
GWK60_H00429 , 0
GWK60_H00561 , 48
GWK60_H00583 , 35
GWK60_H00891 , 0
GWK60_H00957 , 0
GWK60_H01001 , 0
GWK60_H01595 , 1
GWK60_H02277 , 0
GWK60_H03157 , 0
GWK60_H03355 , 22
GWK60_H03443 , 0
GWK60_H03751 , 0
GWK60_H03905 , 0
GWK60_H03971 , 0
GWK60_H04191 , 0
GWK60_H04279 , 0
GWK60_H04345 , 0
GWK60_H05269 , 0
GWK60_H05335 , 0
GWK60_H05489 , 0
GWK60_H05533 , 0
GWK60_H05555 , 0
GWK60_H05577 , 99
GWK60_H05863 , 0
GWK60_H06083 , 0
GWK60_H06149 , 0
GWK60_H06303 , 1
GWK60_H06677 , 0
GWK60_H07315 , 0
GWK60_H07381 , 0
GWK60_H07447 , 0
GWK60_H07579 , 0
GWK60_H07711 , 0
GWK60_H07997 , 0
GWK60_H08063 , 0
GWK60_H08107 , 0
GWK60_H08305 , 1
GWK60_H08415 , 3
GWK60_H08723 , 9
GWK60_H08833 , 123
GWK60_H08877 , 27
GWK60_H08987 , 4
GWK60_H09295 , 0
GWK60_H09339 , 0
GWK60_H09405 , 0
GWK60_H09493 , 0
GWK60_H09559 , 0
GWK60_H09779 , 0
GWK60_H10175 , 877
GWK60_H10527 , 0
GWK60_I00077 , 0
GWK60_I00099 , 0
GWK60_I00165 , 455
GWK60_I00187 , 0
GWK60_I00275 , 860
GWK60_I00297 , 0
GWK60_I00319 , 0
GWK60_I00341 , 705
GWK60_I00363 , 83
GWK60_I00385 , 33
GWK60_I00407 , 31
GWK60_I00495 , 46
GWK60_I00539 , 640
GWK60_I00627 , 0
GWK60_I00715 , 464
GWK60_I00825 , 435
GWK60_I00935 , 207
GWK60_I00957 , 0
GWK60_I01023 , 0
GWK60_I01045 , 325
GWK60_I01067 , 528
GWK60_I01111 , 0
GWK60_I01133 , 2409
GWK60_I01243 , 0
GWK60_I01309 , 6896
GWK60_I01331 , 2812
GWK60_I01375 , 347
GWK60_I01397 , 92
GWK60_I01419 , 612
GWK60_I01485 , 9038
GWK60_I01507 , 6196
GWK60_I01529 , 38
GWK60_I01551 , 948
GWK60_I01705 , 44
GWK60_I01815 , 75
GWK60_I01903 , 0
GWK60_I02057 , 39
GWK60_I02079 , 0
GWK60_I02145 , 39
GWK60_I02343 , 556
GWK60_I02365 , 2
GWK60_I02387 , 1
GWK60_I02453 , 0
GWK60_I02519 , 3706
GWK60_I02541 , 117
GWK60_I02563 , 490
GWK60_I02585 , 0
GWK60_I02629 , 468
GWK60_I02695 , 384
GWK60_I02717 , 58
GWK60_I02739 , 1881
GWK60_I02761 , 506
GWK60_I02783 , 7
GWK60_I02871 , 1
GWK60_I02915 , 1
GWK60_I02981 , 166
GWK60_I03025 , 457
GWK60_I03091 , 1253
GWK60_I03113 , 0
GWK60_I03157 , 2
GWK60_I03245 , 305
GWK60_I03267 , 932
GWK60_I03311 , 515
GWK60_I03355 , 3443
GWK60_I03377 , 60
GWK60_I03399 , 26784
GWK60_I03443 , 926
GWK60_I03465 , 0
GWK60_I03531 , 2512
GWK60_I03553 , 1046
GWK60_I03575 , 127
GWK60_I03597 , 2663
GWK60_I03619 , 443
GWK60_I03641 , 6548
GWK60_I03663 , 0
GWK60_I03707 , 738
GWK60_I03795 , 1514
GWK60_I03905 , 4554
GWK60_I03927 , 1205
GWK60_I03993 , 1451
GWK60_I04015 , 5
GWK60_I04037 , 0
GWK60_I04081 , 2202
GWK60_I04103 , 2780
GWK60_I04235 , 838
GWK60_I04301 , 0
GWK60_I04323 , 0
GWK60_I04411 , 200
GWK60_I04455 , 1732
GWK60_I04477 , 0
GWK60_I04499 , 2531
GWK60_I04587 , 1638
GWK60_I04609 , 2748
GWK60_I04631 , 1557
GWK60_I04697 , 11
GWK60_I04741 , 0
GWK60_I04763 , 1
GWK60_I04785 , 3851
GWK60_I04895 , 0
GWK60_I04939 , 15
GWK60_I04983 , 1726
GWK60_I05005 , 139
GWK60_I05093 , 1462
GWK60_I05115 , 0
GWK60_I05137 , 0
GWK60_I05181 , 211
GWK60_I05225 , 1979
GWK60_I05269 , 2079
GWK60_I05335 , 1
GWK60_I05357 , 0
GWK60_I05379 , 531
GWK60_I05423 , 535
GWK60_I05489 , 235
GWK60_I05555 , 5
GWK60_I05599 , 2203
GWK60_I05643 , 5
GWK60_I05665 , 1125
GWK60_I05731 , 0
GWK60_I05775 , 954
GWK60_I05797 , 13
GWK60_I05819 , 204
GWK60_I05863 , 220
GWK60_I05907 , 8
GWK60_I05929 , 550
GWK60_I05951 , 1
GWK60_I06039 , 0
GWK60_I06171 , 514
GWK60_I06215 , 900
GWK60_I06259 , 261
GWK60_I06303 , 0
GWK60_I06325 , 0
GWK60_I06369 , 0
GWK60_I06391 , 0
GWK60_I00055 , 0
GWK60_I00209 , 705
GWK60_I00429 , 0
GWK60_I01265 , 1
GWK60_I01287 , 0
GWK60_I01441 , 0
GWK60_I01573 , 0
GWK60_I01639 , 0
GWK60_I01661 , 4
GWK60_I01749 , 0
GWK60_I01947 , 0
GWK60_I02123 , 0
GWK60_I02299 , 0
GWK60_I02497 , 0
GWK60_I02673 , 0
GWK60_I02805 , 0
GWK60_I03003 , 0
GWK60_I03179 , 88
GWK60_I03201 , 0
GWK60_I03223 , 204
GWK60_I03751 , 0
GWK60_I03817 , 0
GWK60_I04059 , 20
GWK60_I04125 , 0
GWK60_I04279 , 208
GWK60_I04389 , 0
GWK60_I04433 , 38
GWK60_I04719 , 0
GWK60_I04917 , 0
GWK60_I04961 , 0
GWK60_I05203 , 267
GWK60_I05247 , 12
GWK60_I05291 , 0
GWK60_I05467 , 0
GWK60_I05621 , 909
GWK60_I05973 , 0
GWK60_I06017 , 0
GWK60_I06061 , 0
GWK60_I06149 , 1
GWK60_I06281 , 0
GWK60_J00077 , 109
GWK60_J00143 , 61
GWK60_J00165 , 0
GWK60_J00231 , 1
GWK60_J00253 , 0
GWK60_J00297 , 39
GWK60_J00363 , 1
GWK60_J00385 , 0
GWK60_J00407 , 1
GWK60_J00429 , 431
GWK60_J00473 , 19
GWK60_J00539 , 0
GWK60_J00583 , 0
GWK60_J00605 , 62
GWK60_J00649 , 0
GWK60_J00693 , 2616
GWK60_J00715 , 4429
GWK60_J00737 , 10635
GWK60_J00913 , 0
GWK60_J01133 , 0
GWK60_J01199 , 3032
GWK60_J01265 , 67
GWK60_J01287 , 275
GWK60_J01309 , 589
GWK60_J01331 , 0
GWK60_J01353 , 1771
GWK60_J01375 , 171
GWK60_J01397 , 7197
GWK60_J01419 , 333
GWK60_J01441 , 84
GWK60_J01463 , 96
GWK60_J01507 , 68
GWK60_J01573 , 0
GWK60_J01595 , 6049
GWK60_J01639 , 39936
GWK60_J01661 , 123
GWK60_J01683 , 52
GWK60_J01727 , 3037
GWK60_J01749 , 158
GWK60_J01793 , 34
GWK60_J01815 , 1029
GWK60_J01837 , 372
GWK60_J01925 , 1884
GWK60_J01969 , 0
GWK60_J01991 , 9407
GWK60_J02013 , 10262
GWK60_J02035 , 2088
GWK60_J02123 , 329
GWK60_J02145 , 629
GWK60_J02189 , 1481
GWK60_J02211 , 403
GWK60_J02233 , 2
GWK60_J02277 , 0
GWK60_J02299 , 0
GWK60_J02321 , 991
GWK60_J02343 , 2037
GWK60_J02365 , 8949
GWK60_J02387 , 6663
GWK60_J02497 , 212
GWK60_J02541 , 287
GWK60_J02563 , 20
GWK60_J02629 , 844
GWK60_J02673 , 1889
GWK60_J02717 , 2084
GWK60_J02739 , 1758
GWK60_J02761 , 2668
GWK60_J02849 , 5095
GWK60_J02871 , 498
GWK60_J02893 , 50
GWK60_J02915 , 485
GWK60_J03113 , 51
GWK60_J03135 , 0
GWK60_J03245 , 168
GWK60_J03267 , 0
GWK60_J03399 , 0
GWK60_J03421 , 167
GWK60_J03487 , 59
GWK60_J03619 , 583
GWK60_J03663 , 0
GWK60_J03685 , 3
GWK60_J03707 , 0
GWK60_J03751 , 312
GWK60_J03773 , 1200
GWK60_J03817 , 0
GWK60_J03839 , 1720
GWK60_J03927 , 1
GWK60_J03949 , 1
GWK60_J03993 , 548
GWK60_J04015 , 0
GWK60_J04081 , 2020
GWK60_J04103 , 0
GWK60_J04125 , 382
GWK60_J04147 , 0
GWK60_J04169 , 210
GWK60_J04235 , 0
GWK60_J04323 , 0
GWK60_J04345 , 1
GWK60_J04367 , 1
GWK60_J04389 , 1
GWK60_J04411 , 0
GWK60_J04433 , 100
GWK60_J04455 , 112
GWK60_J04521 , 0
GWK60_J04675 , 0
GWK60_J04939 , 131
GWK60_J04961 , 716
GWK60_J05093 , 0
GWK60_J05115 , 74
GWK60_J05203 , 0
GWK60_J05379 , 0
GWK60_J05621 , 706
GWK60_J05643 , 29
GWK60_J05665 , 84
GWK60_J05709 , 0
GWK60_J05819 , 1332
GWK60_J05841 , 77
GWK60_J05885 , 0
GWK60_J05973 , 0
GWK60_J05995 , 45
GWK60_J06171 , 0
GWK60_J06237 , 5509
GWK60_J06281 , 3
GWK60_J06303 , 2
GWK60_J06347 , 135
GWK60_J06369 , 0
GWK60_J06391 , 7
GWK60_J06435 , 0
GWK60_J06457 , 278
GWK60_J06545 , 534
GWK60_J06655 , 0
GWK60_J06721 , 9
GWK60_J06743 , 0
GWK60_J06853 , 120
GWK60_J06875 , 341
GWK60_J06919 , 581
GWK60_J06963 , 0
GWK60_J06985 , 0
GWK60_J07117 , 419
GWK60_J07337 , 796
GWK60_J07359 , 2437
GWK60_J07381 , 54
GWK60_J07403 , 1151
GWK60_J07557 , 861
GWK60_J07689 , 0
GWK60_J07777 , 7
GWK60_J07931 , 34
GWK60_J08019 , 530
GWK60_J08041 , 0
GWK60_J08107 , 78
GWK60_J08173 , 476
GWK60_J08195 , 930
GWK60_J08217 , 1007
GWK60_J08283 , 14
GWK60_J08305 , 203
GWK60_J08327 , 4
GWK60_J08415 , 782
GWK60_J08437 , 4753
GWK60_J08503 , 1
GWK60_J08525 , 0
GWK60_J08547 , 465
GWK60_J08569 , 0
GWK60_J08613 , 0
GWK60_J08679 , 34
GWK60_J08943 , 80
GWK60_J08987 , 2405
GWK60_J09009 , 27
GWK60_J09031 , 452
GWK60_J09053 , 328
GWK60_J09097 , 1622
GWK60_J09119 , 106
GWK60_J09317 , 46
GWK60_J09515 , 2919
GWK60_J09779 , 692
GWK60_J09801 , 1235
GWK60_J09845 , 0
GWK60_J09889 , 0
GWK60_J09911 , 21
GWK60_J09977 , 488
GWK60_J10087 , 0
GWK60_J10131 , 1045
GWK60_J10153 , 0
GWK60_J10175 , 364
GWK60_J10241 , 939
GWK60_J10263 , 149
GWK60_J10285 , 139
GWK60_J10439 , 605
GWK60_J10483 , 2
GWK60_J10637 , 321
GWK60_J10835 , 86
GWK60_J10967 , 338
GWK60_J11099 , 1230
GWK60_J11165 , 109
GWK60_J11187 , 486
GWK60_J11319 , 136
GWK60_J11451 , 0
GWK60_J11561 , 69
GWK60_J11627 , 444
GWK60_J11693 , 20
GWK60_J11715 , 1
GWK60_J11737 , 730
GWK60_J00055 , 0
GWK60_J00341 , 0
GWK60_J00935 , 0
GWK60_J01023 , 0
GWK60_J01067 , 0
GWK60_J01089 , 0
GWK60_J01111 , 1
GWK60_J01551 , 0
GWK60_J01859 , 0
GWK60_J01881 , 929
GWK60_J02101 , 789
GWK60_J02431 , 0
GWK60_J02519 , 0
GWK60_J03003 , 849
GWK60_J03069 , 0
GWK60_J03091 , 16
GWK60_J03157 , 0
GWK60_J03201 , 1
GWK60_J03729 , 0
GWK60_J03795 , 1
GWK60_J03861 , 0
GWK60_J03905 , 0
GWK60_J04059 , 309
GWK60_J04213 , 0
GWK60_J04279 , 37
GWK60_J04697 , 0
GWK60_J04785 , 0
GWK60_J05005 , 17
GWK60_J05049 , 0
GWK60_J05181 , 0
GWK60_J05357 , 0
GWK60_J05533 , 0
GWK60_J05599 , 0
GWK60_J05731 , 0
GWK60_J05951 , 394
GWK60_J06061 , 0
GWK60_J06127 , 0
GWK60_J06149 , 0
GWK60_J06193 , 0
GWK60_J06325 , 0
GWK60_J06479 , 0
GWK60_J06831 , 0
GWK60_J06897 , 20
GWK60_J07007 , 0
GWK60_J07095 , 0
GWK60_J07139 , 0
GWK60_J07469 , 1
GWK60_J07535 , 0
GWK60_J08063 , 10
GWK60_J08085 , 0
GWK60_J08239 , 0
GWK60_J08481 , 0
GWK60_J08635 , 0
GWK60_J08833 , 0
GWK60_J08855 , 0
GWK60_J09141 , 1
GWK60_J09537 , 1
GWK60_J09581 , 15
GWK60_J09603 , 0
GWK60_J09669 , 0
GWK60_J09735 , 0
GWK60_J10307 , 0
GWK60_J10351 , 87
GWK60_J10615 , 0
GWK60_J10681 , 0
GWK60_J10879 , 0
GWK60_J10901 , 0
GWK60_J10945 , 0
GWK60_J11033 , 0
GWK60_J11275 , 1102
GWK60_J11341 , 0
GWK60_J11429 , 0
GWK60_J11473 , 0
GWK60_J11539 , 0
GWK60_J11649 , 4
GWK60_J11759 , 0
GWK60_K00121 , 0
GWK60_K00165 , 0
GWK60_K00187 , 1199
GWK60_K00209 , 714
GWK60_K00231 , 0
GWK60_K00253 , 0
GWK60_K00385 , 0
GWK60_K00429 , 1709
GWK60_K00473 , 0
GWK60_K00517 , 6598
GWK60_K00539 , 1893
GWK60_K00561 , 16
GWK60_K00627 , 77
GWK60_K00671 , 0
GWK60_K00759 , 1774
GWK60_K00825 , 1764
GWK60_K00869 , 0
GWK60_K00935 , 0
GWK60_K01001 , 0
GWK60_K01067 , 564
GWK60_K01331 , 281
GWK60_K01353 , 0
GWK60_K01507 , 0
GWK60_K01529 , 3396
GWK60_K01573 , 671
GWK60_K01595 , 2490
GWK60_K01639 , 760
GWK60_K01837 , 523
GWK60_K01859 , 14
GWK60_K01881 , 693
GWK60_K01903 , 0
GWK60_K01947 , 1001
GWK60_K02013 , 736
GWK60_K02035 , 0
GWK60_K02123 , 0
GWK60_K02189 , 1038
GWK60_K02211 , 329
GWK60_K02255 , 1
GWK60_K02321 , 29
GWK60_K02365 , 1246
GWK60_K02409 , 12
GWK60_K02431 , 1
GWK60_K02475 , 16528
GWK60_K02497 , 146
GWK60_K02519 , 3296
GWK60_K02541 , 1351
GWK60_K02563 , 107
GWK60_K02629 , 366
GWK60_K02673 , 3047
GWK60_K02695 , 778
GWK60_K02717 , 728
GWK60_K02739 , 734
GWK60_K02761 , 355
GWK60_K02783 , 802
GWK60_K02827 , 101
GWK60_K02871 , 712
GWK60_K02893 , 68
GWK60_K02915 , 165
GWK60_K02937 , 506
GWK60_K02959 , 3977
GWK60_K03025 , 176
GWK60_K03069 , 4
GWK60_K03091 , 604
GWK60_K03135 , 66
GWK60_K03157 , 0
GWK60_K03223 , 151
GWK60_K03267 , 222
GWK60_K03289 , 362
GWK60_K03311 , 595
GWK60_K03377 , 106
GWK60_K03465 , 0
GWK60_K03509 , 12177
GWK60_K03531 , 312
GWK60_K03553 , 20
GWK60_K03575 , 1836
GWK60_K03641 , 14
GWK60_K03685 , 252
GWK60_K03707 , 66
GWK60_K03751 , 25
GWK60_K03883 , 680
GWK60_K03905 , 2601
GWK60_K03927 , 0
GWK60_K03971 , 0
GWK60_K04015 , 248
GWK60_K04037 , 457
GWK60_K04059 , 0
GWK60_K04103 , 0
GWK60_K04213 , 182
GWK60_K04323 , 0
GWK60_K04367 , 144
GWK60_K04411 , 0
GWK60_K04499 , 5528
GWK60_K04521 , 597
GWK60_K04609 , 639
GWK60_K04653 , 137
GWK60_K04719 , 2213
GWK60_K04741 , 1042
GWK60_K04983 , 123
GWK60_K05027 , 260
GWK60_K05071 , 819
GWK60_K05115 , 0
GWK60_K05247 , 979
GWK60_K05269 , 0
GWK60_K05423 , 102
GWK60_K05467 , 730
GWK60_K05533 , 50
GWK60_K05599 , 552
GWK60_K05687 , 0
GWK60_K05709 , 67
GWK60_K05775 , 74
GWK60_K05819 , 0
GWK60_K05863 , 98
GWK60_K05907 , 0
GWK60_K05951 , 55
GWK60_K05995 , 6
GWK60_K06149 , 1
GWK60_K06171 , 329
GWK60_K06281 , 0
GWK60_K06303 , 7
GWK60_K06325 , 0
GWK60_K06501 , 847
GWK60_K06567 , 29
GWK60_K06589 , 742
GWK60_K06611 , 0
GWK60_K06655 , 0
GWK60_K06677 , 0
GWK60_K06699 , 858
GWK60_K06743 , 0
GWK60_K06985 , 0
GWK60_K07029 , 94
GWK60_K07117 , 135
GWK60_K07161 , 0
GWK60_K07205 , 0
GWK60_K07293 , 978
GWK60_K07315 , 1
GWK60_K07359 , 0
GWK60_K07381 , 0
GWK60_K07403 , 114
GWK60_K07557 , 224
GWK60_K07601 , 220
GWK60_K07623 , 1
GWK60_K07689 , 1369
GWK60_K07821 , 0
GWK60_K07843 , 0
GWK60_K07865 , 0
GWK60_K07931 , 0
GWK60_K07975 , 2
GWK60_K07997 , 1
GWK60_K08041 , 0
GWK60_K08085 , 3
GWK60_K08107 , 0
GWK60_K08129 , 0
GWK60_K08173 , 0
GWK60_K08261 , 0
GWK60_K08283 , 375
GWK60_K08305 , 114
GWK60_K08393 , 539
GWK60_K08437 , 0
GWK60_K08525 , 0
GWK60_K08547 , 54
GWK60_K08569 , 969
GWK60_K08613 , 240
GWK60_K09009 , 42
GWK60_K09031 , 22
GWK60_K09229 , 11
GWK60_K09251 , 0
GWK60_K09449 , 1
GWK60_K09471 , 1777
GWK60_K09625 , 528
GWK60_K09691 , 0
GWK60_K09713 , 0
GWK60_K09735 , 251
GWK60_K09801 , 0
GWK60_K09933 , 203
GWK60_K10131 , 88
GWK60_K10263 , 1
GWK60_K10285 , 0
GWK60_K10373 , 0
GWK60_K10395 , 908
GWK60_K10417 , 1
GWK60_K10505 , 116
GWK60_K10549 , 2197
GWK60_K10571 , 0
GWK60_K10637 , 0
GWK60_K10901 , 0
GWK60_K11055 , 0
GWK60_K11143 , 0
GWK60_K11231 , 1
GWK60_K11341 , 10
GWK60_K11385 , 22
GWK60_K11407 , 201
GWK60_K11451 , 0
GWK60_K11605 , 230
GWK60_K11627 , 1
GWK60_K11649 , 2102
GWK60_K11671 , 675
GWK60_K11715 , 0
GWK60_K11803 , 116
GWK60_K11957 , 0
GWK60_K11979 , 0
GWK60_K12089 , 0
GWK60_K12133 , 0
GWK60_K12265 , 448
GWK60_K12309 , 218
GWK60_K12507 , 50
GWK60_K12639 , 0
GWK60_K12705 , 0
GWK60_K12727 , 479
GWK60_K12749 , 920
GWK60_K12771 , 40
GWK60_K00055 , 0
GWK60_K00077 , 0
GWK60_K00297 , 0
GWK60_K00737 , 0
GWK60_K00781 , 91
GWK60_K00979 , 0
GWK60_K01045 , 0
GWK60_K01133 , 0
GWK60_K01155 , 0
GWK60_K01199 , 0
GWK60_K01375 , 0
GWK60_K01419 , 0
GWK60_K01463 , 21
GWK60_K01551 , 0
GWK60_K01617 , 1
GWK60_K01705 , 1
GWK60_K01749 , 0
GWK60_K01815 , 0
GWK60_K01925 , 0
GWK60_K02145 , 1227
GWK60_K02277 , 64
GWK60_K02607 , 1
GWK60_K02805 , 0
GWK60_K02849 , 122
GWK60_K03179 , 0
GWK60_K03201 , 0
GWK60_K03333 , 0
GWK60_K03817 , 0
GWK60_K03839 , 0
GWK60_K04125 , 654
GWK60_K04169 , 1
GWK60_K04235 , 444
GWK60_K04389 , 0
GWK60_K04433 , 0
GWK60_K04455 , 1
GWK60_K04543 , 0
GWK60_K04697 , 0
GWK60_K04763 , 0
GWK60_K04829 , 31
GWK60_K04851 , 0
GWK60_K04939 , 41
GWK60_K05049 , 9
GWK60_K05203 , 0
GWK60_K05225 , 0
GWK60_K05291 , 0
GWK60_K05555 , 137
GWK60_K05621 , 0
GWK60_K05731 , 57
GWK60_K05753 , 0
GWK60_K06061 , 0
GWK60_K06369 , 0
GWK60_K06633 , 0
GWK60_K06919 , 0
GWK60_K07139 , 1
GWK60_K07183 , 0
GWK60_K07337 , 583
GWK60_K07491 , 344
GWK60_K07513 , 0
GWK60_K07909 , 17
GWK60_K08019 , 0
GWK60_K08151 , 0
GWK60_K08349 , 1
GWK60_K08635 , 0
GWK60_K08745 , 0
GWK60_K08789 , 0
GWK60_K08811 , 0
GWK60_K08833 , 0
GWK60_K08855 , 0
GWK60_K08943 , 10
GWK60_K08965 , 0
GWK60_K09053 , 0
GWK60_K09647 , 0
GWK60_K10043 , 208
GWK60_K10087 , 0
GWK60_K10109 , 0
GWK60_K10197 , 162
GWK60_K10461 , 0
GWK60_K10527 , 0
GWK60_K10725 , 1
GWK60_K10747 , 13
GWK60_K10769 , 0
GWK60_K10791 , 0
GWK60_K10857 , 0
GWK60_K10989 , 0
GWK60_K11187 , 0
GWK60_K11693 , 0
GWK60_K11759 , 0
GWK60_K12023 , 0
GWK60_K12485 , 299
GWK60_K12661 , 0
GWK60_L00011 , 7
GWK60_L00143 , 368
GWK60_L00187 , 492
GWK60_L00209 , 0
GWK60_L00297 , 0
GWK60_L00319 , 1605
GWK60_L00693 , 896
GWK60_L00715 , 0
GWK60_L00737 , 2157
GWK60_L00803 , 8
GWK60_L00869 , 299
GWK60_L00913 , 970
GWK60_L01023 , 98
GWK60_L01111 , 45
GWK60_L01133 , 0
GWK60_L01177 , 0
GWK60_L01199 , 0
GWK60_L01221 , 0
GWK60_L01287 , 0
GWK60_L01331 , 0
GWK60_L01397 , 0
GWK60_L01441 , 0
GWK60_L01463 , 92
GWK60_L01573 , 0
GWK60_L01639 , 83
GWK60_L01683 , 0
GWK60_L01771 , 0
GWK60_L01815 , 72
GWK60_L01881 , 0
GWK60_L02035 , 0
GWK60_L02299 , 8259
GWK60_L02321 , 74
GWK60_L02343 , 0
GWK60_L02453 , 612
GWK60_L02651 , 3
GWK60_L02673 , 0
GWK60_L02849 , 2
GWK60_L02871 , 0
GWK60_L02893 , 0
GWK60_L02937 , 811
GWK60_L02981 , 0
GWK60_L03069 , 172
GWK60_L03245 , 186
GWK60_L03377 , 0
GWK60_L03465 , 303
GWK60_L03839 , 0
GWK60_L03971 , 0
GWK60_L03993 , 61
GWK60_L04081 , 17
GWK60_L04125 , 5
GWK60_L04213 , 0
GWK60_L04257 , 163
GWK60_L04301 , 82
GWK60_L04411 , 37
GWK60_L04543 , 0
GWK60_L04565 , 0
GWK60_L04587 , 0
GWK60_L04697 , 529
GWK60_L04741 , 14
GWK60_L04763 , 2588
GWK60_L04785 , 0
GWK60_L04807 , 475
GWK60_L04917 , 0
GWK60_L04961 , 2683
GWK60_L05049 , 56
GWK60_L05071 , 73
GWK60_L05093 , 336
GWK60_L05137 , 1
GWK60_L05159 , 0
GWK60_L05181 , 3
GWK60_L05401 , 0
GWK60_L05445 , 4
GWK60_L05489 , 372
GWK60_L05621 , 0
GWK60_L05709 , 0
GWK60_L05841 , 102
GWK60_L05929 , 24
GWK60_L06061 , 75
GWK60_L06237 , 165
GWK60_L06347 , 503
GWK60_L06369 , 0
GWK60_L06413 , 56
GWK60_L06457 , 102
GWK60_L06655 , 1102
GWK60_L06985 , 2951
GWK60_L07117 , 179
GWK60_L07227 , 1976
GWK60_L07381 , 44
GWK60_L07403 , 14
GWK60_L07425 , 187
GWK60_L07491 , 178
GWK60_L07535 , 145
GWK60_L07601 , 228
GWK60_L07667 , 342
GWK60_L07689 , 1136
GWK60_L07777 , 883
GWK60_L07997 , 178
GWK60_L08019 , 1724
GWK60_L08327 , 0
GWK60_L08349 , 0
GWK60_L08393 , 0
GWK60_L08415 , 24
GWK60_L08437 , 4314
GWK60_L08547 , 5031
GWK60_L08569 , 1
GWK60_L08591 , 125
GWK60_L08723 , 3
GWK60_L08745 , 0
GWK60_L08767 , 1283
GWK60_L08789 , 0
GWK60_L08811 , 551
GWK60_L08899 , 58
GWK60_L08987 , 10
GWK60_L09031 , 0
GWK60_L09075 , 0
GWK60_L09251 , 1468
GWK60_L09273 , 964
GWK60_L09427 , 6
GWK60_L09449 , 0
GWK60_L09471 , 950
GWK60_L09537 , 1590
GWK60_L09625 , 0
GWK60_L09647 , 293
GWK60_L09823 , 0
GWK60_L09955 , 1
GWK60_L09977 , 145
GWK60_L10087 , 213
GWK60_L10285 , 0
GWK60_L10395 , 238
GWK60_L10417 , 0
GWK60_L10505 , 148
GWK60_L10615 , 7372
GWK60_L10637 , 1098
GWK60_L10725 , 46
GWK60_L10747 , 145
GWK60_L10769 , 0
GWK60_L10791 , 365
GWK60_L10813 , 1
GWK60_L10835 , 1596
GWK60_L10967 , 126
GWK60_L11187 , 0
GWK60_L11231 , 0
GWK60_L11253 , 245
GWK60_L11275 , 1
GWK60_L11297 , 335
GWK60_L11341 , 14454
GWK60_L11473 , 319
GWK60_L11539 , 157
GWK60_L11561 , 7
GWK60_L11627 , 2
GWK60_L11715 , 0
GWK60_L11737 , 44
GWK60_L11759 , 24
GWK60_L11847 , 3978
GWK60_L11869 , 1
GWK60_L11891 , 689
GWK60_L11913 , 306
GWK60_L11935 , 0
GWK60_L11957 , 10937
GWK60_L12067 , 914
GWK60_L12089 , 2472
GWK60_L12111 , 1
GWK60_L12133 , 0
GWK60_L12221 , 6
GWK60_L12265 , 40
GWK60_L12331 , 0
GWK60_L12353 , 0
GWK60_L12397 , 647
GWK60_L12595 , 142
GWK60_L12639 , 4273
GWK60_L12661 , 4
GWK60_L12683 , 401
GWK60_L12705 , 99
GWK60_L12727 , 706
GWK60_L12771 , 0
GWK60_L12793 , 18
GWK60_L12837 , 2231
GWK60_L12903 , 2067
GWK60_L12947 , 1320
GWK60_L12969 , 4362
GWK60_L13035 , 278
GWK60_L13057 , 16127
GWK60_L13079 , 18355
GWK60_L13101 , 5692
GWK60_L13167 , 1116
GWK60_L13189 , 1357
GWK60_L13211 , 823
GWK60_L13233 , 203
GWK60_L13255 , 567
GWK60_L13277 , 788
GWK60_L13299 , 2796
GWK60_L13343 , 556
GWK60_L13387 , 1
GWK60_L13409 , 12
GWK60_L13497 , 2363
GWK60_L13541 , 1
GWK60_L13695 , 317
GWK60_L13739 , 3
GWK60_L13915 , 5104
GWK60_L13959 , 1903
GWK60_L14047 , 190
GWK60_L14091 , 33968
GWK60_L14135 , 0
GWK60_L14157 , 0
GWK60_L14201 , 363
GWK60_L14289 , 124
GWK60_L14311 , 0
GWK60_L14333 , 2
GWK60_L14355 , 1
GWK60_L14377 , 22
GWK60_L14421 , 204
GWK60_L14443 , 495
GWK60_L14553 , 1217
GWK60_L14619 , 2
GWK60_L14663 , 2
GWK60_L14707 , 3
GWK60_L14773 , 20382
GWK60_L14817 , 630
GWK60_L14883 , 80
GWK60_L14927 , 373
GWK60_L15015 , 39
GWK60_L15059 , 770
GWK60_L15125 , 1323
GWK60_L15213 , 0
GWK60_L15257 , 0
GWK60_L15411 , 1101
GWK60_L15455 , 701
GWK60_L15543 , 424
GWK60_L15697 , 9
GWK60_L15741 , 10
GWK60_L15785 , 30
GWK60_L15807 , 0
GWK60_L15851 , 4
GWK60_L15873 , 0
GWK60_L15939 , 0
GWK60_L15983 , 295
GWK60_L16005 , 1532
GWK60_L16247 , 652
GWK60_L16313 , 176
GWK60_L16423 , 778
GWK60_L16511 , 0
GWK60_L16687 , 444
GWK60_L16753 , 0
GWK60_L16775 , 0
GWK60_L16841 , 1
GWK60_L16929 , 72
GWK60_L17193 , 63
GWK60_L17237 , 475
GWK60_L17281 , 8
GWK60_L00055 , 0
GWK60_L00077 , 0
GWK60_L00363 , 0
GWK60_L00429 , 0
GWK60_L00473 , 0
GWK60_L00825 , 0
GWK60_L00979 , 0
GWK60_L01485 , 246
GWK60_L01859 , 236
GWK60_L01925 , 0
GWK60_L01947 , 53
GWK60_L01969 , 0
GWK60_L02057 , 0
GWK60_L02101 , 0
GWK60_L02211 , 0
GWK60_L02365 , 0
GWK60_L02519 , 0
GWK60_L03223 , 0
GWK60_L03509 , 0
GWK60_L03597 , 27
GWK60_L03641 , 0
GWK60_L04037 , 3
GWK60_L04983 , 42
GWK60_L05533 , 0
GWK60_L05797 , 6
GWK60_L05951 , 11
GWK60_L06303 , 0
GWK60_L06611 , 34
GWK60_L06677 , 119
GWK60_L06743 , 530
GWK60_L06919 , 0
GWK60_L07007 , 421
GWK60_L07095 , 95
GWK60_L07161 , 0
GWK60_L07579 , 0
GWK60_L07799 , 0
GWK60_L07887 , 0
GWK60_L08041 , 2
GWK60_L08085 , 0
GWK60_L08129 , 0
GWK60_L08305 , 0
GWK60_L08613 , 0
GWK60_L08635 , 0
GWK60_L08657 , 0
GWK60_L08943 , 0
GWK60_L09009 , 777
GWK60_L09119 , 360
GWK60_L09207 , 0
GWK60_L09339 , 29
GWK60_L09559 , 0
GWK60_L09581 , 0
GWK60_L09713 , 0
GWK60_L09801 , 1
GWK60_L09999 , 2
GWK60_L10175 , 0
GWK60_L10197 , 0
GWK60_L10307 , 0
GWK60_L10527 , 0
GWK60_L10571 , 0
GWK60_L10659 , 0
GWK60_L10681 , 0
GWK60_L10945 , 376
GWK60_L11055 , 0
GWK60_L11121 , 0
GWK60_L11209 , 0
GWK60_L11319 , 0
GWK60_L11385 , 0
GWK60_L11517 , 13
GWK60_L12023 , 328
GWK60_L12155 , 115
GWK60_L12287 , 0
GWK60_L12485 , 0
GWK60_L12617 , 0
GWK60_L12815 , 382
GWK60_L12925 , 0
GWK60_L13013 , 106
GWK60_L13321 , 0
GWK60_L13365 , 0
GWK60_L13805 , 0
GWK60_L13893 , 92
GWK60_L13937 , 5
GWK60_L14179 , 0
GWK60_L14223 , 0
GWK60_L14465 , 0
GWK60_L14839 , 4
GWK60_L15103 , 0
GWK60_L15279 , 0
GWK60_L15301 , 0
GWK60_L15345 , 688
GWK60_L15521 , 0
GWK60_L15653 , 0
GWK60_L16027 , 0
GWK60_L16071 , 0
GWK60_L16225 , 0
GWK60_L16291 , 5
GWK60_L16357 , 263
GWK60_L16379 , 0
GWK60_L16555 , 444
GWK60_L16819 , 394
GWK60_L16995 , 0
GWK60_L17149 , 0
GWK60_L17215 , 0
GWK60_L17259 , 400
GWK60_L17303 , 0
GWK60_M00055 , 1
GWK60_M00077 , 39
GWK60_M00143 , 32
GWK60_M00209 , 852
GWK60_M00253 , 0
GWK60_M00275 , 1877
GWK60_M00385 , 0
GWK60_M00429 , 0
GWK60_M00473 , 80
GWK60_M00671 , 88
GWK60_M00759 , 0
GWK60_M00803 , 2822
GWK60_M01023 , 0
GWK60_M01067 , 441
GWK60_M01133 , 902
GWK60_M01155 , 231
GWK60_M01287 , 1
GWK60_M01463 , 71
GWK60_M01551 , 0
GWK60_M01595 , 690
GWK60_M01617 , 412
GWK60_M01727 , 57
GWK60_M01793 , 10
GWK60_M01815 , 0
GWK60_M01859 , 0
GWK60_M01881 , 0
GWK60_M01947 , 394
GWK60_M02035 , 0
GWK60_M02101 , 669
GWK60_M02211 , 0
GWK60_M02233 , 0
GWK60_M02255 , 0
GWK60_M02343 , 510
GWK60_M02497 , 0
GWK60_M02541 , 932
GWK60_M02607 , 16
GWK60_M02651 , 24
GWK60_M02739 , 0
GWK60_M02761 , 313
GWK60_M02805 , 0
GWK60_M02849 , 0
GWK60_M03091 , 5
GWK60_M03289 , 1019
GWK60_M03311 , 0
GWK60_M03355 , 62
GWK60_M03443 , 0
GWK60_M03531 , 50
GWK60_M03597 , 0
GWK60_M03619 , 0
GWK60_M03663 , 67
GWK60_M03729 , 7
GWK60_M03751 , 0
GWK60_M04059 , 14
GWK60_M04125 , 17
GWK60_M04147 , 0
GWK60_M04213 , 0
GWK60_M04235 , 0
GWK60_M04279 , 0
GWK60_M04323 , 17
GWK60_M04345 , 0
GWK60_M04411 , 0
GWK60_M04631 , 0
GWK60_M04741 , 0
GWK60_M04829 , 0
GWK60_M04851 , 108
GWK60_M04917 , 0
GWK60_M05071 , 3
GWK60_M05115 , 1
GWK60_M05335 , 0
GWK60_M05379 , 68
GWK60_M05401 , 0
GWK60_M05445 , 0
GWK60_M05643 , 0
GWK60_M05665 , 66
GWK60_M05753 , 2760
GWK60_M05775 , 27
GWK60_M05863 , 112
GWK60_M05929 , 177
GWK60_M06039 , 0
GWK60_M06105 , 95
GWK60_M06127 , 0
GWK60_M06149 , 413
GWK60_M06171 , 2
GWK60_M06237 , 17
GWK60_M06259 , 0
GWK60_M06303 , 2
GWK60_M06325 , 0
GWK60_M06369 , 0
GWK60_M06391 , 0
GWK60_M06545 , 8
GWK60_M06611 , 0
GWK60_M06655 , 496
GWK60_M06743 , 0
GWK60_M07007 , 0
GWK60_M07029 , 1075
GWK60_M07271 , 546
GWK60_M07293 , 1153
GWK60_M07315 , 0
GWK60_M07359 , 54
GWK60_M07381 , 65
GWK60_M07425 , 159
GWK60_M07557 , 0
GWK60_M07601 , 151
GWK60_M07623 , 13
GWK60_M07711 , 0
GWK60_M07799 , 1
GWK60_M07909 , 7473
GWK60_M08019 , 485
GWK60_M08041 , 1072
GWK60_M08107 , 1
GWK60_M08129 , 30
GWK60_M08151 , 0
GWK60_M08261 , 0
GWK60_M08327 , 2
GWK60_M08371 , 537
GWK60_M08437 , 346
GWK60_M08459 , 759
GWK60_M08481 , 6869
GWK60_M08525 , 3803
GWK60_M08613 , 507
GWK60_M08679 , 2
GWK60_M08701 , 176
GWK60_M08723 , 761
GWK60_M08745 , 33
GWK60_M08767 , 3551
GWK60_M08789 , 149
GWK60_M08811 , 212
GWK60_M08855 , 976
GWK60_M08965 , 0
GWK60_M09031 , 45
GWK60_M09053 , 557
GWK60_M09185 , 69
GWK60_M09207 , 1525
GWK60_M09251 , 471
GWK60_M09273 , 819
GWK60_M09383 , 77
GWK60_M09471 , 392
GWK60_M09515 , 0
GWK60_M09603 , 397
GWK60_M09625 , 517
GWK60_M09647 , 503
GWK60_M09669 , 2
GWK60_M09713 , 821
GWK60_M09757 , 2
GWK60_M09779 , 2142
GWK60_M09823 , 2
GWK60_M09955 , 50483
GWK60_M09977 , 367
GWK60_M09999 , 203
GWK60_M10021 , 478
GWK60_M10109 , 68
GWK60_M10131 , 813
GWK60_M10175 , 880
GWK60_M10241 , 1278
GWK60_M10263 , 465
GWK60_M10285 , 0
GWK60_M10307 , 0
GWK60_M10373 , 11808
GWK60_M10395 , 1511
GWK60_M10417 , 7939
GWK60_M10439 , 1873
GWK60_M10461 , 842
GWK60_M10505 , 1076
GWK60_M10527 , 3260
GWK60_M10571 , 258
GWK60_M10659 , 169
GWK60_M10725 , 7
GWK60_M10747 , 8588
GWK60_M10769 , 3
GWK60_M10813 , 2248
GWK60_M10835 , 257
GWK60_M10857 , 1534
GWK60_M10901 , 0
GWK60_M10945 , 56
GWK60_M11033 , 13
GWK60_M11077 , 1
GWK60_M11099 , 283
GWK60_M11165 , 3159
GWK60_M11209 , 1
GWK60_M11231 , 241
GWK60_M11253 , 581
GWK60_M11275 , 30
GWK60_M11319 , 3931
GWK60_M11341 , 257
GWK60_M11363 , 1580
GWK60_M11385 , 7805
GWK60_M11583 , 0
GWK60_M11605 , 1
GWK60_M11627 , 0
GWK60_M11671 , 978
GWK60_M11737 , 131
GWK60_M11869 , 0
GWK60_M11891 , 892
GWK60_M11935 , 3046
GWK60_M12023 , 959
GWK60_M12067 , 4
GWK60_M12309 , 106
GWK60_M12331 , 1243
GWK60_M12375 , 4514
GWK60_M12397 , 55
GWK60_M12485 , 0
GWK60_M12595 , 204
GWK60_M12617 , 1143
GWK60_M12661 , 170
GWK60_M12727 , 198
GWK60_M12749 , 8
GWK60_M12793 , 35
GWK60_M12837 , 222
GWK60_M12859 , 323
GWK60_M12881 , 52
GWK60_M13013 , 7
GWK60_M13101 , 1
GWK60_M13123 , 278
GWK60_M13211 , 135
GWK60_M13255 , 2094
GWK60_M13629 , 0
GWK60_M13651 , 550
GWK60_M13739 , 0
GWK60_M13761 , 249
GWK60_M13849 , 1338
GWK60_M13915 , 896
GWK60_M14003 , 992
GWK60_M14025 , 311
GWK60_M00187 , 0
GWK60_M00231 , 0
GWK60_M00319 , 0
GWK60_M00451 , 18
GWK60_M00495 , 0
GWK60_M00539 , 0
GWK60_M00913 , 0
GWK60_M00979 , 0
GWK60_M01045 , 0
GWK60_M01177 , 122
GWK60_M01243 , 37
GWK60_M01353 , 10
GWK60_M01485 , 0
GWK60_M01573 , 0
GWK60_M01639 , 0
GWK60_M01661 , 0
GWK60_M01837 , 0
GWK60_M01903 , 0
GWK60_M02365 , 0
GWK60_M02453 , 0
GWK60_M02695 , 0
GWK60_M02981 , 252
GWK60_M03003 , 0
GWK60_M03025 , 10
GWK60_M03113 , 697
GWK60_M03135 , 0
GWK60_M03223 , 0
GWK60_M03465 , 65
GWK60_M03817 , 0
GWK60_M03861 , 0
GWK60_M04015 , 0
GWK60_M04037 , 0
GWK60_M04675 , 0
GWK60_M04763 , 2
GWK60_M04873 , 0
GWK60_M05247 , 0
GWK60_M05313 , 0
GWK60_M05577 , 0
GWK60_M05885 , 0
GWK60_M06281 , 0
GWK60_M06721 , 5
GWK60_M06787 , 0
GWK60_M06875 , 0
GWK60_M06897 , 0
GWK60_M07117 , 0
GWK60_M07513 , 0
GWK60_M08063 , 0
GWK60_M08195 , 0
GWK60_M08217 , 0
GWK60_M08503 , 0
GWK60_M08635 , 120
GWK60_M08657 , 0
GWK60_M08877 , 0
GWK60_M08899 , 45
GWK60_M08987 , 40
GWK60_M09075 , 0
GWK60_M09119 , 0
GWK60_M09229 , 45
GWK60_M09427 , 83
GWK60_M09559 , 1
GWK60_M09581 , 1
GWK60_M10681 , 0
GWK60_M10703 , 27
GWK60_M10967 , 445
GWK60_M11055 , 0
GWK60_M11121 , 0
GWK60_M11143 , 0
GWK60_M11187 , 0
GWK60_M11429 , 0
GWK60_M11473 , 36
GWK60_M11649 , 247
GWK60_M11715 , 1
GWK60_M11847 , 0
GWK60_M11979 , 1
GWK60_M12243 , 0
GWK60_M12683 , 0
GWK60_M13035 , 0
GWK60_M13079 , 0
GWK60_M13277 , 0
GWK60_M13475 , 2
GWK60_M13695 , 1
GWK60_M13717 , 0
GWK60_M13783 , 0
GWK60_M13959 , 0
GWK60_M13981 , 0
