Bin index,combined_parent_hits.T059p7,combined_parent_hits.T059p7 rank
CP048230.1-0,1,1175
CP048230.1-1,0,1213
CP048230.1-2,1,1176
CP048230.1-3,9,753
CP048230.1-4,9,754
CP048230.1-5,40,95
CP048230.1-6,29,185
CP048230.1-7,98,7
CP048230.1-8,28,198
CP048230.1-9,69,27
CP048230.1-10,19,343
CP048230.1-11,7,856
CP048230.1-12,80,16
CP048230.1-13,36,117
CP048230.1-14,66,29
CP048230.1-15,22,293
CP048230.1-16,13,538
CP048230.1-17,20,324
CP048230.1-18,64,33
CP048230.1-19,26,225
CP048230.1-20,17,407
CP048230.1-21,2,1126
CP048230.1-22,0,1214
CP048230.1-23,12,591
CP048230.1-24,8,795
CP048230.1-25,21,308
CP048230.1-26,27,212
CP048230.1-27,26,226
CP048230.1-28,15,468
CP048230.1-29,11,644
CP048230.1-30,2,1127
CP048230.1-31,5,967
CP048230.1-32,27,213
CP048230.1-33,20,325
CP048230.1-34,19,344
CP048230.1-35,22,294
CP048230.1-36,1,1177
CP048230.1-37,28,199
CP048230.1-38,4,1020
CP048230.1-39,10,696
CP048230.1-40,5,968
CP048230.1-41,18,381
CP048230.1-42,6,919
CP048230.1-43,14,509
CP048230.1-44,35,124
CP048230.1-45,10,697
CP048230.1-46,15,469
CP048230.1-47,19,345
CP048230.1-48,24,251
CP048231.1-0,0,1215
CP048231.1-1,10,698
CP048231.1-2,10,699
CP048231.1-3,15,470
CP048231.1-4,10,700
CP048231.1-5,30,175
CP048231.1-6,18,382
CP048231.1-7,27,214
CP048231.1-8,8,796
CP048231.1-9,35,125
CP048231.1-10,20,326
CP048231.1-11,7,857
CP048231.1-12,6,920
CP048231.1-13,5,969
CP048231.1-14,12,592
CP048231.1-15,9,755
CP048231.1-16,4,1021
CP048231.1-17,3,1080
CP048231.1-18,14,510
CP048231.1-19,13,539
CP048231.1-20,9,756
CP048231.1-21,0,1216
CP048231.1-22,17,408
CP048231.1-23,58,45
CP048231.1-24,14,511
CP048231.1-25,24,252
CP048231.1-26,24,253
CP048231.1-27,39,98
CP048231.1-28,36,118
CP048231.1-29,74,21
CP048231.1-30,43,81
CP048231.1-31,7,858
CP048231.1-32,8,797
CP048231.1-33,9,757
CP048231.1-34,13,540
CP048231.1-35,65,32
CP048231.1-36,12,593
CP048231.1-37,70,26
CP048231.1-38,84,13
CP048231.1-39,25,239
CP048231.1-40,18,383
CP048231.1-41,39,99
CP048231.1-42,27,215
CP048231.1-43,47,65
CP048231.1-44,101,6
CP048231.1-45,71,24
CP048231.1-46,49,56
CP048231.1-47,66,30
CP048231.1-48,73,23
CP048231.1-49,3,1081
CP048231.1-50,0,1217
CP048231.1-51,3,1082
CP048232.1-0,0,1218
CP048232.1-1,0,1219
CP048232.1-2,10,701
CP048232.1-3,17,409
CP048232.1-4,16,442
CP048232.1-5,18,384
CP048232.1-6,13,541
CP048232.1-7,20,327
CP048232.1-8,13,542
CP048232.1-9,1,1178
CP048232.1-10,11,645
CP048232.1-11,10,702
CP048232.1-12,8,798
CP048232.1-13,14,512
CP048232.1-14,11,646
CP048232.1-15,8,799
CP048232.1-16,49,57
CP048232.1-17,9,758
CP048232.1-18,28,200
CP048232.1-19,18,385
CP048232.1-20,7,859
CP048232.1-21,15,471
CP048232.1-22,10,703
CP048232.1-23,22,295
CP048232.1-24,34,133
CP048232.1-25,6,921
CP048232.1-26,16,443
CP048232.1-27,19,346
CP048232.1-28,22,296
CP048232.1-29,13,543
CP048232.1-30,9,759
CP048232.1-31,49,58
CP048232.1-32,25,240
CP048232.1-33,16,444
CP048232.1-34,30,176
CP048232.1-35,29,186
CP048232.1-36,48,62
CP048232.1-37,52,53
CP048232.1-38,49,59
CP048232.1-39,47,66
CP048232.1-40,59,43
CP048232.1-41,94,8
CP048232.1-42,74,22
CP048232.1-43,142,2
CP048232.1-44,64,34
CP048232.1-45,62,41
CP048232.1-46,21,309
CP048232.1-47,64,35
CP048232.1-48,23,273
CP048232.1-49,15,472
CP048232.1-50,15,473
CP048232.1-51,6,922
CP048232.1-52,12,594
CP048232.1-53,1,1179
CP048233.1-0,0,1220
CP048233.1-1,4,1022
CP048233.1-2,29,187
CP048233.1-3,9,760
CP048233.1-4,3,1083
CP048233.1-5,23,274
CP048233.1-6,10,704
CP048233.1-7,14,513
CP048233.1-8,13,544
CP048233.1-9,34,134
CP048233.1-10,26,227
CP048233.1-11,2,1128
CP048233.1-12,24,254
CP048233.1-13,15,474
CP048233.1-14,8,800
CP048233.1-15,5,970
CP048233.1-16,15,475
CP048233.1-17,3,1084
CP048233.1-18,34,135
CP048233.1-19,6,923
CP048233.1-20,3,1085
CP048233.1-21,7,860
CP048233.1-22,4,1023
CP048233.1-23,3,1086
CP048233.1-24,34,136
CP048233.1-25,11,647
CP048233.1-26,5,971
CP048233.1-27,4,1024
CP048233.1-28,0,1221
CP048233.1-29,4,1025
CP048233.1-30,10,705
CP048233.1-31,5,972
CP048233.1-32,1,1180
CP048233.1-33,10,706
CP048233.1-34,4,1026
CP048233.1-35,14,514
CP048233.1-36,4,1027
CP048233.1-37,6,924
CP048233.1-38,12,595
CP048233.1-39,13,545
CP048233.1-40,20,328
CP048233.1-41,8,801
CP048233.1-42,21,310
CP048233.1-43,13,546
CP048233.1-44,17,410
CP048233.1-45,17,411
CP048233.1-46,9,761
CP048233.1-47,25,241
CP048233.1-48,7,861
CP048233.1-49,22,297
CP048233.1-50,28,201
CP048233.1-51,20,329
CP048233.1-52,3,1087
CP048233.1-53,45,72
CP048233.1-54,29,188
CP048233.1-55,58,46
CP048233.1-56,19,347
CP048233.1-57,37,111
CP048233.1-58,35,126
CP048233.1-59,39,100
CP048233.1-60,76,19
CP048233.1-61,22,298
CP048233.1-62,28,202
CP048233.1-63,20,330
CP048233.1-64,90,10
CP048233.1-65,12,596
CP048233.1-66,55,48
CP048233.1-67,10,707
CP048233.1-68,35,127
CP048233.1-69,2,1129
CP048233.1-70,1,1181
CP048234.1-0,1,1182
CP048234.1-1,3,1088
CP048234.1-2,0,1222
CP048234.1-3,1,1183
CP048234.1-4,5,973
CP048234.1-5,10,708
CP048234.1-6,6,925
CP048234.1-7,3,1089
CP048234.1-8,12,597
CP048234.1-9,16,445
CP048234.1-10,6,926
CP048234.1-11,7,862
CP048234.1-12,32,150
CP048234.1-13,26,228
CP048234.1-14,31,164
CP048234.1-15,16,446
CP048234.1-16,7,863
CP048234.1-17,11,648
CP048234.1-18,9,762
CP048234.1-19,31,165
CP048234.1-20,35,128
CP048234.1-21,25,242
CP048234.1-22,31,166
CP048234.1-23,89,11
CP048234.1-24,26,229
CP048234.1-25,39,101
CP048234.1-26,53,49
CP048234.1-27,33,140
CP048234.1-28,46,67
CP048234.1-29,18,386
CP048234.1-30,46,68
CP048234.1-31,64,36
CP048234.1-32,27,216
CP048234.1-33,12,598
CP048234.1-34,6,927
CP048234.1-35,11,649
CP048234.1-36,24,255
CP048234.1-37,12,599
CP048234.1-38,11,650
CP048234.1-39,32,151
CP048234.1-40,10,709
CP048234.1-41,21,311
CP048234.1-42,9,763
CP048234.1-43,32,152
CP048234.1-44,43,82
CP048234.1-45,10,710
CP048234.1-46,37,112
CP048234.1-47,11,651
CP048234.1-48,12,600
CP048234.1-49,46,69
CP048234.1-50,27,217
CP048234.1-51,4,1028
CP048234.1-52,16,447
CP048234.1-53,9,764
CP048234.1-54,5,974
CP048234.1-55,8,802
CP048234.1-56,8,803
CP048234.1-57,33,141
CP048234.1-58,30,177
CP048234.1-59,10,711
CP048234.1-60,0,1223
CP048234.1-61,18,387
CP048234.1-62,33,142
CP048234.1-63,21,312
CP048234.1-64,23,275
CP048234.1-65,18,388
CP048234.1-66,17,412
CP048234.1-67,6,928
CP048234.1-68,2,1130
CP048235.1-0,0,1224
CP048235.1-1,0,1225
CP048235.1-2,1,1184
CP048235.1-3,15,476
CP048235.1-4,19,348
CP048235.1-5,34,137
CP048235.1-6,1,1185
CP048235.1-7,22,299
CP048235.1-8,53,50
CP048235.1-9,16,448
CP048235.1-10,15,477
CP048235.1-11,5,975
CP048235.1-12,15,478
CP048235.1-13,10,712
CP048235.1-14,36,119
CP048235.1-15,19,349
CP048235.1-16,81,15
CP048235.1-17,2,1131
CP048235.1-18,19,350
CP048235.1-19,38,108
CP048235.1-20,51,54
CP048235.1-21,7,864
CP048235.1-22,18,389
CP048235.1-23,44,76
CP048235.1-24,105,4
CP048235.1-25,44,77
CP048235.1-26,12,601
CP048235.1-27,39,102
CP048235.1-28,10,713
CP048235.1-29,13,547
CP048235.1-30,39,103
CP048235.1-31,15,479
CP048235.1-32,7,865
CP048235.1-33,16,449
CP048235.1-34,31,167
CP048235.1-35,20,331
CP048235.1-36,11,652
CP048235.1-37,28,203
CP048235.1-38,7,866
CP048235.1-39,6,929
CP048235.1-40,8,804
CP048235.1-41,7,867
CP048235.1-42,13,548
CP048235.1-43,43,83
CP048235.1-44,1,1186
CP048235.1-45,10,714
CP048235.1-46,17,413
CP048235.1-47,25,243
CP048235.1-48,18,390
CP048235.1-49,9,765
CP048235.1-50,28,204
CP048235.1-51,10,715
CP048235.1-52,4,1029
CP048235.1-53,19,351
CP048235.1-54,3,1090
CP048235.1-55,14,515
CP048235.1-56,8,805
CP048235.1-57,7,868
CP048235.1-58,6,930
CP048235.1-59,2,1132
CP048235.1-60,23,276
CP048235.1-61,21,313
CP048235.1-62,19,352
CP048235.1-63,11,653
CP048235.1-64,13,549
CP048235.1-65,2,1133
CP048235.1-66,8,806
CP048235.1-67,2,1134
CP048235.1-68,8,807
CP048235.1-69,28,205
CP048235.1-70,27,218
CP048235.1-71,6,931
CP048235.1-72,3,1091
CP048235.1-73,12,602
CP048235.1-74,22,300
CP048235.1-75,46,70
CP048235.1-76,11,654
CP048235.1-77,9,766
CP048235.1-78,4,1030
CP048235.1-79,8,808
CP048235.1-80,12,603
CP048235.1-81,19,353
CP048235.1-82,7,869
CP048235.1-83,13,550
CP048235.1-84,8,809
CP048235.1-85,2,1135
CP048235.1-86,17,414
CP048235.1-87,8,810
CP048235.1-88,24,256
CP048235.1-89,4,1031
CP048235.1-90,18,391
CP048235.1-91,11,655
CP048235.1-92,4,1032
CP048235.1-93,1,1187
CP048236.1-0,5,976
CP048236.1-1,0,1226
CP048236.1-2,4,1033
CP048236.1-3,41,92
CP048236.1-4,48,63
CP048236.1-5,80,17
CP048236.1-6,17,415
CP048236.1-7,29,189
CP048236.1-8,46,71
CP048236.1-9,31,168
CP048236.1-10,19,354
CP048236.1-11,58,47
CP048236.1-12,32,153
CP048236.1-13,25,244
CP048236.1-14,25,245
CP048236.1-15,16,450
CP048236.1-16,24,257
CP048236.1-17,13,551
CP048236.1-18,4,1034
CP048236.1-19,29,190
CP048236.1-20,36,120
CP048236.1-21,7,870
CP048236.1-22,8,811
CP048236.1-23,23,277
CP048236.1-24,6,932
CP048236.1-25,6,933
CP048236.1-26,12,604
CP048236.1-27,24,258
CP048236.1-28,34,138
CP048236.1-29,18,392
CP048236.1-30,0,1227
CP048236.1-31,15,480
CP048236.1-32,12,605
CP048236.1-33,8,812
CP048236.1-34,0,1228
CP048236.1-35,15,481
CP048236.1-36,22,301
CP048236.1-37,11,656
CP048236.1-38,7,871
CP048236.1-39,30,178
CP048236.1-40,5,977
CP048236.1-41,4,1035
CP048236.1-42,6,934
CP048236.1-43,8,813
CP048236.1-44,10,716
CP048236.1-45,5,978
CP048236.1-46,4,1036
CP048236.1-47,29,191
CP048236.1-48,2,1136
CP048236.1-49,5,979
CP048236.1-50,5,980
CP048236.1-51,29,192
CP048236.1-52,7,872
CP048236.1-53,9,767
CP048236.1-54,9,768
CP048236.1-55,20,332
CP048236.1-56,12,606
CP048236.1-57,21,314
CP048236.1-58,19,355
CP048236.1-59,14,516
CP048236.1-60,16,451
CP048236.1-61,3,1092
CP048236.1-62,5,981
CP048236.1-63,15,482
CP048236.1-64,19,356
CP048236.1-65,3,1093
CP048236.1-66,11,657
CP048236.1-67,6,935
CP048236.1-68,5,982
CP048236.1-69,6,936
CP048236.1-70,33,143
CP048236.1-71,8,814
CP048236.1-72,4,1037
CP048236.1-73,13,552
CP048236.1-74,11,658
CP048236.1-75,3,1094
CP048236.1-76,2,1137
CP048236.1-77,15,483
CP048236.1-78,11,659
CP048236.1-79,9,769
CP048236.1-80,3,1095
CP048236.1-81,6,937
CP048236.1-82,17,416
CP048236.1-83,14,517
CP048236.1-84,13,553
CP048236.1-85,0,1229
CP048236.1-86,11,660
CP048236.1-87,32,154
CP048236.1-88,9,770
CP048236.1-89,7,873
CP048236.1-90,6,938
CP048236.1-91,7,874
CP048236.1-92,23,278
CP048236.1-93,31,169
CP048236.1-94,9,771
CP048236.1-95,4,1038
CP048236.1-96,13,554
CP048236.1-97,0,1230
CP048236.1-98,17,417
CP048236.1-99,8,815
CP048236.1-100,1,1188
CP048237.1-0,0,1231
CP048237.1-1,0,1232
CP048237.1-2,13,555
CP048237.1-3,15,484
CP048237.1-4,6,939
CP048237.1-5,9,772
CP048237.1-6,1,1189
CP048237.1-7,45,73
CP048237.1-8,16,452
CP048237.1-9,8,816
CP048237.1-10,5,983
CP048237.1-11,6,940
CP048237.1-12,6,941
CP048237.1-13,15,485
CP048237.1-14,8,817
CP048237.1-15,2,1138
CP048237.1-16,4,1039
CP048237.1-17,8,818
CP048237.1-18,14,518
CP048237.1-19,13,556
CP048237.1-20,10,717
CP048237.1-21,11,661
CP048237.1-22,10,718
CP048237.1-23,10,719
CP048237.1-24,17,418
CP048237.1-25,11,662
CP048237.1-26,5,984
CP048237.1-27,5,985
CP048237.1-28,7,875
CP048237.1-29,0,1233
CP048237.1-30,2,1139
CP048237.1-31,5,986
CP048237.1-32,7,876
CP048237.1-33,11,663
CP048237.1-34,10,720
CP048237.1-35,17,419
CP048237.1-36,7,877
CP048237.1-37,3,1096
CP048237.1-38,19,357
CP048237.1-39,32,155
CP048237.1-40,31,170
CP048237.1-41,2,1140
CP048237.1-42,6,942
CP048237.1-43,7,878
CP048237.1-44,12,607
CP048237.1-45,2,1141
CP048237.1-46,12,608
CP048237.1-47,12,609
CP048237.1-48,9,773
CP048237.1-49,7,879
CP048237.1-50,0,1234
CP048237.1-51,15,486
CP048237.1-52,4,1040
CP048237.1-53,7,880
CP048237.1-54,31,171
CP048237.1-55,10,721
CP048237.1-56,1,1190
CP048237.1-57,17,420
CP048237.1-58,2,1142
CP048237.1-59,3,1097
CP048237.1-60,15,487
CP048237.1-61,23,279
CP048237.1-62,13,557
CP048237.1-63,9,774
CP048237.1-64,35,129
CP048237.1-65,19,358
CP048237.1-66,7,881
CP048237.1-67,16,453
CP048237.1-68,9,775
CP048237.1-69,19,359
CP048237.1-70,4,1041
CP048237.1-71,18,393
CP048237.1-72,3,1098
CP048237.1-73,42,86
CP048237.1-74,9,776
CP048237.1-75,27,219
CP048237.1-76,3,1099
CP048237.1-77,6,943
CP048237.1-78,9,777
CP048237.1-79,12,610
CP048237.1-80,8,819
CP048237.1-81,25,246
CP048237.1-82,36,121
CP048237.1-83,30,179
CP048237.1-84,11,664
CP048237.1-85,33,144
CP048237.1-86,38,109
CP048237.1-87,35,130
CP048237.1-88,28,206
CP048237.1-89,23,280
CP048237.1-90,22,302
CP048237.1-91,66,31
CP048237.1-92,36,122
CP048237.1-93,19,360
CP048237.1-94,20,333
CP048237.1-95,75,20
CP048237.1-96,26,230
CP048237.1-97,153,1
CP048237.1-98,64,37
CP048237.1-99,117,3
CP048237.1-100,19,361
CP048237.1-101,15,488
CP048237.1-102,20,334
CP048237.1-103,11,665
CP048237.1-104,23,281
CP048237.1-105,9,778
CP048238.1-0,1,1191
CP048238.1-1,0,1235
CP048238.1-2,12,611
CP048238.1-3,15,489
CP048238.1-4,45,74
CP048238.1-5,6,944
CP048238.1-6,42,87
CP048238.1-7,20,335
CP048238.1-8,13,558
CP048238.1-9,5,987
CP048238.1-10,13,559
CP048238.1-11,14,519
CP048238.1-12,17,421
CP048238.1-13,13,560
CP048238.1-14,8,820
CP048238.1-15,29,193
CP048238.1-16,13,561
CP048238.1-17,39,104
CP048238.1-18,24,259
CP048238.1-19,22,303
CP048238.1-20,10,722
CP048238.1-21,2,1143
CP048238.1-22,6,945
CP048238.1-23,3,1100
CP048238.1-24,7,882
CP048238.1-25,14,520
CP048238.1-26,12,612
CP048238.1-27,33,145
CP048238.1-28,23,282
CP048238.1-29,37,113
CP048238.1-30,4,1042
CP048238.1-31,30,180
CP048238.1-32,25,247
CP048238.1-33,28,207
CP048238.1-34,10,723
CP048238.1-35,44,78
CP048238.1-36,40,96
CP048238.1-37,17,422
CP048238.1-38,11,666
CP048238.1-39,71,25
CP048238.1-40,69,28
CP048238.1-41,12,613
CP048238.1-42,21,315
CP048238.1-43,36,123
CP048238.1-44,85,12
CP048238.1-45,24,260
CP048238.1-46,3,1101
CP048238.1-47,15,490
CP048238.1-48,26,231
CP048238.1-49,11,667
CP048238.1-50,11,668
CP048238.1-51,24,261
CP048238.1-52,12,614
CP048238.1-53,22,304
CP048238.1-54,33,146
CP048238.1-55,30,181
CP048238.1-56,14,521
CP048238.1-57,18,394
CP048238.1-58,0,1236
CP048238.1-59,8,821
CP048238.1-60,14,522
CP048238.1-61,0,1237
CP048238.1-62,1,1192
CP048238.1-63,1,1193
CP048238.1-64,2,1144
CP048238.1-65,0,1238
CP048238.1-66,8,822
CP048238.1-67,11,669
CP048238.1-68,38,110
CP048238.1-69,7,883
CP048238.1-70,27,220
CP048238.1-71,24,262
CP048238.1-72,10,724
CP048238.1-73,12,615
CP048238.1-74,0,1239
CP048238.1-75,3,1102
CP048239.1-0,0,1240
CP048239.1-1,0,1241
CP048239.1-2,5,988
CP048239.1-3,24,263
CP048239.1-4,13,562
CP048239.1-5,32,156
CP048239.1-6,31,172
CP048239.1-7,3,1103
CP048239.1-8,17,423
CP048239.1-9,4,1043
CP048239.1-10,37,114
CP048239.1-11,8,823
CP048239.1-12,12,616
CP048239.1-13,6,946
CP048239.1-14,13,563
CP048239.1-15,43,84
CP048239.1-16,19,362
CP048239.1-17,49,60
CP048239.1-18,44,79
CP048239.1-19,11,670
CP048239.1-20,23,283
CP048239.1-21,17,424
CP048239.1-22,39,105
CP048239.1-23,92,9
CP048239.1-24,63,39
CP048239.1-25,24,264
CP048239.1-26,19,363
CP048239.1-27,45,75
CP048239.1-28,27,221
CP048239.1-29,25,248
CP048239.1-30,33,147
CP048239.1-31,26,232
CP048239.1-32,8,824
CP048239.1-33,15,491
CP048239.1-34,15,492
CP048239.1-35,15,493
CP048239.1-36,12,617
CP048239.1-37,2,1145
CP048239.1-38,16,454
CP048239.1-39,13,564
CP048239.1-40,24,265
CP048239.1-41,22,305
CP048239.1-42,13,565
CP048239.1-43,6,947
CP048239.1-44,16,455
CP048239.1-45,6,948
CP048239.1-46,3,1104
CP048239.1-47,2,1146
CP048239.1-48,7,884
CP048239.1-49,8,825
CP048239.1-50,8,826
CP048239.1-51,6,949
CP048239.1-52,0,1242
CP048239.1-53,4,1044
CP048239.1-54,14,523
CP048239.1-55,13,566
CP048239.1-56,4,1045
CP048239.1-57,3,1105
CP048239.1-58,2,1147
CP048239.1-59,14,524
CP048239.1-60,15,494
CP048239.1-61,10,725
CP048239.1-62,15,495
CP048239.1-63,0,1243
CP048239.1-64,10,726
CP048239.1-65,17,425
CP048239.1-66,4,1046
CP048239.1-67,4,1047
CP048239.1-68,9,779
CP048239.1-69,2,1148
CP048239.1-70,7,885
CP048239.1-71,14,525
CP048239.1-72,19,364
CP048239.1-73,12,618
CP048239.1-74,9,780
CP048239.1-75,4,1048
CP048239.1-76,13,567
CP048239.1-77,10,727
CP048239.1-78,7,886
CP048239.1-79,1,1194
CP048239.1-80,3,1106
CP048239.1-81,7,887
CP048239.1-82,2,1149
CP048239.1-83,0,1244
CP048239.1-84,11,671
CP048239.1-85,1,1195
CP048239.1-86,9,781
CP048239.1-87,12,619
CP048239.1-88,10,728
CP048239.1-89,9,782
CP048239.1-90,10,729
CP048239.1-91,5,989
CP048239.1-92,2,1150
CP048239.1-93,5,990
CP048239.1-94,13,568
CP048239.1-95,22,306
CP048239.1-96,12,620
CP048239.1-97,2,1151
CP048239.1-98,7,888
CP048239.1-99,10,730
CP048239.1-100,7,889
CP048239.1-101,17,426
CP048239.1-102,8,827
CP048239.1-103,9,783
CP048239.1-104,5,991
CP048239.1-105,10,731
CP048239.1-106,3,1107
CP048239.1-107,1,1196
CP048239.1-108,4,1049
CP048239.1-109,1,1197
CP048239.1-110,9,784
CP048239.1-111,10,732
CP048239.1-112,19,365
CP048239.1-113,10,733
CP048239.1-114,7,890
CP048239.1-115,5,992
CP048239.1-116,6,950
CP048239.1-117,12,621
CP048239.1-118,13,569
CP048239.1-119,14,526
CP048239.1-120,3,1108
CP048239.1-121,5,993
CP048239.1-122,1,1198
CP048239.1-123,0,1245
CP048239.1-124,2,1152
CP048240.1-0,1,1199
CP048240.1-1,0,1246
CP048240.1-2,13,570
CP048240.1-3,28,208
CP048240.1-4,15,496
CP048240.1-5,2,1153
CP048240.1-6,18,395
CP048240.1-7,32,157
CP048240.1-8,13,571
CP048240.1-9,11,672
CP048240.1-10,6,951
CP048240.1-11,13,572
CP048240.1-12,7,891
CP048240.1-13,6,952
CP048240.1-14,34,139
CP048240.1-15,15,497
CP048240.1-16,19,366
CP048240.1-17,14,527
CP048240.1-18,27,222
CP048240.1-19,40,97
CP048240.1-20,13,573
CP048240.1-21,19,367
CP048240.1-22,18,396
CP048240.1-23,20,336
CP048240.1-24,50,55
CP048240.1-25,77,18
CP048240.1-26,53,51
CP048240.1-27,82,14
CP048240.1-28,42,88
CP048240.1-29,63,40
CP048240.1-30,23,284
CP048240.1-31,26,233
CP048240.1-32,43,85
CP048240.1-33,14,528
CP048240.1-34,42,89
CP048240.1-35,2,1154
CP048240.1-36,7,892
CP048240.1-37,30,182
CP048240.1-38,26,234
CP048240.1-39,24,266
CP048240.1-40,33,148
CP048240.1-41,15,498
CP048240.1-42,15,499
CP048240.1-43,11,673
CP048240.1-44,13,574
CP048240.1-45,23,285
CP048240.1-46,6,953
CP048240.1-47,12,622
CP048240.1-48,19,368
CP048240.1-49,11,674
CP048240.1-50,12,623
CP048240.1-51,8,828
CP048240.1-52,10,734
CP048240.1-53,10,735
CP048240.1-54,3,1109
CP048240.1-55,4,1050
CP048240.1-56,32,158
CP048240.1-57,21,316
CP048240.1-58,20,337
CP048240.1-59,9,785
CP048240.1-60,12,624
CP048240.1-61,20,338
CP048240.1-62,1,1200
CP048240.1-63,8,829
CP048240.1-64,2,1155
CP048240.1-65,13,575
CP048240.1-66,3,1110
CP048240.1-67,11,675
CP048240.1-68,11,676
CP048240.1-69,8,830
CP048240.1-70,5,994
CP048240.1-71,11,677
CP048240.1-72,30,183
CP048240.1-73,16,456
CP048240.1-74,18,397
CP048240.1-75,3,1111
CP048240.1-76,14,529
CP048240.1-77,23,286
CP048240.1-78,3,1112
CP048240.1-79,4,1051
CP048240.1-80,4,1052
CP048240.1-81,8,831
CP048240.1-82,7,893
CP048240.1-83,0,1247
CP048240.1-84,4,1053
CP048240.1-85,5,995
CP048240.1-86,16,457
CP048240.1-87,18,398
CP048240.1-88,39,106
CP048240.1-89,11,678
CP048240.1-90,0,1248
CP048240.1-91,12,625
CP048240.1-92,5,996
CP048240.1-93,18,399
CP048240.1-94,4,1054
CP048240.1-95,4,1055
CP048240.1-96,2,1156
CP048240.1-97,13,576
CP048240.1-98,8,832
CP048240.1-99,14,530
CP048240.1-100,5,997
CP048240.1-101,5,998
CP048240.1-102,3,1113
CP048240.1-103,8,833
CP048240.1-104,19,369
CP048240.1-105,7,894
CP048240.1-106,19,370
CP048240.1-107,21,317
CP048240.1-108,2,1157
CP048240.1-109,7,895
CP048240.1-110,8,834
CP048240.1-111,16,458
CP048240.1-112,14,531
CP048240.1-113,6,954
CP048240.1-114,3,1114
CP048240.1-115,26,235
CP048240.1-116,8,835
CP048240.1-117,23,287
CP048240.1-118,11,679
CP048240.1-119,11,680
CP048240.1-120,15,500
CP048240.1-121,5,999
CP048240.1-122,7,896
CP048240.1-123,5,1000
CP048240.1-124,8,836
CP048240.1-125,4,1056
CP048240.1-126,41,93
CP048240.1-127,17,427
CP048240.1-128,3,1115
CP048240.1-129,17,428
CP048240.1-130,1,1201
CP048241.1-0,1,1202
CP048241.1-1,2,1158
CP048241.1-2,26,236
CP048241.1-3,14,532
CP048241.1-4,16,459
CP048241.1-5,13,577
CP048241.1-6,4,1057
CP048241.1-7,24,267
CP048241.1-8,4,1058
CP048241.1-9,24,268
CP048241.1-10,10,736
CP048241.1-11,32,159
CP048241.1-12,7,897
CP048241.1-13,4,1059
CP048241.1-14,9,786
CP048241.1-15,14,533
CP048241.1-16,7,898
CP048241.1-17,6,955
CP048241.1-18,35,131
CP048241.1-19,2,1159
CP048241.1-20,0,1249
CP048241.1-21,5,1001
CP048241.1-22,42,90
CP048241.1-23,2,1160
CP048241.1-24,7,899
CP048241.1-25,5,1002
CP048241.1-26,2,1161
CP048241.1-27,8,837
CP048241.1-28,10,737
CP048241.1-29,13,578
CP048241.1-30,3,1116
CP048241.1-31,2,1162
CP048241.1-32,4,1060
CP048241.1-33,10,738
CP048241.1-34,4,1061
CP048241.1-35,27,223
CP048241.1-36,11,681
CP048241.1-37,11,682
CP048241.1-38,13,579
CP048241.1-39,8,838
CP048241.1-40,11,683
CP048241.1-41,3,1117
CP048241.1-42,5,1003
CP048241.1-43,8,839
CP048241.1-44,12,626
CP048241.1-45,14,534
CP048241.1-46,21,318
CP048241.1-47,17,429
CP048241.1-48,8,840
CP048241.1-49,24,269
CP048241.1-50,15,501
CP048241.1-51,10,739
CP048241.1-52,4,1062
CP048241.1-53,1,1203
CP048241.1-54,13,580
CP048241.1-55,12,627
CP048241.1-56,10,740
CP048241.1-57,21,319
CP048241.1-58,12,628
CP048241.1-59,5,1004
CP048241.1-60,8,841
CP048241.1-61,15,502
CP048241.1-62,7,900
CP048241.1-63,10,741
CP048241.1-64,16,460
CP048241.1-65,7,901
CP048241.1-66,19,371
CP048241.1-67,7,902
CP048241.1-68,25,249
CP048241.1-69,26,237
CP048241.1-70,8,842
CP048241.1-71,2,1163
CP048241.1-72,7,903
CP048241.1-73,11,684
CP048241.1-74,16,461
CP048241.1-75,12,629
CP048241.1-76,10,742
CP048241.1-77,7,904
CP048241.1-78,18,400
CP048241.1-79,23,288
CP048241.1-80,1,1204
CP048241.1-81,8,843
CP048241.1-82,5,1005
CP048241.1-83,15,503
CP048241.1-84,20,339
CP048241.1-85,17,430
CP048241.1-86,6,956
CP048241.1-87,9,787
CP048241.1-88,13,581
CP048241.1-89,17,431
CP048241.1-90,13,582
CP048241.1-91,42,91
CP048241.1-92,49,61
CP048241.1-93,19,372
CP048241.1-94,21,320
CP048241.1-95,11,685
CP048241.1-96,1,1205
CP048241.1-97,5,1006
CP048241.1-98,32,160
CP048241.1-99,12,630
CP048241.1-100,11,686
CP048241.1-101,3,1118
CP048241.1-102,19,373
CP048241.1-103,21,321
CP048241.1-104,2,1164
CP048241.1-105,2,1165
CP048241.1-106,10,743
CP048241.1-107,4,1063
CP048241.1-108,17,432
CP048241.1-109,11,687
CP048241.1-110,20,340
CP048241.1-111,5,1007
CP048241.1-112,4,1064
CP048241.1-113,2,1166
CP048241.1-114,5,1008
CP048241.1-115,15,504
CP048241.1-116,19,374
CP048241.1-117,23,289
CP048241.1-118,11,688
CP048241.1-119,18,401
CP048241.1-120,17,433
CP048241.1-121,4,1065
CP048241.1-122,3,1119
CP048241.1-123,29,194
CP048241.1-124,32,161
CP048241.1-125,28,209
CP048241.1-126,17,434
CP048241.1-127,21,322
CP048241.1-128,18,402
CP048241.1-129,4,1066
CP048241.1-130,9,788
CP048241.1-131,8,844
CP048241.1-132,30,184
CP048241.1-133,17,435
CP048241.1-134,35,132
CP048241.1-135,61,42
CP048241.1-136,59,44
CP048241.1-137,29,195
CP048241.1-138,53,52
CP048241.1-139,27,224
CP048241.1-140,5,1009
CP048241.1-141,11,689
CP048241.1-142,4,1067
CP048241.1-143,24,270
CP048241.1-144,0,1250
CP048241.1-145,24,271
CP048241.1-146,23,290
CP048241.1-147,41,94
CP048241.1-148,32,162
CP048241.1-149,20,341
CP048241.1-150,17,436
CP048241.1-151,19,375
CP048241.1-152,13,583
CP048241.1-153,9,789
CP048241.1-154,44,80
CP048241.1-155,8,845
CP048241.1-156,14,535
CP048241.1-157,8,846
CP048241.1-158,2,1167
CP048241.1-159,13,584
CP048241.1-160,11,690
CP048241.1-161,7,905
CP048241.1-162,9,790
CP048241.1-163,4,1068
CP048241.1-164,4,1069
CP048241.1-165,6,957
CP048241.1-166,6,958
CP048241.1-167,10,744
CP048241.1-168,3,1120
CP048241.1-169,1,1206
CP048241.1-170,0,1251
CP048241.1-171,15,505
CP048241.1-172,12,631
CP048241.1-173,12,632
CP048241.1-174,5,1010
CP048241.1-175,6,959
CP048241.1-176,13,585
CP048241.1-177,3,1121
CP048241.1-178,8,847
CP048241.1-179,8,848
CP048241.1-180,7,906
CP048241.1-181,2,1168
CP048241.1-182,0,1252
CP048241.1-183,12,633
CP048242.1-0,0,1253
CP048242.1-1,0,1254
CP048242.1-2,5,1011
CP048242.1-3,17,437
CP048242.1-4,9,791
CP048242.1-5,16,462
CP048242.1-6,11,691
CP048242.1-7,10,745
CP048242.1-8,4,1070
CP048242.1-9,12,634
CP048242.1-10,11,692
CP048242.1-11,6,960
CP048242.1-12,4,1071
CP048242.1-13,10,746
CP048242.1-14,5,1012
CP048242.1-15,3,1122
CP048242.1-16,12,635
CP048242.1-17,12,636
CP048242.1-18,7,907
CP048242.1-19,13,586
CP048242.1-20,12,637
CP048242.1-21,13,587
CP048242.1-22,7,908
CP048242.1-23,21,323
CP048242.1-24,1,1207
CP048242.1-25,5,1013
CP048242.1-26,15,506
CP048242.1-27,12,638
CP048242.1-28,13,588
CP048242.1-29,12,639
CP048242.1-30,6,961
CP048242.1-31,16,463
CP048242.1-32,4,1072
CP048242.1-33,28,210
CP048242.1-34,1,1208
CP048242.1-35,5,1014
CP048242.1-36,5,1015
CP048242.1-37,10,747
CP048242.1-38,17,438
CP048242.1-39,6,962
CP048242.1-40,7,909
CP048242.1-41,12,640
CP048242.1-42,0,1255
CP048242.1-43,5,1016
CP048242.1-44,8,849
CP048242.1-45,4,1073
CP048242.1-46,6,963
CP048242.1-47,7,910
CP048242.1-48,7,911
CP048242.1-49,2,1169
CP048242.1-50,8,850
CP048242.1-51,8,851
CP048242.1-52,4,1074
CP048242.1-53,17,439
CP048242.1-54,15,507
CP048242.1-55,5,1017
CP048242.1-56,7,912
CP048242.1-57,3,1123
CP048242.1-58,9,792
CP048242.1-59,6,964
CP048242.1-60,18,403
CP048242.1-61,12,641
CP048242.1-62,16,464
CP048242.1-63,14,536
CP048242.1-64,5,1018
CP048242.1-65,15,508
CP048242.1-66,29,196
CP048242.1-67,7,913
CP048242.1-68,10,748
CP048242.1-69,4,1075
CP048242.1-70,7,914
CP048242.1-71,3,1124
CP048242.1-72,5,1019
CP048242.1-73,4,1076
CP048242.1-74,17,440
CP048242.1-75,33,149
CP048242.1-76,8,852
CP048242.1-77,18,404
CP048242.1-78,6,965
CP048242.1-79,4,1077
CP048242.1-80,23,291
CP048242.1-81,3,1125
CP048242.1-82,7,915
CP048242.1-83,1,1209
CP048242.1-84,2,1170
CP048242.1-85,32,163
CP048242.1-86,48,64
CP048242.1-87,13,589
CP048242.1-88,25,250
CP048242.1-89,22,307
CP048242.1-90,11,693
CP048242.1-91,17,441
CP048242.1-92,1,1210
CP048242.1-93,16,465
CP048242.1-94,7,916
CP048242.1-95,20,342
CP048242.1-96,8,853
CP048242.1-97,16,466
CP048242.1-98,7,917
CP048242.1-99,19,376
CP048242.1-100,31,173
CP048242.1-101,37,115
CP048242.1-102,16,467
CP048242.1-103,39,107
CP048242.1-104,19,377
CP048242.1-105,104,5
CP048242.1-106,18,405
CP048242.1-107,23,292
CP048242.1-108,19,378
CP048242.1-109,37,116
CP048242.1-110,18,406
CP048242.1-111,19,379
CP048242.1-112,8,854
CP048242.1-113,26,238
CP048242.1-114,2,1171
CP048242.1-115,2,1172
CP048242.1-116,6,966
CP048242.1-117,64,38
CP048242.1-118,9,793
CP048242.1-119,7,918
CP048242.1-120,31,174
CP048242.1-121,10,749
CP048242.1-122,10,750
CP048242.1-123,1,1211
CP048242.1-124,24,272
CP048242.1-125,19,380
CP048242.1-126,14,537
CP048242.1-127,9,794
CP048242.1-128,10,751
CP048242.1-129,8,855
CP048242.1-130,29,197
CP048242.1-131,28,211
CP048242.1-132,11,694
CP048242.1-133,1,1212
CP048242.1-134,11,695
CP048242.1-135,10,752
CP048242.1-136,12,642
CP048242.1-137,4,1078
CP048242.1-138,4,1079
CP048242.1-139,13,590
CP048242.1-140,12,643
CP048242.1-141,2,1173
CP048242.1-142,2,1174
