Bin index,yH299-parent-pool3,yH299-parent-pool3 rank
CP048230.1-0,3,1209
CP048230.1-1,1,1229
CP048230.1-2,2,1220
CP048230.1-3,27,596
CP048230.1-4,25,642
CP048230.1-5,78,97
CP048230.1-6,77,104
CP048230.1-7,160,12
CP048230.1-8,65,150
CP048230.1-9,139,21
CP048230.1-10,38,406
CP048230.1-11,22,729
CP048230.1-12,136,24
CP048230.1-13,53,236
CP048230.1-14,130,28
CP048230.1-15,59,188
CP048230.1-16,29,548
CP048230.1-17,40,375
CP048230.1-18,103,50
CP048230.1-19,63,166
CP048230.1-20,50,259
CP048230.1-21,9,1088
CP048230.1-22,4,1190
CP048230.1-23,56,218
CP048230.1-24,16,888
CP048230.1-25,50,260
CP048230.1-26,68,135
CP048230.1-27,40,376
CP048230.1-28,15,926
CP048230.1-29,11,1035
CP048230.1-30,4,1191
CP048230.1-31,16,889
CP048230.1-32,33,482
CP048230.1-33,33,483
CP048230.1-34,37,420
CP048230.1-35,46,303
CP048230.1-36,18,831
CP048230.1-37,58,197
CP048230.1-38,15,927
CP048230.1-39,11,1036
CP048230.1-40,23,697
CP048230.1-41,39,389
CP048230.1-42,18,832
CP048230.1-43,47,295
CP048230.1-44,68,136
CP048230.1-45,17,860
CP048230.1-46,23,698
CP048230.1-47,40,377
CP048230.1-48,46,304
CP048230.1-49,6,1158
CP048230.1-50,2,1221
CP048231.1-0,3,1210
CP048231.1-1,24,664
CP048231.1-2,20,788
CP048231.1-3,39,390
CP048231.1-4,49,274
CP048231.1-5,52,242
CP048231.1-6,31,513
CP048231.1-7,51,251
CP048231.1-8,30,528
CP048231.1-9,78,98
CP048231.1-10,24,665
CP048231.1-11,22,730
CP048231.1-12,14,957
CP048231.1-13,14,958
CP048231.1-14,23,699
CP048231.1-15,24,666
CP048231.1-16,10,1066
CP048231.1-17,20,789
CP048231.1-18,16,890
CP048231.1-19,22,731
CP048231.1-20,26,613
CP048231.1-21,3,1211
CP048231.1-22,29,549
CP048231.1-23,95,61
CP048231.1-24,37,421
CP048231.1-25,42,344
CP048231.1-26,49,275
CP048231.1-27,76,106
CP048231.1-28,88,70
CP048231.1-29,116,41
CP048231.1-30,101,53
CP048231.1-31,28,571
CP048231.1-32,22,732
CP048231.1-33,17,861
CP048231.1-34,33,484
CP048231.1-35,136,25
CP048231.1-36,20,790
CP048231.1-37,110,45
CP048231.1-38,153,17
CP048231.1-39,49,276
CP048231.1-40,35,446
CP048231.1-41,76,107
CP048231.1-42,76,108
CP048231.1-43,82,89
CP048231.1-44,183,8
CP048231.1-45,129,30
CP048231.1-46,99,54
CP048231.1-47,130,29
CP048231.1-48,145,19
CP048231.1-49,8,1119
CP048231.1-50,1,1230
CP048231.1-51,6,1159
CP048232.1-0,0,1248
CP048232.1-1,9,1089
CP048232.1-2,17,862
CP048232.1-3,26,614
CP048232.1-4,30,529
CP048232.1-5,43,336
CP048232.1-6,22,733
CP048232.1-7,32,498
CP048232.1-8,25,643
CP048232.1-9,10,1067
CP048232.1-10,31,514
CP048232.1-11,25,644
CP048232.1-12,26,615
CP048232.1-13,17,863
CP048232.1-14,24,667
CP048232.1-15,24,668
CP048232.1-16,69,132
CP048232.1-17,12,1008
CP048232.1-18,59,189
CP048232.1-19,24,669
CP048232.1-20,16,891
CP048232.1-21,26,616
CP048232.1-22,32,499
CP048232.1-23,59,190
CP048232.1-24,72,126
CP048232.1-25,13,979
CP048232.1-26,23,700
CP048232.1-27,47,296
CP048232.1-28,44,320
CP048232.1-29,28,572
CP048232.1-30,24,670
CP048232.1-31,83,86
CP048232.1-32,55,222
CP048232.1-33,33,485
CP048232.1-34,60,183
CP048232.1-35,48,288
CP048232.1-36,81,92
CP048232.1-37,102,51
CP048232.1-38,79,96
CP048232.1-39,88,71
CP048232.1-40,124,33
CP048232.1-41,127,32
CP048232.1-42,138,23
CP048232.1-43,262,2
CP048232.1-44,108,46
CP048232.1-45,121,34
CP048232.1-46,55,223
CP048232.1-47,92,65
CP048232.1-48,37,422
CP048232.1-49,39,391
CP048232.1-50,35,447
CP048232.1-51,25,645
CP048232.1-52,28,573
CP048232.1-53,7,1136
CP048232.1-54,1,1231
CP048233.1-0,1,1232
CP048233.1-1,16,892
CP048233.1-2,121,35
CP048233.1-3,37,423
CP048233.1-4,17,864
CP048233.1-5,49,277
CP048233.1-6,23,701
CP048233.1-7,36,434
CP048233.1-8,40,378
CP048233.1-9,92,66
CP048233.1-10,71,128
CP048233.1-11,3,1212
CP048233.1-12,40,379
CP048233.1-13,32,500
CP048233.1-14,23,702
CP048233.1-15,11,1037
CP048233.1-16,42,345
CP048233.1-17,6,1160
CP048233.1-18,69,133
CP048233.1-19,15,928
CP048233.1-20,13,980
CP048233.1-21,29,550
CP048233.1-22,13,981
CP048233.1-23,5,1174
CP048233.1-24,57,206
CP048233.1-25,19,813
CP048233.1-26,13,982
CP048233.1-27,10,1068
CP048233.1-28,1,1233
CP048233.1-29,16,893
CP048233.1-30,27,597
CP048233.1-31,15,929
CP048233.1-32,4,1192
CP048233.1-33,22,734
CP048233.1-34,15,930
CP048233.1-35,19,814
CP048233.1-36,14,959
CP048233.1-37,15,931
CP048233.1-38,28,574
CP048233.1-39,23,703
CP048233.1-40,29,551
CP048233.1-41,13,983
CP048233.1-42,34,466
CP048233.1-43,26,617
CP048233.1-44,36,435
CP048233.1-45,21,758
CP048233.1-46,18,833
CP048233.1-47,56,219
CP048233.1-48,18,834
CP048233.1-49,51,252
CP048233.1-50,33,486
CP048233.1-51,31,515
CP048233.1-52,13,984
CP048233.1-53,87,74
CP048233.1-54,67,140
CP048233.1-55,112,43
CP048233.1-56,42,346
CP048233.1-57,87,75
CP048233.1-58,83,87
CP048233.1-59,62,174
CP048233.1-60,121,36
CP048233.1-61,69,134
CP048233.1-62,57,207
CP048233.1-63,49,278
CP048233.1-64,163,10
CP048233.1-65,22,735
CP048233.1-66,104,49
CP048233.1-67,37,424
CP048233.1-68,86,80
CP048233.1-69,4,1193
CP048233.1-70,1,1234
CP048234.1-0,1,1235
CP048234.1-1,7,1137
CP048234.1-2,0,1249
CP048234.1-3,3,1213
CP048234.1-4,14,960
CP048234.1-5,15,932
CP048234.1-6,11,1038
CP048234.1-7,16,894
CP048234.1-8,21,759
CP048234.1-9,29,552
CP048234.1-10,14,961
CP048234.1-11,15,933
CP048234.1-12,50,261
CP048234.1-13,54,230
CP048234.1-14,41,356
CP048234.1-15,28,575
CP048234.1-16,20,791
CP048234.1-17,21,760
CP048234.1-18,21,761
CP048234.1-19,68,137
CP048234.1-20,73,122
CP048234.1-21,63,167
CP048234.1-22,76,109
CP048234.1-23,177,9
CP048234.1-24,59,191
CP048234.1-25,76,110
CP048234.1-26,107,47
CP048234.1-27,63,168
CP048234.1-28,65,151
CP048234.1-29,54,231
CP048234.1-30,78,99
CP048234.1-31,102,52
CP048234.1-32,48,289
CP048234.1-33,34,467
CP048234.1-34,16,895
CP048234.1-35,18,835
CP048234.1-36,64,158
CP048234.1-37,35,448
CP048234.1-38,26,618
CP048234.1-39,66,143
CP048234.1-40,24,671
CP048234.1-41,36,436
CP048234.1-42,19,815
CP048234.1-43,65,152
CP048234.1-44,95,62
CP048234.1-45,33,487
CP048234.1-46,55,224
CP048234.1-47,41,357
CP048234.1-48,11,1039
CP048234.1-49,64,159
CP048234.1-50,70,131
CP048234.1-51,10,1069
CP048234.1-52,30,530
CP048234.1-53,24,672
CP048234.1-54,12,1009
CP048234.1-55,14,962
CP048234.1-56,41,358
CP048234.1-57,65,153
CP048234.1-58,50,262
CP048234.1-59,21,762
CP048234.1-60,11,1040
CP048234.1-61,41,359
CP048234.1-62,53,237
CP048234.1-63,44,321
CP048234.1-64,41,360
CP048234.1-65,23,704
CP048234.1-66,42,347
CP048234.1-67,12,1010
CP048234.1-68,2,1222
CP048234.1-69,0,1250
CP048234.1-70,1,1236
CP048235.1-0,3,1214
CP048235.1-1,0,1251
CP048235.1-2,2,1223
CP048235.1-3,45,311
CP048235.1-4,49,279
CP048235.1-5,83,88
CP048235.1-6,7,1138
CP048235.1-7,52,243
CP048235.1-8,88,72
CP048235.1-9,23,705
CP048235.1-10,33,488
CP048235.1-11,12,1011
CP048235.1-12,31,516
CP048235.1-13,23,706
CP048235.1-14,97,58
CP048235.1-15,35,449
CP048235.1-16,139,22
CP048235.1-17,16,896
CP048235.1-18,65,154
CP048235.1-19,66,144
CP048235.1-20,86,81
CP048235.1-21,16,897
CP048235.1-22,39,392
CP048235.1-23,97,59
CP048235.1-24,200,5
CP048235.1-25,87,76
CP048235.1-26,35,450
CP048235.1-27,78,100
CP048235.1-28,19,816
CP048235.1-29,39,393
CP048235.1-30,81,93
CP048235.1-31,32,501
CP048235.1-32,19,817
CP048235.1-33,25,646
CP048235.1-34,53,238
CP048235.1-35,38,407
CP048235.1-36,15,934
CP048235.1-37,53,239
CP048235.1-38,9,1090
CP048235.1-39,15,935
CP048235.1-40,14,963
CP048235.1-41,25,647
CP048235.1-42,40,380
CP048235.1-43,85,83
CP048235.1-44,2,1224
CP048235.1-45,14,964
CP048235.1-46,42,348
CP048235.1-47,59,192
CP048235.1-48,50,263
CP048235.1-49,16,898
CP048235.1-50,60,184
CP048235.1-51,19,818
CP048235.1-52,9,1091
CP048235.1-53,49,280
CP048235.1-54,14,965
CP048235.1-55,42,349
CP048235.1-56,19,819
CP048235.1-57,14,966
CP048235.1-58,12,1012
CP048235.1-59,11,1041
CP048235.1-60,50,264
CP048235.1-61,34,468
CP048235.1-62,34,469
CP048235.1-63,31,517
CP048235.1-64,25,648
CP048235.1-65,6,1161
CP048235.1-66,16,899
CP048235.1-67,10,1070
CP048235.1-68,17,865
CP048235.1-69,43,337
CP048235.1-70,61,181
CP048235.1-71,12,1013
CP048235.1-72,15,936
CP048235.1-73,21,763
CP048235.1-74,38,408
CP048235.1-75,77,105
CP048235.1-76,18,836
CP048235.1-77,16,900
CP048235.1-78,11,1042
CP048235.1-79,26,619
CP048235.1-80,33,489
CP048235.1-81,29,553
CP048235.1-82,22,736
CP048235.1-83,23,707
CP048235.1-84,14,967
CP048235.1-85,10,1071
CP048235.1-86,33,490
CP048235.1-87,16,901
CP048235.1-88,52,244
CP048235.1-89,23,708
CP048235.1-90,51,253
CP048235.1-91,29,554
CP048235.1-92,20,792
CP048235.1-93,2,1225
CP048236.1-0,5,1175
CP048236.1-1,1,1237
CP048236.1-2,6,1162
CP048236.1-3,78,101
CP048236.1-4,91,67
CP048236.1-5,161,11
CP048236.1-6,29,555
CP048236.1-7,51,254
CP048236.1-8,121,37
CP048236.1-9,87,77
CP048236.1-10,32,502
CP048236.1-11,99,55
CP048236.1-12,74,116
CP048236.1-13,58,198
CP048236.1-14,37,425
CP048236.1-15,42,350
CP048236.1-16,48,290
CP048236.1-17,30,531
CP048236.1-18,15,937
CP048236.1-19,68,138
CP048236.1-20,74,117
CP048236.1-21,12,1014
CP048236.1-22,13,985
CP048236.1-23,39,394
CP048236.1-24,22,737
CP048236.1-25,24,673
CP048236.1-26,49,281
CP048236.1-27,39,395
CP048236.1-28,60,185
CP048236.1-29,41,361
CP048236.1-30,9,1092
CP048236.1-31,36,437
CP048236.1-32,27,598
CP048236.1-33,18,837
CP048236.1-34,8,1120
CP048236.1-35,31,518
CP048236.1-36,43,338
CP048236.1-37,23,709
CP048236.1-38,26,620
CP048236.1-39,57,208
CP048236.1-40,12,1015
CP048236.1-41,10,1072
CP048236.1-42,28,576
CP048236.1-43,16,902
CP048236.1-44,27,599
CP048236.1-45,10,1073
CP048236.1-46,10,1074
CP048236.1-47,94,63
CP048236.1-48,4,1194
CP048236.1-49,12,1016
CP048236.1-50,17,866
CP048236.1-51,65,155
CP048236.1-52,21,764
CP048236.1-53,32,503
CP048236.1-54,23,710
CP048236.1-55,44,322
CP048236.1-56,23,711
CP048236.1-57,50,265
CP048236.1-58,34,470
CP048236.1-59,30,532
CP048236.1-60,38,409
CP048236.1-61,4,1195
CP048236.1-62,24,674
CP048236.1-63,40,381
CP048236.1-64,46,305
CP048236.1-65,9,1093
CP048236.1-66,28,577
CP048236.1-67,16,903
CP048236.1-68,11,1043
CP048236.1-69,16,904
CP048236.1-70,52,245
CP048236.1-71,29,556
CP048236.1-72,10,1075
CP048236.1-73,34,471
CP048236.1-74,30,533
CP048236.1-75,13,986
CP048236.1-76,5,1176
CP048236.1-77,39,396
CP048236.1-78,13,987
CP048236.1-79,20,793
CP048236.1-80,5,1177
CP048236.1-81,16,905
CP048236.1-82,32,504
CP048236.1-83,21,765
CP048236.1-84,32,505
CP048236.1-85,1,1238
CP048236.1-86,36,438
CP048236.1-87,58,199
CP048236.1-88,26,621
CP048236.1-89,36,439
CP048236.1-90,17,867
CP048236.1-91,28,578
CP048236.1-92,44,323
CP048236.1-93,54,232
CP048236.1-94,23,712
CP048236.1-95,8,1121
CP048236.1-96,28,579
CP048236.1-97,8,1122
CP048236.1-98,40,382
CP048236.1-99,7,1139
CP048236.1-100,1,1239
CP048237.1-0,1,1240
CP048237.1-1,1,1241
CP048237.1-2,26,622
CP048237.1-3,38,410
CP048237.1-4,36,440
CP048237.1-5,22,738
CP048237.1-6,7,1140
CP048237.1-7,57,209
CP048237.1-8,35,451
CP048237.1-9,13,988
CP048237.1-10,13,989
CP048237.1-11,17,868
CP048237.1-12,16,906
CP048237.1-13,25,649
CP048237.1-14,30,534
CP048237.1-15,11,1044
CP048237.1-16,8,1123
CP048237.1-17,15,938
CP048237.1-18,26,623
CP048237.1-19,31,519
CP048237.1-20,16,907
CP048237.1-21,18,838
CP048237.1-22,24,675
CP048237.1-23,24,676
CP048237.1-24,45,312
CP048237.1-25,20,794
CP048237.1-26,12,1017
CP048237.1-27,11,1045
CP048237.1-28,20,795
CP048237.1-29,7,1141
CP048237.1-30,9,1094
CP048237.1-31,9,1095
CP048237.1-32,23,713
CP048237.1-33,16,908
CP048237.1-34,28,580
CP048237.1-35,29,557
CP048237.1-36,29,558
CP048237.1-37,14,968
CP048237.1-38,44,324
CP048237.1-39,49,282
CP048237.1-40,56,220
CP048237.1-41,12,1018
CP048237.1-42,17,869
CP048237.1-43,17,870
CP048237.1-44,20,796
CP048237.1-45,6,1163
CP048237.1-46,19,820
CP048237.1-47,17,871
CP048237.1-48,38,411
CP048237.1-49,25,650
CP048237.1-50,0,1252
CP048237.1-51,43,339
CP048237.1-52,15,939
CP048237.1-53,15,940
CP048237.1-54,58,200
CP048237.1-55,19,821
CP048237.1-56,6,1164
CP048237.1-57,31,520
CP048237.1-58,9,1096
CP048237.1-59,4,1196
CP048237.1-60,41,362
CP048237.1-61,49,283
CP048237.1-62,25,651
CP048237.1-63,20,797
CP048237.1-64,51,255
CP048237.1-65,36,441
CP048237.1-66,27,600
CP048237.1-67,27,601
CP048237.1-68,23,714
CP048237.1-69,24,677
CP048237.1-70,22,739
CP048237.1-71,23,715
CP048237.1-72,6,1165
CP048237.1-73,82,90
CP048237.1-74,37,426
CP048237.1-75,46,306
CP048237.1-76,16,909
CP048237.1-77,16,910
CP048237.1-78,34,472
CP048237.1-79,24,678
CP048237.1-80,28,581
CP048237.1-81,60,186
CP048237.1-82,74,118
CP048237.1-83,57,210
CP048237.1-84,21,766
CP048237.1-85,57,211
CP048237.1-86,59,193
CP048237.1-87,63,169
CP048237.1-88,57,212
CP048237.1-89,30,535
CP048237.1-90,41,363
CP048237.1-91,141,20
CP048237.1-92,62,175
CP048237.1-93,21,767
CP048237.1-94,43,340
CP048237.1-95,154,15
CP048237.1-96,55,225
CP048237.1-97,275,1
CP048237.1-98,121,38
CP048237.1-99,206,3
CP048237.1-100,43,341
CP048237.1-101,27,602
CP048237.1-102,38,412
CP048237.1-103,25,652
CP048237.1-104,46,307
CP048237.1-105,19,822
CP048238.1-0,5,1178
CP048238.1-1,0,1253
CP048238.1-2,41,364
CP048238.1-3,21,768
CP048238.1-4,67,141
CP048238.1-5,21,769
CP048238.1-6,66,145
CP048238.1-7,40,383
CP048238.1-8,41,365
CP048238.1-9,17,872
CP048238.1-10,21,770
CP048238.1-11,46,308
CP048238.1-12,35,452
CP048238.1-13,34,473
CP048238.1-14,19,823
CP048238.1-15,62,176
CP048238.1-16,32,506
CP048238.1-17,80,94
CP048238.1-18,37,427
CP048238.1-19,54,233
CP048238.1-20,25,653
CP048238.1-21,13,990
CP048238.1-22,24,679
CP048238.1-23,11,1046
CP048238.1-24,16,911
CP048238.1-25,39,397
CP048238.1-26,24,680
CP048238.1-27,71,129
CP048238.1-28,59,194
CP048238.1-29,71,130
CP048238.1-30,9,1097
CP048238.1-31,64,160
CP048238.1-32,62,177
CP048238.1-33,44,325
CP048238.1-34,18,839
CP048238.1-35,93,64
CP048238.1-36,74,119
CP048238.1-37,65,156
CP048238.1-38,36,442
CP048238.1-39,155,14
CP048238.1-40,154,16
CP048238.1-41,26,624
CP048238.1-42,29,559
CP048238.1-43,55,226
CP048238.1-44,192,6
CP048238.1-45,50,266
CP048238.1-46,7,1142
CP048238.1-47,45,313
CP048238.1-48,57,213
CP048238.1-49,30,536
CP048238.1-50,22,740
CP048238.1-51,48,291
CP048238.1-52,22,741
CP048238.1-53,47,297
CP048238.1-54,52,246
CP048238.1-55,52,247
CP048238.1-56,41,366
CP048238.1-57,54,234
CP048238.1-58,0,1254
CP048238.1-59,21,771
CP048238.1-60,44,326
CP048238.1-61,0,1255
CP048238.1-62,5,1179
CP048238.1-63,7,1143
CP048238.1-64,7,1144
CP048238.1-65,5,1180
CP048238.1-66,12,1019
CP048238.1-67,28,582
CP048238.1-68,64,161
CP048238.1-69,19,824
CP048238.1-70,59,195
CP048238.1-71,53,240
CP048238.1-72,22,742
CP048238.1-73,28,583
CP048238.1-74,0,1256
CP048238.1-75,5,1181
CP048239.1-0,7,1145
CP048239.1-1,0,1257
CP048239.1-2,10,1076
CP048239.1-3,57,214
CP048239.1-4,30,537
CP048239.1-5,50,267
CP048239.1-6,73,123
CP048239.1-7,8,1124
CP048239.1-8,43,342
CP048239.1-9,9,1098
CP048239.1-10,68,139
CP048239.1-11,12,1020
CP048239.1-12,20,798
CP048239.1-13,11,1047
CP048239.1-14,24,681
CP048239.1-15,63,170
CP048239.1-16,41,367
CP048239.1-17,99,56
CP048239.1-18,97,60
CP048239.1-19,35,453
CP048239.1-20,44,327
CP048239.1-21,24,682
CP048239.1-22,73,124
CP048239.1-23,188,7
CP048239.1-24,134,26
CP048239.1-25,50,268
CP048239.1-26,22,743
CP048239.1-27,88,73
CP048239.1-28,60,187
CP048239.1-29,53,241
CP048239.1-30,76,111
CP048239.1-31,58,201
CP048239.1-32,20,799
CP048239.1-33,39,398
CP048239.1-34,22,744
CP048239.1-35,31,521
CP048239.1-36,21,772
CP048239.1-37,5,1182
CP048239.1-38,35,454
CP048239.1-39,38,413
CP048239.1-40,55,227
CP048239.1-41,48,292
CP048239.1-42,29,560
CP048239.1-43,12,1021
CP048239.1-44,35,455
CP048239.1-45,18,840
CP048239.1-46,14,969
CP048239.1-47,7,1146
CP048239.1-48,16,912
CP048239.1-49,17,873
CP048239.1-50,11,1048
CP048239.1-51,11,1049
CP048239.1-52,1,1242
CP048239.1-53,14,970
CP048239.1-54,12,1022
CP048239.1-55,23,716
CP048239.1-56,8,1125
CP048239.1-57,5,1183
CP048239.1-58,7,1147
CP048239.1-59,25,654
CP048239.1-60,44,328
CP048239.1-61,38,414
CP048239.1-62,27,603
CP048239.1-63,4,1197
CP048239.1-64,23,717
CP048239.1-65,37,428
CP048239.1-66,17,874
CP048239.1-67,11,1050
CP048239.1-68,27,604
CP048239.1-69,8,1126
CP048239.1-70,18,841
CP048239.1-71,25,655
CP048239.1-72,44,329
CP048239.1-73,32,507
CP048239.1-74,15,941
CP048239.1-75,13,991
CP048239.1-76,20,800
CP048239.1-77,16,913
CP048239.1-78,16,914
CP048239.1-79,11,1051
CP048239.1-80,5,1184
CP048239.1-81,12,1023
CP048239.1-82,1,1243
CP048239.1-83,11,1052
CP048239.1-84,13,992
CP048239.1-85,2,1226
CP048239.1-86,41,368
CP048239.1-87,34,474
CP048239.1-88,22,745
CP048239.1-89,16,915
CP048239.1-90,23,718
CP048239.1-91,15,942
CP048239.1-92,9,1099
CP048239.1-93,17,875
CP048239.1-94,22,746
CP048239.1-95,35,456
CP048239.1-96,23,719
CP048239.1-97,4,1198
CP048239.1-98,13,993
CP048239.1-99,25,656
CP048239.1-100,23,720
CP048239.1-101,26,625
CP048239.1-102,30,538
CP048239.1-103,18,842
CP048239.1-104,10,1077
CP048239.1-105,20,801
CP048239.1-106,26,626
CP048239.1-107,5,1185
CP048239.1-108,4,1199
CP048239.1-109,9,1100
CP048239.1-110,18,843
CP048239.1-111,20,802
CP048239.1-112,28,584
CP048239.1-113,20,803
CP048239.1-114,24,683
CP048239.1-115,19,825
CP048239.1-116,22,747
CP048239.1-117,22,748
CP048239.1-118,34,475
CP048239.1-119,28,585
CP048239.1-120,10,1078
CP048239.1-121,9,1101
CP048239.1-122,1,1244
CP048240.1-0,1,1245
CP048240.1-1,2,1227
CP048240.1-2,38,415
CP048240.1-3,63,171
CP048240.1-4,24,684
CP048240.1-5,9,1102
CP048240.1-6,44,330
CP048240.1-7,48,293
CP048240.1-8,26,627
CP048240.1-9,23,721
CP048240.1-10,9,1103
CP048240.1-11,23,722
CP048240.1-12,28,586
CP048240.1-13,11,1053
CP048240.1-14,75,113
CP048240.1-15,41,369
CP048240.1-16,45,314
CP048240.1-17,39,399
CP048240.1-18,58,202
CP048240.1-19,76,112
CP048240.1-20,42,351
CP048240.1-21,35,457
CP048240.1-22,35,458
CP048240.1-23,45,315
CP048240.1-24,87,78
CP048240.1-25,153,18
CP048240.1-26,129,31
CP048240.1-27,159,13
CP048240.1-28,115,42
CP048240.1-29,112,44
CP048240.1-30,44,331
CP048240.1-31,50,269
CP048240.1-32,65,157
CP048240.1-33,41,370
CP048240.1-34,91,68
CP048240.1-35,8,1127
CP048240.1-36,26,628
CP048240.1-37,52,248
CP048240.1-38,45,316
CP048240.1-39,45,317
CP048240.1-40,87,79
CP048240.1-41,37,429
CP048240.1-42,39,400
CP048240.1-43,24,685
CP048240.1-44,30,539
CP048240.1-45,47,298
CP048240.1-46,29,561
CP048240.1-47,26,629
CP048240.1-48,52,249
CP048240.1-49,22,749
CP048240.1-50,35,459
CP048240.1-51,21,773
CP048240.1-52,29,562
CP048240.1-53,18,844
CP048240.1-54,9,1104
CP048240.1-55,10,1079
CP048240.1-56,57,215
CP048240.1-57,55,228
CP048240.1-58,35,460
CP048240.1-59,21,774
CP048240.1-60,24,686
CP048240.1-61,45,318
CP048240.1-62,12,1024
CP048240.1-63,18,845
CP048240.1-64,4,1200
CP048240.1-65,26,630
CP048240.1-66,13,994
CP048240.1-67,27,605
CP048240.1-68,12,1025
CP048240.1-69,24,687
CP048240.1-70,13,995
CP048240.1-71,29,563
CP048240.1-72,74,120
CP048240.1-73,50,270
CP048240.1-74,33,491
CP048240.1-75,15,943
CP048240.1-76,29,564
CP048240.1-77,47,299
CP048240.1-78,14,971
CP048240.1-79,8,1128
CP048240.1-80,12,1026
CP048240.1-81,16,916
CP048240.1-82,9,1105
CP048240.1-83,9,1106
CP048240.1-84,32,508
CP048240.1-85,20,804
CP048240.1-86,26,631
CP048240.1-87,33,492
CP048240.1-88,75,114
CP048240.1-89,17,876
CP048240.1-90,9,1107
CP048240.1-91,28,587
CP048240.1-92,11,1054
CP048240.1-93,27,606
CP048240.1-94,5,1186
CP048240.1-95,21,775
CP048240.1-96,7,1148
CP048240.1-97,26,632
CP048240.1-98,13,996
CP048240.1-99,24,688
CP048240.1-100,11,1055
CP048240.1-101,7,1149
CP048240.1-102,7,1150
CP048240.1-103,26,633
CP048240.1-104,33,493
CP048240.1-105,21,776
CP048240.1-106,45,319
CP048240.1-107,50,271
CP048240.1-108,5,1187
CP048240.1-109,16,917
CP048240.1-110,14,972
CP048240.1-111,51,256
CP048240.1-112,26,634
CP048240.1-113,14,973
CP048240.1-114,4,1201
CP048240.1-115,56,221
CP048240.1-116,25,657
CP048240.1-117,50,272
CP048240.1-118,27,607
CP048240.1-119,15,944
CP048240.1-120,30,540
CP048240.1-121,14,974
CP048240.1-122,15,945
CP048240.1-123,18,846
CP048240.1-124,18,847
CP048240.1-125,18,848
CP048240.1-126,57,216
CP048240.1-127,49,284
CP048240.1-128,18,849
CP048240.1-129,38,416
CP048240.1-130,8,1129
CP048241.1-0,6,1166
CP048241.1-1,9,1108
CP048241.1-2,31,522
CP048241.1-3,24,689
CP048241.1-4,38,417
CP048241.1-5,27,608
CP048241.1-6,17,877
CP048241.1-7,54,235
CP048241.1-8,6,1167
CP048241.1-9,58,203
CP048241.1-10,17,878
CP048241.1-11,67,142
CP048241.1-12,13,997
CP048241.1-13,6,1168
CP048241.1-14,21,777
CP048241.1-15,24,690
CP048241.1-16,12,1027
CP048241.1-17,7,1151
CP048241.1-18,73,125
CP048241.1-19,4,1202
CP048241.1-20,4,1203
CP048241.1-21,10,1080
CP048241.1-22,78,102
CP048241.1-23,7,1152
CP048241.1-24,18,850
CP048241.1-25,17,879
CP048241.1-26,6,1169
CP048241.1-27,17,880
CP048241.1-28,12,1028
CP048241.1-29,20,805
CP048241.1-30,10,1081
CP048241.1-31,7,1153
CP048241.1-32,10,1082
CP048241.1-33,32,509
CP048241.1-34,15,946
CP048241.1-35,58,204
CP048241.1-36,22,750
CP048241.1-37,22,751
CP048241.1-38,41,371
CP048241.1-39,21,778
CP048241.1-40,22,752
CP048241.1-41,3,1215
CP048241.1-42,24,691
CP048241.1-43,13,998
CP048241.1-44,39,401
CP048241.1-45,38,418
CP048241.1-46,36,443
CP048241.1-47,49,285
CP048241.1-48,29,565
CP048241.1-49,42,352
CP048241.1-50,34,476
CP048241.1-51,23,723
CP048241.1-52,7,1154
CP048241.1-53,9,1109
CP048241.1-54,37,430
CP048241.1-55,21,779
CP048241.1-56,13,999
CP048241.1-57,35,461
CP048241.1-58,25,658
CP048241.1-59,21,780
CP048241.1-60,18,851
CP048241.1-61,42,353
CP048241.1-62,19,826
CP048241.1-63,17,881
CP048241.1-64,28,588
CP048241.1-65,23,724
CP048241.1-66,40,384
CP048241.1-67,29,566
CP048241.1-68,61,182
CP048241.1-69,44,332
CP048241.1-70,14,975
CP048241.1-71,11,1056
CP048241.1-72,20,806
CP048241.1-73,21,781
CP048241.1-74,37,431
CP048241.1-75,40,385
CP048241.1-76,34,477
CP048241.1-77,13,1000
CP048241.1-78,40,386
CP048241.1-79,66,146
CP048241.1-80,4,1204
CP048241.1-81,20,807
CP048241.1-82,9,1110
CP048241.1-83,36,444
CP048241.1-84,39,402
CP048241.1-85,46,309
CP048241.1-86,31,523
CP048241.1-87,20,808
CP048241.1-88,37,432
CP048241.1-89,47,300
CP048241.1-90,26,635
CP048241.1-91,63,172
CP048241.1-92,86,82
CP048241.1-93,39,403
CP048241.1-94,52,250
CP048241.1-95,32,510
CP048241.1-96,4,1205
CP048241.1-97,12,1029
CP048241.1-98,90,69
CP048241.1-99,18,852
CP048241.1-100,28,589
CP048241.1-101,10,1083
CP048241.1-102,44,333
CP048241.1-103,46,310
CP048241.1-104,10,1084
CP048241.1-105,17,882
CP048241.1-106,35,462
CP048241.1-107,18,853
CP048241.1-108,28,590
CP048241.1-109,19,827
CP048241.1-110,48,294
CP048241.1-111,13,1001
CP048241.1-112,9,1111
CP048241.1-113,13,1002
CP048241.1-114,11,1057
CP048241.1-115,41,372
CP048241.1-116,26,636
CP048241.1-117,59,196
CP048241.1-118,37,433
CP048241.1-119,30,541
CP048241.1-120,30,542
CP048241.1-121,11,1058
CP048241.1-122,7,1155
CP048241.1-123,44,334
CP048241.1-124,64,162
CP048241.1-125,50,273
CP048241.1-126,42,354
CP048241.1-127,33,494
CP048241.1-128,41,373
CP048241.1-129,16,918
CP048241.1-130,25,659
CP048241.1-131,20,809
CP048241.1-132,64,163
CP048241.1-133,27,609
CP048241.1-134,80,95
CP048241.1-135,132,27
CP048241.1-136,106,48
CP048241.1-137,82,91
CP048241.1-138,121,39
CP048241.1-139,72,127
CP048241.1-140,28,591
CP048241.1-141,27,610
CP048241.1-142,15,947
CP048241.1-143,58,205
CP048241.1-144,11,1059
CP048241.1-145,51,257
CP048241.1-146,49,286
CP048241.1-147,85,84
CP048241.1-148,62,178
CP048241.1-149,66,147
CP048241.1-150,25,660
CP048241.1-151,47,301
CP048241.1-152,26,637
CP048241.1-153,15,948
CP048241.1-154,85,85
CP048241.1-155,17,883
CP048241.1-156,28,592
CP048241.1-157,18,854
CP048241.1-158,6,1170
CP048241.1-159,19,828
CP048241.1-160,15,949
CP048241.1-161,19,829
CP048241.1-162,17,884
CP048241.1-163,9,1112
CP048241.1-164,8,1130
CP048241.1-165,10,1085
CP048241.1-166,11,1060
CP048241.1-167,23,725
CP048241.1-168,13,1003
CP048241.1-169,4,1206
CP048241.1-170,1,1246
CP048241.1-171,23,726
CP048241.1-172,31,524
CP048241.1-173,26,638
CP048241.1-174,7,1156
CP048241.1-175,12,1030
CP048241.1-176,23,727
CP048241.1-177,9,1113
CP048241.1-178,18,855
CP048241.1-179,28,593
CP048241.1-180,13,1004
CP048241.1-181,4,1207
CP048241.1-182,3,1216
CP048241.1-183,13,1005
CP048241.1-184,4,1208
CP048242.1-0,0,1258
CP048242.1-1,0,1259
CP048242.1-2,17,885
CP048242.1-3,40,387
CP048242.1-4,23,728
CP048242.1-5,35,463
CP048242.1-6,32,511
CP048242.1-7,39,404
CP048242.1-8,8,1131
CP048242.1-9,32,512
CP048242.1-10,34,478
CP048242.1-11,11,1061
CP048242.1-12,12,1031
CP048242.1-13,22,753
CP048242.1-14,6,1171
CP048242.1-15,16,919
CP048242.1-16,26,639
CP048242.1-17,21,782
CP048242.1-18,20,810
CP048242.1-19,21,783
CP048242.1-20,20,811
CP048242.1-21,22,754
CP048242.1-22,22,755
CP048242.1-23,47,302
CP048242.1-24,14,976
CP048242.1-25,9,1114
CP048242.1-26,33,495
CP048242.1-27,15,950
CP048242.1-28,15,951
CP048242.1-29,27,611
CP048242.1-30,11,1062
CP048242.1-31,33,496
CP048242.1-32,8,1132
CP048242.1-33,43,343
CP048242.1-34,5,1188
CP048242.1-35,8,1133
CP048242.1-36,18,856
CP048242.1-37,18,857
CP048242.1-38,34,479
CP048242.1-39,29,567
CP048242.1-40,15,952
CP048242.1-41,18,858
CP048242.1-42,3,1217
CP048242.1-43,12,1032
CP048242.1-44,17,886
CP048242.1-45,6,1172
CP048242.1-46,30,543
CP048242.1-47,16,920
CP048242.1-48,18,859
CP048242.1-49,8,1134
CP048242.1-50,11,1063
CP048242.1-51,12,1033
CP048242.1-52,15,953
CP048242.1-53,36,445
CP048242.1-54,30,544
CP048242.1-55,10,1086
CP048242.1-56,13,1006
CP048242.1-57,6,1173
CP048242.1-58,24,692
CP048242.1-59,9,1115
CP048242.1-60,28,594
CP048242.1-61,30,545
CP048242.1-62,28,595
CP048242.1-63,27,612
CP048242.1-64,9,1116
CP048242.1-65,24,693
CP048242.1-66,57,217
CP048242.1-67,17,887
CP048242.1-68,16,921
CP048242.1-69,15,954
CP048242.1-70,25,661
CP048242.1-71,21,784
CP048242.1-72,16,922
CP048242.1-73,9,1117
CP048242.1-74,31,525
CP048242.1-75,63,173
CP048242.1-76,15,955
CP048242.1-77,39,405
CP048242.1-78,24,694
CP048242.1-79,16,923
CP048242.1-80,35,464
CP048242.1-81,13,1007
CP048242.1-82,25,662
CP048242.1-83,3,1218
CP048242.1-84,14,977
CP048242.1-85,66,148
CP048242.1-86,98,57
CP048242.1-87,30,546
CP048242.1-88,64,164
CP048242.1-89,29,568
CP048242.1-90,24,695
CP048242.1-91,34,480
CP048242.1-92,2,1228
CP048242.1-93,31,526
CP048242.1-94,12,1034
CP048242.1-95,41,374
CP048242.1-96,25,663
CP048242.1-97,35,465
CP048242.1-98,22,756
CP048242.1-99,64,165
CP048242.1-100,66,149
CP048242.1-101,74,121
CP048242.1-102,26,640
CP048242.1-103,75,115
CP048242.1-104,40,388
CP048242.1-105,204,4
CP048242.1-106,29,569
CP048242.1-107,49,287
CP048242.1-108,44,335
CP048242.1-109,62,179
CP048242.1-110,34,481
CP048242.1-111,24,696
CP048242.1-112,19,830
CP048242.1-113,42,355
CP048242.1-114,7,1157
CP048242.1-115,1,1247
CP048242.1-116,16,924
CP048242.1-117,119,40
CP048242.1-118,21,785
CP048242.1-119,20,812
CP048242.1-120,62,180
CP048242.1-121,31,527
CP048242.1-122,21,786
CP048242.1-123,8,1135
CP048242.1-124,55,229
CP048242.1-125,38,419
CP048242.1-126,22,757
CP048242.1-127,29,570
CP048242.1-128,11,1064
CP048242.1-129,9,1118
CP048242.1-130,78,103
CP048242.1-131,51,258
CP048242.1-132,15,956
CP048242.1-133,5,1189
CP048242.1-134,33,497
CP048242.1-135,14,978
CP048242.1-136,30,547
CP048242.1-137,11,1065
CP048242.1-138,16,925
CP048242.1-139,21,787
CP048242.1-140,26,641
CP048242.1-141,10,1087
CP048242.1-142,3,1219
