bin_start_bp	mean_reads_across_arms	n_arms
0	7910.68	22
1000	11305.3	22
2000	19709.5	22
3000	6177.95	22
4000	15383.1	22
5000	12765.8	22
6000	10848.7	22
7000	8667.82	22
8000	5109.73	22
9000	10100.1	22
10000	7415.41	22
11000	5092.64	22
12000	4492.27	22
13000	8187.59	22
14000	5129.82	22
15000	5392.82	22
16000	8741.09	22
17000	6909.77	22
18000	7520.23	22
19000	3280	22
20000	5096.73	22
21000	9620.14	22
22000	8016.18	22
23000	12746.8	22
24000	5551.14	22
25000	2948.32	22
26000	6635.41	22
27000	5560.91	22
28000	10545.4	22
29000	6020.73	22
30000	9490.68	22
31000	6789.64	22
32000	6238.18	22
33000	3386.18	22
34000	6480.86	22
35000	7226.59	22
36000	4345.95	22
37000	6369.41	22
38000	3371.05	22
39000	3055.59	22
40000	6557.23	22
41000	4293.32	22
42000	7815.27	22
43000	6344.05	22
44000	3972.27	22
45000	8291.05	22
46000	3102.18	22
47000	2941.86	22
48000	5760.73	22
49000	5330.23	22
50000	8324.95	22
51000	2925.32	22
52000	4517.95	22
53000	6046.5	22
54000	3731.18	22
55000	3174.32	22
56000	3455.36	22
57000	3528.32	22
58000	3298.86	22
59000	3938.27	22
60000	4393.77	22
61000	4682.41	22
62000	4352.09	22
63000	4618.18	22
64000	2887.82	22
65000	4690.82	22
66000	5333.05	22
67000	4483.73	22
68000	4944.45	22
69000	4501.91	22
70000	2002.64	22
71000	6733.59	22
72000	5486.64	22
73000	2130.27	22
74000	1838.05	22
75000	1510.5	22
76000	2717.5	22
77000	1607.41	22
78000	1289	22
79000	3291.41	22
80000	3336.55	22
81000	10057.6	22
82000	8794.86	22
83000	5891.55	22
84000	4146.59	22
85000	5579.45	22
86000	4196.36	22
87000	3008.64	22
88000	823.955	22
89000	2255.18	22
90000	2948.64	22
91000	3876.64	22
92000	2718.23	22
93000	2134.91	22
94000	1933.73	22
95000	730.455	22
96000	2009.36	22
97000	1326.77	22
98000	3328.32	22
99000	4550.27	22
100000	3311.5	22
101000	2886	22
102000	2562.14	22
103000	1188.73	22
104000	3190.23	22
105000	5115.5	22
106000	1170.59	22
107000	1148.73	22
108000	2425.59	22
109000	4117	22
110000	2544.23	22
111000	2728.41	22
112000	1786.45	22
113000	3399.09	22
114000	3254.77	22
115000	1016.5	22
116000	2830.55	22
117000	2794.73	22
118000	2521.73	22
119000	2280.91	22
120000	1770.59	22
121000	1168.32	22
122000	1109.86	22
123000	1693.41	22
124000	865.318	22
125000	3538.73	22
126000	699.682	22
127000	4294.64	22
128000	3497.36	22
129000	3369.77	22
130000	1599.64	22
131000	774.455	22
132000	2674.64	22
133000	2110.86	22
134000	1027.14	22
135000	1032.45	22
136000	2330.09	22
137000	3122.95	22
138000	1056.41	22
139000	1369.45	22
140000	3967.5	22
141000	1683.36	22
142000	1664.91	22
143000	1473.27	22
144000	1030.05	22
145000	973.045	22
146000	1218	22
147000	1407.91	22
148000	1462.27	22
149000	2070.5	22
150000	3552	22
151000	1270.64	22
152000	1697.5	22
153000	1561.36	22
154000	2859.36	22
155000	2078.05	22
156000	1129.64	22
157000	2982.23	22
158000	2515.68	22
159000	809.182	22
160000	1450	22
161000	1172.68	22
162000	1773.09	22
163000	2481	22
164000	2899.91	22
165000	1502.05	22
166000	1931.09	22
167000	3173.68	22
168000	1964.82	22
169000	2847.77	22
170000	2252.18	22
171000	1146.59	22
172000	2034.55	22
173000	2483.55	22
174000	3933.36	22
175000	5332.32	22
176000	3085.77	22
177000	1679.73	22
178000	1743.95	22
179000	3107.23	22
180000	2554.95	22
181000	1491.86	22
182000	2557.95	22
183000	1147.05	22
184000	3509.36	22
185000	1695.77	22
186000	2323.86	22
187000	1697.45	22
188000	1376.73	22
189000	3208.23	22
190000	2168.73	22
191000	1639.32	22
192000	1347.68	22
193000	1410.14	22
194000	2663.18	22
195000	1949.18	22
196000	3073.64	22
197000	2587.5	22
198000	1536.77	22
199000	1527.18	22
200000	1914.55	22
201000	2483.59	22
202000	1325.27	22
203000	4727	22
204000	2671.91	22
205000	1574.41	22
206000	1846.45	22
207000	981.727	22
208000	2549.32	22
209000	1831.55	22
210000	750.136	22
211000	2373.32	22
212000	1428.23	22
213000	2234.91	22
214000	1599.27	22
215000	2446.23	22
216000	1873.05	22
217000	927.182	22
218000	1118.36	22
219000	953.5	22
220000	2840.27	22
221000	2155.95	22
222000	822.455	22
223000	2024.05	22
224000	868.136	22
225000	1393.91	22
226000	1599.27	22
227000	1074.68	22
228000	269.455	22
229000	775.409	22
230000	1660.36	22
231000	849.682	22
232000	1334.27	22
233000	3287.91	22
234000	709.409	22
235000	872.136	22
236000	2728.41	22
237000	1128	22
238000	500.455	22
239000	893.591	22
240000	2412.23	22
241000	1518	22
242000	622.864	22
243000	335.909	22
244000	642.545	22
245000	436.409	22
246000	1118.27	22
247000	1557.95	22
248000	2302.09	22
249000	1352.86	22
250000	757.864	22
251000	1384.91	22
252000	1129.27	22
253000	730.636	22
254000	1633.73	22
255000	445.818	22
256000	1724.27	22
257000	1015.18	22
258000	3590.68	22
259000	4413.5	22
260000	864.455	22
261000	1083.95	22
262000	236.864	22
263000	1483.73	22
264000	535.864	22
265000	1764.32	22
266000	2013.86	22
267000	1014.23	22
268000	1178.95	22
269000	702.727	22
270000	653.182	22
271000	512.909	22
272000	820.591	22
273000	631.818	22
274000	236.909	22
275000	571.136	22
276000	550.136	22
277000	783.045	22
278000	1272.82	22
279000	1433.36	22
280000	1100.45	22
281000	833.273	22
282000	574.273	22
283000	441.227	22
284000	636.5	22
285000	226.455	22
286000	721.273	22
287000	3575.14	22
288000	796.182	22
289000	1194.45	22
290000	1014.5	22
291000	1344.36	22
292000	735.864	22
293000	447.909	22
294000	468.136	22
295000	541.273	22
296000	578.318	22
297000	358.273	22
298000	832.955	22
299000	762.091	22
300000	999.727	22
301000	1219.77	22
302000	1678.59	22
303000	2641.55	22
304000	868	22
305000	1867.82	22
306000	1677.82	22
307000	1450.86	22
308000	1588.5	22
309000	1453.68	22
310000	1069.09	22
311000	1285.14	22
312000	1284.91	22
313000	1612.27	22
314000	746.364	22
315000	2495.68	22
316000	2029.32	22
317000	904.909	22
318000	2387.68	22
319000	1286.95	22
320000	751.545	22
321000	330.5	22
322000	1204.5	22
323000	420.318	22
324000	368.727	22
325000	1145.55	22
326000	770.591	22
327000	651.273	22
328000	1137.27	22
329000	1396.55	22
330000	648.591	22
331000	729.455	22
332000	894.273	22
333000	686.591	22
334000	356.818	22
335000	680.409	22
336000	575.409	22
337000	873.636	22
338000	1476.23	22
339000	1278.95	22
340000	291.727	22
341000	1023.95	22
342000	578.136	22
343000	1196.41	22
344000	664	22
345000	156.818	22
346000	657.864	22
347000	2012.82	22
348000	1160.18	22
349000	733.045	22
350000	734.182	22
351000	2923.32	22
352000	782.455	22
353000	2131.14	22
354000	3447.5	22
355000	2163.05	22
356000	1511.5	22
357000	1285.82	22
358000	932.955	22
359000	1691.18	22
360000	1149.27	22
361000	1111.86	22
362000	1082.95	22
363000	2808.32	22
364000	2530	22
365000	1994.91	22
366000	2660.27	22
367000	1201.55	22
368000	1037.41	22
369000	1108.41	22
370000	719.045	22
371000	715.182	22
372000	942	22
373000	1662.05	22
374000	1398.32	22
375000	926.773	22
376000	2150.18	22
377000	1139.59	22
378000	1914.73	22
379000	299.455	22
380000	600.682	22
381000	1912	22
382000	1558.73	22
383000	738.818	22
384000	1901.23	22
385000	862.136	22
386000	1296.36	22
387000	1088.5	22
388000	2586.82	22
389000	2576	22
390000	2489.09	22
391000	473.091	22
392000	266	22
393000	294.636	22
394000	1504.77	22
395000	3178.68	22
396000	2743.86	22
397000	1032.91	22
398000	987.773	22
399000	2193.41	22
400000	394	22
401000	232.818	22
402000	1071.59	22
403000	182.136	22
404000	2041.5	22
405000	775	22
406000	122.318	22
407000	748.364	22
408000	309.182	22
409000	308.091	22
410000	503.727	22
411000	984.182	22
412000	608.409	22
413000	1109	22
414000	331.864	22
415000	365.909	22
416000	1118.91	22
417000	335.864	22
418000	521.864	22
419000	209.5	22
420000	315.364	22
421000	1595.77	22
422000	463.5	22
423000	725.364	22
424000	939.5	22
425000	953	22
426000	378.727	22
427000	731.864	22
428000	891.682	22
429000	136.773	22
430000	221.955	22
431000	557.455	22
432000	438.727	22
433000	412.455	22
434000	757.864	22
435000	750.455	22
436000	602.091	22
437000	840.682	22
438000	380	22
439000	970	22
440000	399.636	22
441000	760.182	22
442000	567.591	22
443000	941.955	22
444000	1752.41	22
445000	529.864	22
446000	540.864	22
447000	266.182	22
448000	243.773	22
449000	53.3182	22
450000	454.636	22
451000	699.182	22
452000	562.909	22
453000	1255.73	22
454000	445.545	22
455000	613.364	22
456000	229.909	22
457000	1462.77	22
458000	392.682	22
459000	604.818	22
460000	710.727	22
461000	1664.14	22
462000	345.682	22
463000	458.273	22
464000	425.773	22
465000	579.364	22
466000	162.636	22
467000	1372.18	22
468000	1292.32	22
469000	1578	22
470000	783.591	22
471000	337.182	22
472000	337.227	22
473000	1032.27	22
474000	438.545	22
475000	1862.41	22
476000	1003	22
477000	1829.68	22
478000	1136.32	22
479000	728.909	22
480000	389.636	22
481000	310.455	22
482000	561.818	22
483000	905.636	22
484000	1047.68	22
485000	582.682	22
486000	1459.64	22
487000	802.864	22
488000	1398.23	22
489000	698.364	22
490000	753.5	22
491000	342.955	22
492000	408.045	22
493000	216.909	22
494000	414	22
495000	821.955	22
496000	2166.59	22
497000	310.182	22
498000	629.955	22
499000	233.682	22
500000	517.136	22
