feature_id,mean_log2FC,median_log2FC,sd_log2FC,mean_z,max_abs_z,n_pairs,n_enriched_pairs,n_depleted_pairs,pools_enriched,pools_depleted,final_call,standard_name,common_name,type,chrom,start,stop,strand,coding_length,hits,insertion_index,neighborhood_index,reads_ni,max_free_region,freedom_index,logit_fi,s_value,upstream_hits_100,hits_in_domains,reads_in_domains,domain_coverage,domain_ratio,bps_between_hits_in_feature,bps_between_hits_in_neihgborhood
GWK60_C00869,-11.073023551740325,-11.391492195996001,0.7433145654887223,-2.0662727399029364,2.561155197383588,4,0,1,,2,single_pool_depleted,GWK60_C00869,GWK60_C00869,ORF,CP048232.1,133889,137236,W,3348,1,0.00029868578255675,0.362305854241338,0.362305854241338,2586,0.772401433691756,0.77240143369174,-12.0922616248439,0,0,0,0,0,3348,1213
GWK60_L14201,-10.926804863768337,-10.961834208980147,0.47324042961456264,-2.045896865800394,2.261922949727671,4,0,0,,,none,GWK60_L14201,GWK60_L14201,ORF,CP048241.1,1483347,1485101,C,1755,2,0.00113960113960113,0.412478632478632,0.343732193732194,1118,0.637037037037037,0.637036924606208,-11.5072991241228,0,0,0,0,0,877.5,361.95
GWK60_A03069,-10.823165213020589,-10.891775518556528,0.801149164140548,-2.009029993154779,2.561155197383588,4,0,1,,2,single_pool_depleted,GWK60_A03069,GWK60_A03069,ORF,CP048230.1,339668,340393,C,726,1,0.00137741046831955,1.10315273951638,0.992837465564738,590,0.81267217630854,0.808471918336267,-12.0922616248439,0,0,0,0,0,726,800.888888888889
GWK60_F02189,-10.530847752012784,-10.425876309260389,0.6792093269246545,-1.8434712220592109,1.928239773386791,4,0,0,,,none,GWK60_F02189,GWK60_F02189,ORF,CP048235.1,253535,254683,C,1149,1,0.00087032201914708,0.111041737616831,0.0785833835442191,985,0.857267188859878,0.857202380842541,-12.0922616248439,0,0,0,0,0,1149,127.586956521739
GWK60_H07337,-10.280998776304862,-10.140771419395733,0.4876293912390964,-1.8430582653073446,2.2573146486558957,4,0,0,,,none,GWK60_H07337,PHO8,ORF,CP048237.1,735107,736744,C,1638,1,0.00061050061050061,0.436385836385836,0.290923890923891,1509,0.921245421245421,0.92124489737914,-12.0922616248439,0,0,0,0,0,1638,714.8
GWK60_H03839,-10.03118014846521,-9.962557356765966,0.19227770781541778,-1.7304227194654234,1.8106149104175178,4,0,0,,,none,GWK60_H03839,GWK60_H03839,ORF,CP048237.1,390177,392924,C,2748,1,0.00036390101892285,0.381599841206828,0.299828446662508,1863,0.677947598253275,0.677947598247449,-12.0922616248439,0,0,0,0,0,2748,1048.63636363636
GWK60_B04697,-8.848803998449585,-10.925515905795264,4.824067707522077,-1.6357316226672551,2.261922949727671,4,0,1,,4,single_pool_depleted,GWK60_B04697,GWK60_B04697,ORF,CP048231.1,465840,470462,C,4623,1,0.00021630975556997,0.0548107817223532,0.0881271392398621,4537,0.981397361020982,0.981397361020982,-11.5072991241228,0,0,0,0,0,4623,253.390243902439
GWK60_J02321,-8.83353646779193,-11.099138147259602,5.969351027990651,-1.8313950420968417,3.569082655856251,4,0,1,,1,single_pool_depleted,GWK60_J02321,GWK60_J02321,ORF,CP048239.1,263070,266777,C,3708,7,0.00188781014023732,0.744269147788565,0.562892632781268,1146,0.309061488673139,0.309061488673139,-9.77033352995656,0,0,0,0,0,529.714285714286,394.25
GWK60_G00561,-8.580372283126554,-9.962557356765966,4.9090960261700465,-1.5487482179874892,2.3160222316421897,4,0,1,,3,single_pool_depleted,GWK60_G00561,GWK60_G00561,ORF,CP048236.1,86444,87766,W,1323,1,0.00075585789871504,0.287477954144621,0.199023199023199,1162,0.878306878306878,0.878295223274375,-12.0922616248439,0,0,0,0,0,1323,380.333333333333
GWK60_D06413,-8.55011303381901,-10.754558029147116,5.809265056237634,-1.659895559584517,2.5662733737987016,4,0,2,,1;3,consistently_depleted,GWK60_D06413,GWK60_D06413,ORF,CP048233.1,629683,632229,C,2547,3,0.00117785630153121,0.751786415390656,0.451071849234393,2058,0.808009422850412,0.808009422798589,-11.0922616248439,0,0,0,0,0,849,638.266666666667
GWK60_E02409,-8.402648392392775,-10.421226133213992,4.671778984220316,-1.5331615956571507,2.2573146486558957,4,0,0,,,none,GWK60_E02409,GWK60_E02409,ORF,CP048234.1,270763,272409,W,1647,3,0.00182149362477231,0.418389166072701,0.320765027322404,613,0.372191863995143,0.372191670564401,-11.0922616248439,0,0,0,0,0,549,229.695652173913
GWK60_B03839,-8.291241692462135,-10.640411015930606,5.564875239103602,-1.5065581570662205,2.261922949727671,4,0,0,,,none,GWK60_B03839,GWK60_B03839,ORF,CP048231.1,393055,394686,C,1632,2,0.00122549019607843,0.732843137254902,0.620098039215686,1033,0.63296568627451,0.632965304081338,-11.5072991241228,0,0,0,0,0,816,598
GWK60_G09229,-8.256418780577743,-10.599421469820129,4.932882222937453,-1.49478680894289,2.2573146486558957,4,0,0,,,none,GWK60_G09229,GWK60_G09229,ORF,CP048236.1,920645,921916,C,1272,1,0.00078616352201257,0.631575185820469,1.15788784067086,768,0.60377358490566,0.603760242698929,-11.5072991241228,0,0,0,0,0,1272,803.363636363636
GWK60_G01397,-8.205728182317612,-10.462194612445273,5.527023947100348,-1.534119495987681,2.2573146486558957,4,0,1,,4,single_pool_depleted,GWK60_G01397,NCE103,ORF,CP048236.1,164771,165430,C,660,1,0.00151515151515151,1.27121212121212,1.27121212121212,498,0.754545454545455,0.747036367682245,-12.0922616248439,0,0,0,0,0,660,839
GWK60_A00935,-8.20213817584968,-10.425876309260389,5.528209445390583,-1.6089267091798383,2.796834187157511,4,0,1,,2,single_pool_depleted,GWK60_A00935,GWK60_A00935,ORF,CP048230.1,126050,127501,C,1452,1,0.00068870523415977,0.107456140350877,0.0850694444444444,1274,0.877410468319559,0.877407263273229,-12.0922616248439,1,0,0,0,0,1452,156.026315789474
GWK60_H09185,-8.15282820372189,-10.599519617603924,5.570078576099487,-1.51686763241453,2.561155197383588,4,0,1,,2,single_pool_depleted,GWK60_H09185,SDT1,ORF,CP048237.1,920258,921097,C,840,1,0.00119047619047619,0.362175324675325,0.306456043956044,725,0.863095238095238,0.861663534781992,-12.0922616248439,0,0,0,0,0,840,304.227272727273
GWK60_I05907,-8.098409043663521,-10.425876309260389,5.437421976110819,-1.5500069617363574,2.561155197383588,4,0,1,,2,single_pool_depleted,GWK60_I05907,GWK60_I05907,ORF,CP048238.1,684158,685024,W,867,1,0.00115340253748558,0.783275663206459,0.602519740928045,519,0.598615916955017,0.597857595128077,-12.0922616248439,0,0,0,0,0,867,679.1
GWK60_A01969,-8.056762854995949,-10.099802940164452,4.685018532639384,-1.450261092314165,2.261922949727671,4,0,0,,,none,GWK60_A01969,GWK60_A01969,ORF,CP048230.1,246399,247580,W,1182,2,0.00169204737732656,2.47433728144388,2.47433728144388,611,0.516920473773266,0.516892378819833,-11.5072991241228,0,0,0,0,0,591,1462.33333333333
GWK60_H10483,-8.041337097886501,-10.599421469820129,5.368732722145669,-1.4473623688165391,2.261922949727671,4,0,0,,,none,GWK60_H10483,GWK60_H10483,ORF,CP048237.1,1040353,1042995,C,2643,1,0.00037835792659856,0.54475974271661,0.907932904527683,2595,0.981838819523269,0.981838819499157,-11.5072991241228,0,0,0,0,0,2643,1439.8
GWK60_A00803,-8.039161070965317,-9.921588877534687,5.4768452623819135,-1.3957115564313187,2.17103904467526,4,0,1,,4,single_pool_depleted,GWK60_A00803,GWK60_A00803,ORF,CP048230.1,114196,118476,W,4281,0,0,0,0,4281,1,1,-13.0922616248439,0,0,0,0,0,9999,189.285714285714
GWK60_M10725,-8.006649226629987,-9.921588877534687,4.803124740186032,-1.383588254003496,1.928239773386791,4,0,0,,,none,GWK60_M10725,GWK60_M10725,ORF,CP048242.1,1082616,1084304,W,1689,2,0.00118413262285375,0.60120104880318,0.60120104880318,1592,0.942569567791593,0.942569245930538,-11.5072991241228,0,0,0,0,0,844.5,507.714285714286
GWK60_E01485,-7.937694323987262,-10.140771419395733,5.3306065982333415,-1.3687411938088818,1.9650810784238486,4,0,0,,,none,GWK60_E01485,GWK60_E01485,ORF,CP048234.1,189348,190436,C,1089,1,0.00091827364554637,0.576293235384144,0.493965630329267,869,0.797979797979798,0.797869883697506,-12.0922616248439,0,0,0,0,0,1089,627.583333333333
GWK60_G00319,-7.937694323987262,-10.140771419395733,5.3306065982333415,-1.3687411938088818,1.9650810784238486,4,0,0,,,none,GWK60_G00319,GWK60_G00319,ORF,CP048236.1,61562,64681,W,3120,1,0.00032051282051282,0.110143288084465,0.0814102564102564,2816,0.902564102564103,0.902564102563915,-12.0922616248439,0,0,0,0,0,3120,343.647058823529
GWK60_K03091,-7.93542531486232,-9.921588877534687,5.371823058065553,-1.3700889014818312,2.06854842487731,4,0,1,,4,single_pool_depleted,GWK60_K03091,GWK60_K03091,ORF,CP048240.1,303853,305283,C,1431,0,0,0,0,1431,1,0.999995493566459,-13.0922616248439,0,0,0,0,0,9999,433.916666666667
GWK60_H05247,-7.848601339666915,-9.921588877534687,5.288578076770417,-1.4945201387121791,2.5662733737987016,4,0,1,,1,single_pool_depleted,GWK60_H05247,GWK60_H05247,ORF,CP048237.1,528765,530216,C,1452,1,0.00068870523415977,1.58723599632691,4.76170798898072,1379,0.949724517906336,0.949721048707836,-11.0922616248439,0,0,0,0,0,1452,2304.66666666667
GWK60_H00143,-7.830728102028638,-9.921588877534687,4.903227598097013,-1.4408760548301212,2.261922949727671,4,0,0,,,none,GWK60_H00143,GWK60_H00143,ORF,CP048237.1,30683,38590,C,7908,1,0.00012645422357106,0.0755807167036302,0.115594037311434,4204,0.531613555892767,0.531613555892767,-11.5072991241228,0,0,0,0,0,7908,597.692307692308
GWK60_F06523,-7.830698797295857,-10.425897376139586,6.268345890970187,-1.6006184710087266,2.796834187157511,4,0,1,,2,single_pool_depleted,GWK60_F06523,PYC1,ORF,CP048235.1,694563,698105,W,3543,2,0.00056449336720293,0.501622918430708,0.334415278953806,1568,0.442562799887101,0.4425627998871,-11.5072991241228,0,0,0,0,0,1771.5,888.625
GWK60_G00363,-7.830667595448375,-9.921588877534687,4.903347996856493,-1.4401172279770889,2.261922949727671,4,0,0,,,none,GWK60_G00363,GWK60_G00363,ORF,CP048236.1,67381,67923,W,543,2,0.00368324125230202,2.24972375690608,1.87476979742173,226,0.416206261510129,0.403149483079021,-11.5072991241228,0,0,0,0,0,271.5,610.8
GWK60_L12793,-7.809677621639289,-10.136102517325707,5.2231744051121325,-1.4419910503525106,2.261922949727671,4,0,0,,,none,GWK60_L12793,GWK60_L12793,ORF,CP048241.1,1330405,1331607,C,1203,1,0.00083125519534497,0.331837073981712,0.497755610972569,1121,0.931837073981712,0.931796020764417,-11.5072991241228,0,0,0,0,0,1203,399.2
GWK60_H01023,-7.806982767608595,-9.926257779604711,5.20491320270999,-1.3391360300815343,1.928239773386791,4,0,0,,,none,GWK60_H01023,GWK60_H01023,ORF,CP048237.1,124018,127302,W,3285,1,0.00030441400304414,0.764992389649924,0.764992389649924,2876,0.875494672754947,0.875494672754912,-12.0922616248439,0,0,0,0,0,3285,2513
GWK60_A01419,-7.799270257655515,-9.921588877534687,5.64019779790193,-1.334419117638285,2.06854842487731,4,0,1,,4,single_pool_depleted,GWK60_A01419,GWK60_A01419,ORF,CP048230.1,180310,181059,C,648,3,0.00462962962962962,3.49452861952862,2.95690883190883,376,0.580246913580247,0.573744430899671,-11.0922616248439,0,0,0,0,0,250,754.818181818182
GWK60_M11253,-7.79156637351096,-9.926257779604711,5.235502370787545,-1.3359723498915281,1.928239773386791,4,0,0,,,none,GWK60_M11253,GWK60_M11253,ORF,CP048242.1,1124825,1125715,C,891,1,0.00112233445566778,1.84062850729517,1.84062850729517,628,0.704826038159372,0.70412349345409,-12.0922616248439,0,0,0,0,0,891,1640
GWK60_K02563,-7.7915278330586615,-10.099802940164452,5.2133383097905375,-1.391556612970909,2.261922949727671,4,0,0,,,none,GWK60_K02563,GWK60_K02563,ORF,CP048240.1,250686,251153,C,468,2,0.00427350427350427,0.867887667887668,0.584155161078238,231,0.493589743589744,0.46191911228719,-11.5072991241228,0,0,0,0,0,234,203.085714285714
GWK60_E01661,-7.789231922475947,-9.921588877534687,5.234210823920405,-1.3350117386092015,1.928239773386791,4,0,0,,,none,GWK60_E01661,YPS11,ORF,CP048234.1,209067,210593,W,1527,0,0,0,0,1527,1,0.999998274513858,-13.0922616248439,0,0,0,0,0,9999,409.823529411765
GWK60_H06787,-7.789231922475947,-9.921588877534687,5.234210823920405,-1.3350117386092015,1.928239773386791,4,0,0,,,none,GWK60_H06787,GWK60_H06787,ORF,CP048237.1,695490,696107,W,618,0,0,0,0,618,1,0.984932010189407,-13.0922616248439,0,0,0,0,0,9999,1608.66666666667
GWK60_J11561,-7.789231922475947,-9.921588877534687,5.234210823920405,-1.3350117386092015,1.928239773386791,4,0,0,,,none,GWK60_J11561,PLB1,ORF,CP048239.1,1187649,1189628,C,1980,0,0,0,0,1980,1,0.999999981398061,-13.0922616248439,1,0,0,0,0,9999,719.692307692308
GWK60_K04103,-7.789231922475947,-9.921588877534687,5.234210823920405,-1.3350117386092015,1.928239773386791,4,0,0,,,none,GWK60_K04103,GWK60_K04103,ORF,CP048240.1,395227,396225,C,999,0,0,0,0,999,1,0.999661280686285,-13.0922616248439,0,0,0,0,0,9999,666.111111111111
GWK60_J09229,-7.789192211595864,-10.099802940164452,5.211443500974771,-1.3904045377029652,2.2573146486558957,4,0,0,,,none,GWK60_J09229,GWK60_J09229,ORF,CP048239.1,967309,967755,C,447,0,0,0,0,447,1,0.922011764870634,-13.0922616248439,0,0,0,0,0,9999,1008.5
GWK60_A02057,-7.756765896171769,-10.099802940164452,5.990962217477902,-1.4532666789244502,2.796834187157511,4,0,1,,2,single_pool_depleted,GWK60_A02057,HXT4/6/7,ORF,CP048230.1,256975,258624,C,1650,2,0.00121212121212121,1.96333333333333,1.74518518518519,1192,0.722424242424242,0.722423878071448,-11.5072991241228,0,0,0,0,0,825,1619.75
GWK60_I00165,-7.702420801743779,-9.921588877534687,5.158603946365768,-1.4184325326944214,2.261922949727671,4,0,0,,,none,GWK60_I00165,GWK60_I00165,ORF,CP048238.1,44271,46814,W,2544,2,0.00078616352201257,0.485112028301887,0.431210691823899,1500,0.589622641509434,0.589622641470466,-11.5072991241228,0,0,0,0,0,1272,617.0625
GWK60_K10615,-7.702420801743779,-9.921588877534687,5.158603946365768,-1.4184325326944214,2.261922949727671,4,0,0,,,none,GWK60_K10615,CTA1,ORF,CP048240.1,1062581,1064104,C,1524,1,0.00065616797900262,0.738353018372703,1.31262758821814,1189,0.780183727034121,0.780182339840206,-11.5072991241228,0,0,0,0,0,1524,1125.25
GWK60_L00143,-7.702420801743779,-9.921588877534687,5.158603946365768,-1.4184325326944214,2.261922949727671,4,0,0,,,none,GWK60_L00143,GWK60_L00143,ORF,CP048241.1,25794,26909,W,1116,2,0.0017921146953405,2.09283154121864,1.90257412838058,715,0.640681003584229,0.640613634797864,-11.5072991241228,0,0,0,0,0,558,1167.8
GWK60_H05577,-7.702419631315994,-9.926257779604711,5.157999980743716,-1.4182410687088043,2.2573146486558957,4,0,0,,,none,GWK60_H05577,GLR1,ORF,CP048237.1,577364,578794,C,1431,1,0.00069881201956673,1.11558350803634,1.11558350803634,1058,0.739343116701607,0.739339784900988,-12.0922616248439,0,0,0,0,0,1431,1596.4
GWK60_J02563,-7.702419631315994,-9.926257779604711,5.157999980743716,-1.4182410687088043,2.2573146486558957,4,0,0,,,none,GWK60_J02563,GWK60_J02563,ORF,CP048239.1,294764,295912,C,1149,1,0.00087032201914708,0.490378106566096,0.275837684943429,623,0.542210617928634,0.542169627680105,-12.0922616248439,0,0,0,0,0,1149,563.444444444444
GWK60_H02387,-7.70241026830418,-9.962557356765966,5.153301856756783,-1.3614112787125132,1.8282577391443242,4,0,0,,,none,GWK60_H02387,GWK60_H02387,ORF,CP048237.1,243763,245544,C,1782,1,0.00056116722783389,0.741582491582492,0.635642135642136,1616,0.906846240179574,0.906846118001044,-12.0922616248439,0,0,0,0,0,1782,1321.5
GWK60_D02211,-7.559857823371852,-9.962557356765966,5.042633804014012,-1.3291640405249723,1.8106149104175178,4,0,0,,,none,GWK60_D02211,GWK60_D02211,ORF,CP048233.1,256360,258489,C,2130,1,0.00046948356807511,0.33018779342723,0.253990610328639,1959,0.919718309859155,0.919718306041723,-12.0922616248439,0,0,0,0,0,2130,703.3
GWK60_E03795,-7.559857823371852,-9.962557356765966,5.042633804014012,-1.3291640405249723,1.8106149104175178,4,0,0,,,none,GWK60_E03795,SIT1,ORF,CP048234.1,415129,417066,W,1938,1,0.00051599587203302,0.337934296525628,0.337934296525628,1452,0.74922600619195,0.749225984980287,-12.0922616248439,0,0,0,0,0,1938,654.916666666667
GWK60_G03509,-7.559857823371852,-9.962557356765966,5.042633804014012,-1.3291640405249723,1.8106149104175178,4,0,0,,,none,GWK60_G03509,GWK60_G03509,ORF,CP048236.1,372186,373433,W,1248,1,0.00080128205128205,0.704683048433048,0.487857495069033,1229,0.984775641025641,0.984747976773971,-12.0922616248439,0,0,0,0,0,1248,879.444444444444
GWK60_H07931,-7.559857823371852,-9.962557356765966,5.042633804014012,-1.3291640405249723,1.8106149104175178,4,0,0,,,none,GWK60_H07931,GWK60_H07931,ORF,CP048237.1,792913,793464,C,552,1,0.00181159420289855,1.68788819875776,1.47690217391304,473,0.856884057971015,0.832249930120918,-12.0922616248439,0,0,0,0,0,552,931.714285714286
GWK60_B03223,-7.539373583756212,-9.921588877534687,5.029744771457913,-1.277768991861044,1.8067724652882107,4,0,0,,,none,GWK60_B03223,RIF1,ORF,CP048231.1,333268,338262,W,4995,0,0,0,0,4995,1,1,-13.0922616248439,0,0,0,0,0,9999,2026
GWK60_K05269,-7.539373583756212,-9.921588877534687,5.029744771457913,-1.277768991861044,1.8067724652882107,4,0,0,,,none,GWK60_K05269,GWK60_K05269,ORF,CP048240.1,538183,539403,W,1221,0,0,0,0,1221,1,0.999963200886391,-13.0922616248439,0,0,0,0,0,9999,1440.66666666667
GWK60_K11649,-7.506971089642814,-9.921588877534687,5.094505292399278,-1.2710292026425283,1.8067724652882107,4,0,0,,,none,GWK60_K11649,GWK60_K11649,ORF,CP048240.1,1152341,1153291,W,951,1,0.0010515247108307,1.70073606729758,1.70073606729758,592,0.622502628811777,0.622161944696744,-12.0922616248439,0,0,0,0,0,951,1617.4
GWK60_D03509,-7.4526010034763415,-9.921588877534687,4.968535647955295,-1.305605522866883,1.8106149104175178,4,0,0,,,none,GWK60_D03509,GWK60_D03509,ORF,CP048233.1,388631,393994,C,5364,1,0.00018642803877703,0.179996271439224,0.159996685723755,3840,0.715883668903803,0.715883668903803,-12.0922616248439,0,0,0,0,0,5364,965.5
GWK60_E03839,-7.4526010034763415,-9.921588877534687,4.968535647955295,-1.305605522866883,1.8106149104175178,4,0,0,,,none,GWK60_E03839,GWK60_E03839,ORF,CP048234.1,419502,421832,W,2331,1,0.00042900042900042,0.413985413985414,0.413985413985414,2259,0.969111969111969,0.969111968573006,-12.0922616248439,0,0,0,0,0,2331,965
GWK60_G05731,-7.4526010034763415,-9.921588877534687,4.968535647955295,-1.305605522866883,1.8106149104175178,4,0,0,,,none,GWK60_G05731,GWK60_G05731,ORF,CP048236.1,589143,590081,C,939,1,0.00106496272630457,1.81948881789137,1.55956184390689,582,0.619808306709265,0.619425875680121,-12.0922616248439,0,0,0,0,0,939,1708.5
GWK60_K02805,-7.4526010034763415,-9.921588877534687,4.968535647955295,-1.305605522866883,1.8106149104175178,4,0,0,,,none,GWK60_K02805,GWK60_K02805,ORF,CP048240.1,268653,270047,C,1395,1,0.0007168458781362,0.187945285641138,0.167442163571196,1059,0.759139784946237,0.759134881517267,-12.0922616248439,0,0,0,0,0,1395,262.183673469388
GWK60_L15587,-7.4526010034763415,-9.921588877534687,4.968535647955295,-1.305605522866883,1.8106149104175178,4,0,0,,,none,GWK60_L15587,GWK60_L15587,ORF,CP048241.1,1625600,1627267,C,1668,1,0.00059952038369304,0.951039168665068,0.951039168665068,916,0.54916067146283,0.54916044011989,-12.0922616248439,0,0,0,0,0,1668,1586.33333333333
GWK60_D03091,-6.716396351975823,-6.75250357620278,6.980726038602817,-1.22142447858321,2.3160222316421897,4,0,2,,3;4,consistently_depleted,GWK60_D03091,GWK60_D03091,ORF,CP048233.1,351308,352741,W,1434,1,0.000697350069735,0.600836820083682,1.20167364016736,1358,0.947001394700139,0.946997253227346,-11.5072991241228,0,0,0,0,0,1434,861.6
GWK60_K02519,-6.678235290305823,-6.764902707907616,6.269597843329471,-1.2036458438288011,2.17103904467526,4,0,1,,4,single_pool_depleted,GWK60_K02519,GWK60_K02519,ORF,CP048240.1,243893,245776,C,1884,1,0.00053078556263269,0.12618542108988,0.15773177636235,1058,0.561571125265393,0.561571097982798,-11.5072991241228,0,0,0,0,0,1884,237.733333333333
GWK60_B04521,-6.486680128100119,-6.734610307287633,6.334943193604031,-1.4876710412094576,2.8023448581637713,4,0,2,,1;2,consistently_depleted,GWK60_B04521,GWK60_B04521,ORF,CP048231.1,453761,454951,C,1191,4,0.0033585222502099,0.575863693145748,0.462949243509326,512,0.429890848026868,0.429869494072487,-10.7703335299566,0,0,0,0,0,297.75,171.463414634146
GWK60_H03531,-6.23461220595449,-6.527152042915317,6.357510796972753,-1.2219448385321692,2.561155197383588,4,0,1,,2,single_pool_depleted,GWK60_H03531,GWK60_H03531,ORF,CP048237.1,355033,358095,C,3063,0,0,0,0,3063,1,0.999999999999632,-13.0922616248439,0,0,0,0,0,9999,1288.55555555556
GWK60_F02871,-6.21307186074882,-6.412222631437665,6.613510805911773,-1.2610114692780299,2.8023448581637713,4,0,2,,1;4,consistently_depleted,GWK60_F02871,GWK60_F02871,ORF,CP048235.1,322363,325335,C,2973,2,0.00067272115708039,0.475838098441529,0.713757147662294,2544,0.855701311806256,0.855701311805481,-10.7703335299566,0,0,0,0,0,1486.5,707.333333333333
GWK60_B01815,-6.202215655869931,-6.734650044854682,5.889552639095082,-1.159552173424366,2.2573146486558957,4,0,0,,,none,GWK60_B01815,GWK60_B01815,ORF,CP048231.1,183820,185091,C,1272,2,0.00157232704402515,8.43710691823899,8.43710691823899,907,0.713050314465409,0.713034557458241,-11.5072991241228,0,0,0,0,0,636,5366
GWK60_I03597,-6.109412292872243,-5.9799886288916895,6.253700411578089,-1.3092831278890553,3.165996545069383,4,0,1,,1,single_pool_depleted,GWK60_I03597,GWK60_I03597,ORF,CP048238.1,391405,391866,W,462,5,0.0108225108225108,3.27155483405483,3.36502782931354,221,0.478354978354978,0.445892712379836,-10.2849067027863,0,0,0,0,0,92.4,302.291666666667
GWK60_C04675,-6.056045368545332,-5.877298989214725,5.061533153295973,-1.1453838781038796,2.2573146486558957,4,0,0,,,none,GWK60_C04675,HLP,ORF,CP048232.1,479608,481515,W,1908,3,0.00157232704402515,0.502227463312369,0.518428349225671,1672,0.876310272536688,0.876310239047228,-10.7703335299566,0,0,0,0,0,636,319.416666666667
GWK60_G00209,-5.928635196946991,-5.687628333852311,6.009878179519378,-1.0315145493151388,2.06504089214305,4,0,0,,,none,GWK60_G00209,SCW4,ORF,CP048236.1,53387,54517,W,1131,5,0.004420866489832,0.898391760460726,0.767088349316466,416,0.367816091954023,0.367782802260953,-10.2849067027863,0,0,0,0,0,226.2,203.216216216216
GWK60_I03179,-5.85969033551702,-10.718230357996788,10.53652605395236,-1.01567070637545,2.06854842487731,4,0,1,,4,single_pool_depleted,GWK60_I03179,GWK60_I03179,ORF,CP048238.1,340233,341162,W,930,1,0.0010752688172043,0.418941273779983,0.236792893875643,901,0.968817204301075,0.968163172537312,-12.0922616248439,0,0,0,0,0,930,389.615384615385
GWK60_L12067,-5.856329249977925,-6.013901732704264,5.327328239017162,-1.056736620008458,1.8282577391443242,4,0,0,,,none,GWK60_L12067,GWK60_L12067,ORF,CP048241.1,1252560,1253120,C,561,1,0.0017825311942959,0.630453138193076,0.443652208358091,339,0.60427807486631,0.588361801509856,-12.0922616248439,0,0,0,0,0,561,353.684210526316
GWK60_L16313,-5.794083238125694,-10.718230357996788,11.179837112745343,-0.9502182416260039,2.252252492422658,4,0,1,,4,single_pool_depleted,GWK60_L16313,GWK60_L16313,ORF,CP048241.1,1718763,1721438,W,2676,1,0.00037369207772795,0.751993024414549,0.751993024414549,2289,0.855381165919282,0.855381165904181,-12.0922616248439,0,0,0,0,0,2676,2012.33333333333
GWK60_L16291,-5.787407045348421,-5.4832527259528705,7.287426145804494,-1.1081378076939796,2.3776007784178406,4,0,1,,4,single_pool_depleted,GWK60_L16291,GWK60_L16291,ORF,CP048241.1,1717110,1717958,W,849,2,0.00235571260306242,3.61052218296035,3.61052218296035,397,0.467608951707892,0.466899941265217,-11.5072991241228,0,0,0,0,0,424.5,1532.66666666667
GWK60_I04235,-5.782522655543007,-5.377479258494795,6.227633489802383,-0.9957586356935667,2.17103904467526,4,0,1,,4,single_pool_depleted,GWK60_I04235,GWK60_I04235,ORF,CP048238.1,452592,456293,C,3702,2,0.00054024851431658,0.149262946669754,0.133953926498497,1650,0.445705024311183,0.445705024311183,-11.5072991241228,0,0,0,0,0,1851,276.285714285714
GWK60_B04631,-5.752663606978132,-5.991241699808123,5.477610726456187,-1.0619929825557735,2.261922949727671,4,0,0,,,none,GWK60_B04631,GWK60_B04631,ORF,CP048231.1,461759,462559,W,801,2,0.00249687890137328,0.48205368289638,0.376237020797174,382,0.476903870162297,0.475736371156848,-11.5072991241228,0,0,0,0,0,400.5,193.0625
GWK60_L11627,-5.751823105563161,-10.961834208980147,11.043458549642283,-1.1938241031560006,2.261922949727671,4,0,0,,,none,GWK60_L11627,GWK60_L11627,ORF,CP048241.1,1203272,1205740,W,2469,2,0.00081004455245038,0.79951397326853,0.79951397326853,1039,0.420818144997975,0.420818144939097,-11.5072991241228,0,0,0,0,0,1234.5,987
GWK60_B04345,-5.716065347984822,-10.63581919476518,10.473323773081178,-1.170079074907065,2.5662733737987016,4,0,1,,1,single_pool_depleted,GWK60_B04345,GWK60_B04345,ORF,CP048231.1,439738,440589,C,852,2,0.00234741784037558,0.573239436619718,0.614185110663984,460,0.539906103286385,0.539111631132865,-11.0922616248439,0,0,0,0,0,426,244.2
GWK60_I05379,-5.713464912780344,-5.620224840592059,7.5241727928814655,-1.227948115437379,3.165996545069383,4,0,2,,1;4,consistently_depleted,GWK60_I05379,GWK60_I05379,ORF,CP048238.1,545042,547132,W,2091,6,0.00286944045911047,1.3777844899192,1.1899047867484,800,0.38259206121473,0.382592058869274,-10.2849067027863,0,0,0,0,0,348.5,480.157894736842
GWK60_L01177,-5.6957624660161725,-5.442263179842393,6.5899149054151795,-0.9742015410054086,2.06854842487731,4,0,1,,4,single_pool_depleted,GWK60_L01177,GWK60_L01177,ORF,CP048241.1,112887,113498,C,612,0,0,0,0,612,1,0.984015151657797,-13.0922616248439,0,0,0,0,0,9999,423.625
GWK60_E00165,-5.632312223452367,-4.983613129417996,6.636037352967971,-1.0126343015032844,2.252252492422658,4,0,1,,4,single_pool_depleted,GWK60_E00165,GWK60_E00165,ORF,CP048234.1,51409,53235,W,1827,1,0.00054734537493158,4.42583470169677,4.42583470169677,1807,0.989053092501368,0.989053007534747,-12.0922616248439,0,0,0,0,0,1827,8086
GWK60_J09141,-5.6089349772658315,-5.4832527259528705,6.479891319642765,-1.0567510070378798,2.261922949727671,4,0,0,,,none,GWK60_J09141,GWK60_J09141,ORF,CP048239.1,961036,961929,W,894,1,0.00111856823266219,1.06124161073826,1.54362416107383,656,0.733780760626398,0.733070950312648,-11.5072991241228,0,0,0,0,0,894,948.75
GWK60_G01771,-5.574210518280724,-5.377479258494795,5.983395176466892,-1.0901239936806426,2.561155197383588,4,0,1,,2,single_pool_depleted,GWK60_G01771,MET1,ORF,CP048236.1,191316,193142,W,1827,2,0.00109469074986316,0.726053639846743,0.580842911877395,1101,0.602627257799672,0.602627206029749,-11.5072991241228,3,0,0,0,0,913.5,663.25
GWK60_E03399,-5.574198032117422,-5.41377883565605,5.976968887619108,-0.9915399013223095,1.9650810784238486,4,0,0,,,none,GWK60_E03399,TPO1_2,ORF,CP048234.1,364099,365832,C,1734,2,0.00115340253748558,1.19677047289504,1.19677047289504,1051,0.606113033448674,0.606112901478382,-11.5072991241228,0,0,0,0,0,867,1037.6
GWK60_K00319,-5.57006384668504,-5.4832527259528705,6.433317816649331,-1.0475406807786154,2.261922949727671,4,0,0,,,none,GWK60_K00319,GWK60_K00319,ORF,CP048240.1,48925,52116,W,3192,2,0.0006265664160401,1.04511278195489,0.783834586466165,1951,0.611215538847118,0.611215538847056,-11.5072991241228,0,0,0,0,0,1596,1668
GWK60_F04147,-5.569994160283619,-9.962557356765966,10.41154912500425,-1.0418642768838864,2.17103904467526,4,0,1,,4,single_pool_depleted,GWK60_F04147,GWK60_F04147,ORF,CP048235.1,467659,468519,C,861,1,0.00116144018583042,0.756910569105691,0.68810051736881,540,0.627177700348432,0.626334133401293,-12.0922616248439,0,0,0,0,0,861,651.7
GWK60_E05643,-5.567779166208354,-5.157158289977737,6.463990908786571,-1.124025743387918,2.796834187157511,4,0,1,,2,single_pool_depleted,GWK60_E05643,GWK60_E05643,ORF,CP048234.1,615023,616258,W,1236,0,0,0,0,1236,1,0.999968326547039,-13.0922616248439,0,0,0,0,0,9999,1092.625
GWK60_F01485,-5.5677282252222415,-5.478581483027276,6.430706739099456,-1.0463886055106717,2.2573146486558957,4,0,0,,,none,GWK60_F01485,GWK60_F01485,ORF,CP048235.1,185412,186164,W,753,0,0,0,0,753,1,0.996049677845472,-13.0922616248439,0,0,0,0,0,9999,918.571428571429
GWK60_E02541,-5.567380538426415,-10.599421469820129,10.996589368814904,-1.0256989672355619,2.8023448581637713,4,0,1,,1,single_pool_depleted,GWK60_E02541,GWK60_E02541,ORF,CP048234.1,281348,281962,W,615,4,0.0065040650406504,1.5739837398374,1.18048780487805,174,0.282926829268293,0.278535873748548,-10.7703335299566,0,0,0,0,0,153.75,242
GWK60_B04257,-5.5672029422189215,-5.187991078173006,6.470649992491029,-1.1254845421227295,2.8023448581637713,4,0,1,,1,single_pool_depleted,GWK60_B04257,CHS3,ORF,CP048231.1,429930,433421,W,3492,4,0.00114547537227949,0.580469644902635,0.331696939944363,2338,0.669530355097365,0.669530355097362,-10.7703335299566,0,0,0,0,0,873,506.75
GWK60_C04389,-5.5672011861370185,-6.013901732704264,5.3543491100304745,-0.9997221373314902,1.8106149104175178,4,0,0,,,none,GWK60_C04389,GWK60_C04389,ORF,CP048232.1,441630,443699,C,2070,1,0.00048309178743961,0.111911663216011,0.0799369022971507,1990,0.961352657004831,0.961352649734136,-12.0922616248439,1,0,0,0,0,2070,231.657142857143
GWK60_L09295,-5.549569073629801,-5.442263179842393,6.410485786342181,-0.9391243781327788,1.928239773386791,4,0,0,,,none,GWK60_L09295,GWK60_L09295,ORF,CP048241.1,956397,957845,C,1449,0,0,0,0,1449,1,0.999996235907509,-13.0922616248439,0,0,0,0,0,9999,1349.83333333333
GWK60_L07095,-5.517177112956001,-5.377479258494795,5.908164788479044,-0.9318951376814435,1.928239773386791,4,0,0,,,none,GWK60_L07095,GWK60_L07095,ORF,CP048241.1,731748,733454,W,1707,1,0.0005858230814294,0.812048428041398,1.6240968560828,1511,0.885178676039836,0.885178423567977,-11.5072991241228,0,0,0,0,0,1707,1386.16666666667
GWK60_D00517,-5.505525808278154,-5.235437814757164,6.09946171847316,-1.1149461550543955,2.5662733737987016,4,0,1,,1,single_pool_depleted,GWK60_D00517,GWK60_D00517,ORF,CP048233.1,92908,95133,C,2226,1,0.0004492362982929,0.516771488469602,1.26843910806175,1509,0.677897574123989,0.677897573046637,-11.0922616248439,0,0,0,0,0,2226,1150.33333333333
GWK60_B04543,-5.502852901734431,-5.991241699808123,5.834806489956306,-1.0070861780233693,2.261922949727671,4,0,0,,,none,GWK60_B04543,GWK60_B04543,ORF,CP048231.1,455721,456275,C,555,2,0.0036036036036036,0.626078710289237,0.506191297680659,372,0.67027027027027,0.651554599193378,-11.5072991241228,0,0,0,0,0,277.5,173.736842105263
GWK60_J01749,-5.485051440519648,-5.442263179842393,6.622719163519374,-1.0764507526183906,2.561155197383588,4,0,1,,2,single_pool_depleted,GWK60_J01749,PAN1,ORF,CP048239.1,209035,213210,W,4176,0,0,0,0,4176,1,1,-13.0922616248439,0,0,0,0,0,9999,399
GWK60_J01441,-5.481006585928483,-4.983613129417996,6.380828963507307,-1.1518622743937572,2.796834187157511,4,0,1,,2,single_pool_depleted,GWK60_J01441,GWK60_J01441,ORF,CP048239.1,161115,163130,C,2016,1,0.00049603174603174,0.222599206349206,0.168635762385762,1554,0.770833333333333,0.770833323329356,-12.0922616248439,0,0,0,0,0,2016,448.76
GWK60_L11319,-5.480917104490073,-5.478581483027276,6.328819080633931,-1.1298093995958918,2.261922949727671,4,0,0,,,none,GWK60_L11319,GWK60_L11319,ORF,CP048241.1,1167252,1169180,W,1929,2,0.00103680663556246,1.24796958700536,0.998375669604285,1357,0.703473302229134,0.703473280437188,-11.5072991241228,0,0,0,0,0,964.5,1203.66666666667
GWK60_E04631,-5.4641029897689615,-4.978944227347971,6.358949549761589,-0.9688302225413802,2.06854842487731,4,0,1,,4,single_pool_depleted,GWK60_E04631,GWK60_E04631,ORF,CP048234.1,497871,499088,W,1218,0,0,0,0,1218,1,0.999962080229033,-13.0922616248439,0,0,0,0,0,9999,605.181818181818
GWK60_L10571,-5.4641029897689615,-4.978944227347971,6.358949549761589,-0.9688302225413802,2.06854842487731,4,0,1,,4,single_pool_depleted,GWK60_L10571,GWK60_L10571,ORF,CP048241.1,1083490,1085358,W,1869,0,0,0,0,1869,1,0.999999943555053,-13.0922616248439,0,0,0,0,0,9999,1876.33333333333
GWK60_M00429,-5.46284274920583,-4.983613129417996,6.356306365546446,-0.9689139506401419,2.06504089214305,4,0,0,,,none,GWK60_M00429,GWK60_M00429,ORF,CP048242.1,72535,74178,C,1644,1,0.00060827250608272,0,0,1231,0.748783454987834,0.748783053988466,-12.0922616248439,0,0,0,0,0,1644,9999
GWK60_H07733,-5.462757952897632,-5.442263179842393,6.307938334447212,-1.0225451722179988,2.261922949727671,4,0,0,,,none,GWK60_H07733,GWK60_H07733,ORF,CP048237.1,772464,772982,C,519,1,0.00192678227360308,9.60115606936416,19.2023121387283,288,0.554913294797688,0.532969925798315,-11.5072991241228,0,0,0,0,0,519,4983
GWK60_L08767,-5.460422331434835,-5.442263179842393,6.305222337840842,-1.0213930969500549,2.2573146486558957,4,0,0,,,none,GWK60_L08767,GWK60_L08767,ORF,CP048241.1,887730,889409,C,1680,0,0,0,0,1680,1,0.999999626370202,-13.0922616248439,0,0,0,0,0,9999,662.333333333333
GWK60_G08657,-5.445953201188334,-4.942644650186716,6.341928756517337,-0.9183957851597785,2.06854842487731,4,0,1,,4,single_pool_depleted,GWK60_G08657,GWK60_G08657,ORF,CP048236.1,870367,872139,C,1773,0,0,0,0,1773,1,0.999999852582943,-13.0922616248439,0,0,0,0,0,9999,859
