Chromosome,Position,Reads
CP048230.1,1774,2
CP048230.1,39272,1
CP048230.1,39279,1
CP048230.1,45872,1
CP048230.1,49695,1
CP048230.1,50510,1
CP048230.1,51624,2
CP048230.1,51764,2
CP048230.1,52037,1
CP048230.1,52044,3
CP048230.1,52074,2
CP048230.1,55280,3
CP048230.1,57138,1
CP048230.1,58996,1
CP048230.1,59624,1
CP048230.1,61113,1
CP048230.1,61151,1
CP048230.1,61612,1
CP048230.1,61614,1
CP048230.1,65613,1
CP048230.1,68951,1
CP048230.1,72823,1
CP048230.1,73096,1
CP048230.1,73108,1
CP048230.1,73246,1
CP048230.1,73381,7
CP048230.1,73434,1
CP048230.1,73436,1
CP048230.1,73773,8
CP048230.1,73780,1
CP048230.1,75810,1
CP048230.1,77995,1
CP048230.1,78094,2
CP048230.1,78438,3
CP048230.1,78445,3
CP048230.1,78531,1
CP048230.1,78629,1
CP048230.1,78761,1
CP048230.1,79461,1
CP048230.1,79511,1
CP048230.1,79759,1
CP048230.1,84071,1
CP048230.1,84078,1
CP048230.1,84203,2
CP048230.1,86029,2
CP048230.1,86210,1
CP048230.1,86445,1
CP048230.1,86529,1
CP048230.1,86531,1
CP048230.1,87665,2
CP048230.1,91159,1
CP048230.1,92897,1
CP048230.1,92918,1
CP048230.1,93033,2
CP048230.1,93369,1
CP048230.1,95119,1
CP048230.1,95462,1
CP048230.1,96536,1
CP048230.1,97551,1
CP048230.1,97583,1
CP048230.1,98414,3
CP048230.1,98689,1
CP048230.1,99244,1
CP048230.1,99251,1
CP048230.1,99429,1
CP048230.1,99684,1
CP048230.1,99849,1
CP048230.1,101266,2
CP048230.1,102000,1
CP048230.1,106444,1
CP048230.1,108842,1
CP048230.1,108887,1
CP048230.1,114753,1
CP048230.1,117072,3
CP048230.1,120246,2
CP048230.1,120916,1
CP048230.1,121035,2
CP048230.1,122023,2
CP048230.1,122229,2
CP048230.1,122439,1
CP048230.1,122617,1
CP048230.1,122711,1
CP048230.1,122733,3
CP048230.1,122822,1
CP048230.1,123143,2
CP048230.1,123145,5
CP048230.1,123154,3
CP048230.1,123161,2
CP048230.1,123370,3
CP048230.1,123386,2
CP048230.1,123431,1
CP048230.1,123441,1
CP048230.1,123450,1
CP048230.1,127530,2
CP048230.1,127544,1
CP048230.1,127615,2
CP048230.1,127715,1
CP048230.1,127973,1
CP048230.1,128322,2
CP048230.1,132245,1
CP048230.1,132252,1
CP048230.1,132281,1
CP048230.1,132357,1
CP048230.1,132417,1
CP048230.1,132429,1
CP048230.1,133791,2
CP048230.1,134759,1
CP048230.1,140890,2
CP048230.1,140944,4
CP048230.1,141231,1
CP048230.1,141295,1
CP048230.1,142294,2
CP048230.1,142428,1
CP048230.1,142600,1
CP048230.1,145013,1
CP048230.1,145782,2
CP048230.1,145789,1
CP048230.1,146505,1
CP048230.1,146606,1
CP048230.1,150515,1
CP048230.1,159987,1
CP048230.1,167803,1
CP048230.1,169983,2
CP048230.1,170547,3
CP048230.1,176347,1
CP048230.1,176794,1
CP048230.1,179638,1
CP048230.1,179666,2
CP048230.1,180975,1
CP048230.1,181017,2
CP048230.1,181231,1
CP048230.1,181284,1
CP048230.1,181879,2
CP048230.1,181911,1
CP048230.1,182134,1
CP048230.1,183409,1
CP048230.1,183438,1
CP048230.1,183451,1
CP048230.1,183484,1
CP048230.1,183561,1
CP048230.1,183580,2
CP048230.1,183688,1
CP048230.1,184040,2
CP048230.1,185166,1
CP048230.1,185488,1
CP048230.1,185558,1
CP048230.1,188979,1
CP048230.1,190320,2
CP048230.1,190488,2
CP048230.1,197351,3
CP048230.1,198986,1
CP048230.1,200261,1
CP048230.1,200386,1
CP048230.1,202731,1
CP048230.1,204536,1
CP048230.1,215820,1
CP048230.1,235783,1
CP048230.1,235991,2
CP048230.1,236014,3
CP048230.1,236599,1
CP048230.1,242154,1
CP048230.1,246823,1
CP048230.1,252622,1
CP048230.1,253018,1
CP048230.1,257080,1
CP048230.1,259203,1
CP048230.1,260124,1
CP048230.1,260131,2
CP048230.1,264344,1
CP048230.1,265114,1
CP048230.1,265447,1
CP048230.1,268574,1
CP048230.1,268809,3
CP048230.1,268928,1
CP048230.1,270557,2
CP048230.1,270645,2
CP048230.1,271148,1
CP048230.1,273676,1
CP048230.1,276922,1
CP048230.1,279150,1
CP048230.1,279157,3
CP048230.1,279159,1
CP048230.1,279183,1
CP048230.1,279235,1
CP048230.1,279242,1
CP048230.1,288190,1
CP048230.1,288524,1
CP048230.1,291809,1
CP048230.1,292496,2
CP048230.1,292953,1
CP048230.1,296585,1
CP048230.1,296647,1
CP048230.1,321127,2
CP048230.1,323005,1
CP048230.1,324928,1
CP048230.1,328333,1
CP048230.1,328396,1
CP048230.1,328728,1
CP048230.1,328944,1
CP048230.1,328951,1
CP048230.1,329063,1
CP048230.1,332281,1
CP048230.1,332332,1
CP048230.1,332463,1
CP048230.1,332619,1
CP048230.1,334364,2
CP048230.1,339872,1
CP048230.1,342513,1
CP048230.1,345122,1
CP048230.1,351273,2
CP048230.1,351280,2
CP048230.1,351591,1
CP048230.1,355306,2
CP048230.1,372909,1
CP048230.1,373122,1
CP048230.1,373124,2
CP048230.1,373541,1
CP048230.1,374483,2
CP048230.1,376439,1
CP048230.1,391827,1
CP048230.1,391873,1
CP048230.1,399649,1
CP048230.1,402695,1
CP048230.1,411520,1
CP048230.1,411835,1
CP048230.1,411842,1
CP048230.1,422687,1
CP048230.1,430175,1
CP048230.1,430837,1
CP048230.1,431702,1
CP048230.1,439540,1
CP048230.1,439547,1
CP048230.1,439578,1
CP048230.1,439974,1
CP048230.1,440382,1
CP048230.1,443514,1
CP048230.1,443668,2
CP048230.1,443675,4
CP048230.1,443929,1
CP048230.1,443943,1
CP048230.1,444135,1
CP048230.1,451967,1
CP048230.1,460685,1
CP048230.1,460801,1
CP048230.1,460824,1
CP048230.1,463112,1
CP048230.1,463440,1
CP048230.1,474389,1
CP048230.1,476535,2
CP048230.1,477124,1
CP048230.1,481794,1
CP048230.1,481808,1
CP048230.1,488285,1
CP048230.1,488473,1
CP048230.1,488876,1
CP048231.1,11489,1
CP048231.1,31981,1
CP048231.1,32283,3
CP048231.1,32365,1
CP048231.1,45863,3
CP048231.1,51274,1
CP048231.1,52016,1
CP048231.1,53049,2
CP048231.1,53839,1
CP048231.1,54973,1
CP048231.1,55111,1
CP048231.1,55118,1
CP048231.1,55131,1
CP048231.1,65491,3
CP048231.1,68128,3
CP048231.1,75229,1
CP048231.1,81098,2
CP048231.1,83028,1
CP048231.1,90170,1
CP048231.1,90570,1
CP048231.1,92048,2
CP048231.1,92239,1
CP048231.1,93037,1
CP048231.1,93219,1
CP048231.1,97011,1
CP048231.1,98308,1
CP048231.1,99603,1
CP048231.1,102054,1
CP048231.1,102089,1
CP048231.1,102456,1
CP048231.1,103801,2
CP048231.1,106024,1
CP048231.1,116822,2
CP048231.1,121710,1
CP048231.1,121733,1
CP048231.1,125602,2
CP048231.1,128046,1
CP048231.1,135206,1
CP048231.1,139326,2
CP048231.1,141023,1
CP048231.1,177030,1
CP048231.1,183723,1
CP048231.1,183906,1
CP048231.1,183936,1
CP048231.1,184177,1
CP048231.1,184678,1
CP048231.1,189996,1
CP048231.1,193680,2
CP048231.1,196525,5
CP048231.1,196756,2
CP048231.1,200144,1
CP048231.1,221723,1
CP048231.1,221842,1
CP048231.1,230928,1
CP048231.1,232145,1
CP048231.1,232323,1
CP048231.1,233838,1
CP048231.1,234335,1
CP048231.1,237957,1
CP048231.1,238715,1
CP048231.1,238745,2
CP048231.1,238758,1
CP048231.1,238817,1
CP048231.1,252983,1
CP048231.1,252990,2
CP048231.1,256451,1
CP048231.1,256557,2
CP048231.1,256918,1
CP048231.1,264028,1
CP048231.1,264098,1
CP048231.1,264238,3
CP048231.1,264556,1
CP048231.1,264871,1
CP048231.1,267183,1
CP048231.1,273507,1
CP048231.1,276881,1
CP048231.1,277403,3
CP048231.1,278427,1
CP048231.1,278475,1
CP048231.1,278535,1
CP048231.1,278765,1
CP048231.1,279627,2
CP048231.1,279634,2
CP048231.1,279980,1
CP048231.1,280059,3
CP048231.1,283784,1
CP048231.1,284244,1
CP048231.1,284296,2
CP048231.1,284324,1
CP048231.1,284362,1
CP048231.1,284507,2
CP048231.1,284591,2
CP048231.1,286530,2
CP048231.1,289480,3
CP048231.1,289670,1
CP048231.1,290257,1
CP048231.1,290303,1
CP048231.1,290513,1
CP048231.1,290571,2
CP048231.1,292269,1
CP048231.1,292642,1
CP048231.1,295806,1
CP048231.1,295999,1
CP048231.1,296116,2
CP048231.1,296745,1
CP048231.1,296820,4
CP048231.1,296905,3
CP048231.1,296961,1
CP048231.1,296995,1
CP048231.1,297014,1
CP048231.1,297267,2
CP048231.1,298841,1
CP048231.1,298956,1
CP048231.1,298963,2
CP048231.1,298982,1
CP048231.1,299118,1
CP048231.1,299671,1
CP048231.1,299842,1
CP048231.1,299849,1
CP048231.1,299955,1
CP048231.1,300132,2
CP048231.1,300141,8
CP048231.1,300203,1
CP048231.1,300230,1
CP048231.1,300399,1
CP048231.1,300510,1
CP048231.1,302588,1
CP048231.1,302679,4
CP048231.1,303053,1
CP048231.1,303497,2
CP048231.1,303567,1
CP048231.1,303590,1
CP048231.1,303591,1
CP048231.1,303597,3
CP048231.1,321738,2
CP048231.1,325057,2
CP048231.1,331718,1
CP048231.1,332781,1
CP048231.1,333266,1
CP048231.1,334588,1
CP048231.1,340968,1
CP048231.1,343918,1
CP048231.1,351940,3
CP048231.1,352616,2
CP048231.1,353221,1
CP048231.1,354277,1
CP048231.1,354340,1
CP048231.1,354365,3
CP048231.1,354377,1
CP048231.1,354384,1
CP048231.1,354390,2
CP048231.1,355346,1
CP048231.1,355586,2
CP048231.1,355600,1
CP048231.1,355639,1
CP048231.1,355956,1
CP048231.1,356137,3
CP048231.1,356144,1
CP048231.1,356311,1
CP048231.1,363299,1
CP048231.1,369458,1
CP048231.1,370214,4
CP048231.1,370336,1
CP048231.1,370405,1
CP048231.1,370984,1
CP048231.1,370994,1
CP048231.1,371045,1
CP048231.1,371250,1
CP048231.1,371701,1
CP048231.1,371710,1
CP048231.1,371717,2
CP048231.1,371836,1
CP048231.1,372137,1
CP048231.1,372511,1
CP048231.1,372607,2
CP048231.1,372614,1
CP048231.1,372983,1
CP048231.1,375385,1
CP048231.1,380270,1
CP048231.1,380327,2
CP048231.1,380940,1
CP048231.1,381177,1
CP048231.1,381235,2
CP048231.1,381236,1
CP048231.1,381242,5
CP048231.1,381289,1
CP048231.1,381383,1
CP048231.1,381384,1
CP048231.1,381492,1
CP048231.1,381699,1
CP048231.1,382330,2
CP048231.1,382339,2
CP048231.1,382383,1
CP048231.1,382457,1
CP048231.1,382820,1
CP048231.1,383354,1
CP048231.1,383539,1
CP048231.1,383766,1
CP048231.1,384338,2
CP048231.1,384894,1
CP048231.1,389034,1
CP048231.1,392407,1
CP048231.1,392783,1
CP048231.1,393037,1
CP048231.1,394139,1
CP048231.1,397742,1
CP048231.1,399120,1
CP048231.1,401899,1
CP048231.1,401994,3
CP048231.1,402814,1
CP048231.1,403465,1
CP048231.1,410156,1
CP048231.1,410310,2
CP048231.1,410384,1
CP048231.1,416889,2
CP048231.1,417588,1
CP048231.1,418305,1
CP048231.1,418824,1
CP048231.1,419710,1
CP048231.1,422648,1
CP048231.1,422734,1
CP048231.1,425114,1
CP048231.1,426014,2
CP048231.1,431494,1
CP048231.1,435289,1
CP048231.1,437201,3
CP048231.1,437248,1
CP048231.1,437273,1
CP048231.1,437280,2
CP048231.1,437281,1
CP048231.1,437305,1
CP048231.1,437389,2
CP048231.1,437409,2
CP048231.1,438443,1
CP048231.1,439298,1
CP048231.1,440129,2
CP048231.1,443486,1
CP048231.1,443642,2
CP048231.1,443773,1
CP048231.1,443781,1
CP048231.1,443785,1
CP048231.1,443792,2
CP048231.1,443800,1
CP048231.1,444244,1
CP048231.1,444311,1
CP048231.1,444958,1
CP048231.1,446187,1
CP048231.1,446431,1
CP048231.1,446818,1
CP048231.1,446854,1
CP048231.1,446877,1
CP048231.1,446935,4
CP048231.1,446942,3
CP048231.1,447054,1
CP048231.1,447087,2
CP048231.1,447089,1
CP048231.1,448261,1
CP048231.1,448412,1
CP048231.1,448458,1
CP048231.1,448516,1
CP048231.1,450360,1
CP048231.1,453021,2
CP048231.1,453283,3
CP048231.1,453375,1
CP048231.1,454006,1
CP048231.1,454935,1
CP048231.1,455044,1
CP048231.1,455853,1
CP048231.1,456093,2
CP048231.1,456385,1
CP048231.1,456543,3
CP048231.1,456877,2
CP048231.1,456902,1
CP048231.1,457340,1
CP048231.1,460798,1
CP048231.1,460907,1
CP048231.1,461469,1
CP048231.1,461516,1
CP048231.1,461808,1
CP048231.1,461846,2
CP048231.1,462919,1
CP048231.1,464933,2
CP048231.1,464937,1
CP048231.1,465145,1
CP048231.1,467383,2
CP048231.1,470385,1
CP048231.1,470824,2
CP048231.1,470957,1
CP048231.1,471023,1
CP048231.1,471041,1
CP048231.1,471096,1
CP048231.1,472480,1
CP048231.1,472564,2
CP048231.1,472780,1
CP048231.1,474593,1
CP048231.1,475219,1
CP048231.1,475396,2
CP048231.1,475899,1
CP048231.1,476424,1
CP048231.1,476615,1
CP048231.1,478042,1
CP048231.1,482114,1
CP048231.1,482167,3
CP048231.1,482227,1
CP048231.1,482291,1
CP048231.1,482607,2
CP048231.1,482674,1
CP048231.1,482676,1
CP048231.1,482736,1
CP048231.1,482740,1
CP048231.1,482743,2
CP048231.1,482747,1
CP048231.1,482786,2
CP048231.1,482852,2
CP048231.1,485065,2
CP048231.1,485122,1
CP048231.1,486447,1
CP048231.1,486934,1
CP048231.1,487571,1
CP048232.1,27516,1
CP048232.1,27578,1
CP048232.1,30332,2
CP048232.1,35489,1
CP048232.1,36653,1
CP048232.1,39390,1
CP048232.1,39407,1
CP048232.1,39592,1
CP048232.1,42313,1
CP048232.1,42635,1
CP048232.1,42650,1
CP048232.1,42683,2
CP048232.1,42805,1
CP048232.1,42812,1
CP048232.1,45207,1
CP048232.1,59286,1
CP048232.1,59804,2
CP048232.1,76202,1
CP048232.1,77314,1
CP048232.1,83462,1
CP048232.1,83643,1
CP048232.1,83692,1
CP048232.1,88993,2
CP048232.1,89019,1
CP048232.1,89596,2
CP048232.1,95606,3
CP048232.1,104655,1
CP048232.1,109341,1
CP048232.1,111727,1
CP048232.1,123144,1
CP048232.1,132368,1
CP048232.1,133564,1
CP048232.1,137051,2
CP048232.1,137254,1
CP048232.1,137261,3
CP048232.1,137263,1
CP048232.1,142490,2
CP048232.1,143044,3
CP048232.1,143350,1
CP048232.1,153405,1
CP048232.1,153804,1
CP048232.1,162743,2
CP048232.1,164323,1
CP048232.1,166540,2
CP048232.1,167884,4
CP048232.1,168165,1
CP048232.1,168204,2
CP048232.1,168222,1
CP048232.1,168229,8
CP048232.1,168256,1
CP048232.1,168257,2
CP048232.1,168449,2
CP048232.1,169122,1
CP048232.1,169296,3
CP048232.1,169700,1
CP048232.1,169794,1
CP048232.1,176691,1
CP048232.1,180687,1
CP048232.1,180729,1
CP048232.1,180977,1
CP048232.1,180984,7
CP048232.1,183887,1
CP048232.1,184358,2
CP048232.1,188697,1
CP048232.1,188706,1
CP048232.1,188834,1
CP048232.1,190285,3
CP048232.1,190753,1
CP048232.1,192225,1
CP048232.1,206274,1
CP048232.1,215459,1
CP048232.1,215629,1
CP048232.1,218396,1
CP048232.1,219715,2
CP048232.1,222261,1
CP048232.1,222820,2
CP048232.1,231873,2
CP048232.1,234853,1
CP048232.1,235091,4
CP048232.1,235224,3
CP048232.1,235756,1
CP048232.1,236507,1
CP048232.1,242112,1
CP048232.1,245983,1
CP048232.1,246053,1
CP048232.1,247114,1
CP048232.1,249165,1
CP048232.1,249882,2
CP048232.1,250100,1
CP048232.1,260903,1
CP048232.1,260917,1
CP048232.1,260961,1
CP048232.1,260997,1
CP048232.1,263286,2
CP048232.1,263722,2
CP048232.1,273215,1
CP048232.1,273597,2
CP048232.1,279651,1
CP048232.1,284035,1
CP048232.1,284139,1
CP048232.1,284898,1
CP048232.1,285255,2
CP048232.1,285506,1
CP048232.1,299955,2
CP048232.1,305275,1
CP048232.1,306844,2
CP048232.1,311335,1
CP048232.1,312408,2
CP048232.1,315734,1
CP048232.1,316097,1
CP048232.1,316540,3
CP048232.1,316774,1
CP048232.1,316801,1
CP048232.1,317453,1
CP048232.1,317963,1
CP048232.1,318131,1
CP048232.1,318193,1
CP048232.1,318198,3
CP048232.1,318538,5
CP048232.1,321479,1
CP048232.1,322422,2
CP048232.1,324095,1
CP048232.1,324143,2
CP048232.1,326587,1
CP048232.1,330046,1
CP048232.1,330051,1
CP048232.1,330464,4
CP048232.1,330471,4
CP048232.1,334236,1
CP048232.1,341446,1
CP048232.1,341563,1
CP048232.1,343309,1
CP048232.1,349012,1
CP048232.1,352301,1
CP048232.1,356031,9
CP048232.1,356083,1
CP048232.1,356211,2
CP048232.1,356850,2
CP048232.1,362527,1
CP048232.1,362649,1
CP048232.1,365472,5
CP048232.1,366607,1
CP048232.1,368568,2
CP048232.1,368581,2
CP048232.1,369037,3
CP048232.1,369300,2
CP048232.1,369684,1
CP048232.1,370053,1
CP048232.1,370157,3
CP048232.1,370181,1
CP048232.1,370188,1
CP048232.1,370206,1
CP048232.1,370343,1
CP048232.1,371353,1
CP048232.1,371358,2
CP048232.1,374281,1
CP048232.1,374360,1
CP048232.1,374528,1
CP048232.1,374765,1
CP048232.1,376721,2
CP048232.1,376727,1
CP048232.1,376775,1
CP048232.1,377846,1
CP048232.1,378132,1
CP048232.1,381461,2
CP048232.1,381613,1
CP048232.1,384040,1
CP048232.1,384549,1
CP048232.1,389184,1
CP048232.1,389381,1
CP048232.1,389471,1
CP048232.1,389633,1
CP048232.1,392644,1
CP048232.1,392843,1
CP048232.1,392959,3
CP048232.1,392969,1
CP048232.1,393052,1
CP048232.1,393054,1
CP048232.1,393061,9
CP048232.1,393968,1
CP048232.1,394151,1
CP048232.1,394193,4
CP048232.1,394340,1
CP048232.1,394358,1
CP048232.1,394366,2
CP048232.1,394483,2
CP048232.1,395642,2
CP048232.1,402959,1
CP048232.1,403121,1
CP048232.1,405423,1
CP048232.1,405430,1
CP048232.1,405498,1
CP048232.1,405515,3
CP048232.1,405681,1
CP048232.1,405952,11
CP048232.1,407820,1
CP048232.1,408798,1
CP048232.1,409223,1
CP048232.1,409811,1
CP048232.1,410410,3
CP048232.1,410787,1
CP048232.1,411098,1
CP048232.1,411226,1
CP048232.1,412465,4
CP048232.1,412641,1
CP048232.1,412759,1
CP048232.1,412797,2
CP048232.1,412802,4
CP048232.1,412829,2
CP048232.1,412932,1
CP048232.1,412998,7
CP048232.1,413019,1
CP048232.1,413046,1
CP048232.1,413053,1
CP048232.1,413083,3
CP048232.1,413115,1
CP048232.1,413329,1
CP048232.1,417545,1
CP048232.1,417581,2
CP048232.1,417594,1
CP048232.1,417727,1
CP048232.1,418046,1
CP048232.1,419514,1
CP048232.1,420795,2
CP048232.1,421213,1
CP048232.1,421239,1
CP048232.1,421246,3
CP048232.1,421252,1
CP048232.1,421254,2
CP048232.1,421268,1
CP048232.1,421301,1
CP048232.1,421318,2
CP048232.1,421608,1
CP048232.1,422414,1
CP048232.1,422429,1
CP048232.1,424792,1
CP048232.1,425359,1
CP048232.1,425991,1
CP048232.1,426178,1
CP048232.1,426248,3
CP048232.1,426255,1
CP048232.1,428749,1
CP048232.1,430785,1
CP048232.1,430789,1
CP048232.1,430907,2
CP048232.1,431171,1
CP048232.1,431658,1
CP048232.1,431690,1
CP048232.1,431749,1
CP048232.1,431777,1
CP048232.1,431781,1
CP048232.1,431959,1
CP048232.1,432037,2
CP048232.1,432041,5
CP048232.1,432138,2
CP048232.1,432265,1
CP048232.1,432286,1
CP048232.1,432328,1
CP048232.1,432376,1
CP048232.1,432682,1
CP048232.1,432708,1
CP048232.1,432728,1
CP048232.1,432768,1
CP048232.1,433393,1
CP048232.1,433439,1
CP048232.1,433450,2
CP048232.1,433660,1
CP048232.1,434014,1
CP048232.1,434017,3
CP048232.1,435855,1
CP048232.1,436000,2
CP048232.1,436017,1
CP048232.1,437211,2
CP048232.1,440292,1
CP048232.1,440687,1
CP048232.1,440715,1
CP048232.1,440748,1
CP048232.1,440811,2
CP048232.1,440859,2
CP048232.1,440931,1
CP048232.1,441006,1
CP048232.1,441013,3
CP048232.1,441101,1
CP048232.1,441177,1
CP048232.1,441372,1
CP048232.1,443155,1
CP048232.1,443805,4
CP048232.1,444005,1
CP048232.1,444531,1
CP048232.1,445333,1
CP048232.1,450688,1
CP048232.1,450991,1
CP048232.1,451403,2
CP048232.1,451484,1
CP048232.1,451656,1
CP048232.1,451780,3
CP048232.1,454355,1
CP048232.1,459679,1
CP048232.1,459739,3
CP048232.1,466976,2
CP048232.1,470496,1
CP048232.1,472437,1
CP048232.1,473387,3
CP048232.1,473770,1
CP048232.1,474142,1
CP048232.1,474333,2
CP048232.1,474355,1
CP048232.1,475664,2
CP048232.1,476406,2
CP048232.1,476484,1
CP048232.1,476882,3
CP048232.1,477174,1
CP048232.1,477176,4
CP048232.1,479477,3
CP048232.1,480793,1
CP048232.1,481441,1
CP048232.1,483464,1
CP048232.1,483619,1
CP048232.1,485293,1
CP048232.1,485296,2
CP048232.1,487457,1
CP048232.1,491994,1
CP048232.1,496131,1
CP048232.1,497246,1
CP048232.1,497326,1
CP048232.1,501146,1
CP048232.1,501477,1
CP048232.1,503795,2
CP048232.1,504480,2
CP048232.1,504660,1
CP048232.1,520152,2
CP048232.1,521011,2
CP048232.1,521224,1
CP048232.1,528970,1
CP048232.1,529090,1
CP048233.1,15933,1
CP048233.1,21920,1
CP048233.1,28576,1
CP048233.1,29099,6
CP048233.1,29493,2
CP048233.1,29719,1
CP048233.1,29726,2
CP048233.1,30712,1
CP048233.1,30773,1
CP048233.1,51336,1
CP048233.1,54931,1
CP048233.1,55317,1
CP048233.1,55525,1
CP048233.1,55546,1
CP048233.1,55641,1
CP048233.1,62388,1
CP048233.1,62578,2
CP048233.1,62617,1
CP048233.1,72857,1
CP048233.1,74881,1
CP048233.1,75211,1
CP048233.1,78404,1
CP048233.1,79437,2
CP048233.1,80633,1
CP048233.1,81085,2
CP048233.1,84252,1
CP048233.1,85104,1
CP048233.1,91021,1
CP048233.1,91880,1
CP048233.1,93745,1
CP048233.1,95568,2
CP048233.1,96803,1
CP048233.1,97327,1
CP048233.1,98315,1
CP048233.1,99232,1
CP048233.1,99977,1
CP048233.1,103479,1
CP048233.1,106085,2
CP048233.1,106444,1
CP048233.1,106505,1
CP048233.1,106841,1
CP048233.1,106954,1
CP048233.1,106961,1
CP048233.1,107423,1
CP048233.1,122975,1
CP048233.1,123023,1
CP048233.1,123150,1
CP048233.1,126729,1
CP048233.1,128656,3
CP048233.1,129391,2
CP048233.1,129586,1
CP048233.1,129624,1
CP048233.1,129846,1
CP048233.1,130126,1
CP048233.1,130255,1
CP048233.1,137996,1
CP048233.1,169454,2
CP048233.1,181980,1
CP048233.1,182919,2
CP048233.1,182926,1
CP048233.1,185449,1
CP048233.1,186412,1
CP048233.1,186421,1
CP048233.1,186525,1
CP048233.1,186532,1
CP048233.1,186731,1
CP048233.1,187834,1
CP048233.1,189195,1
CP048233.1,189524,3
CP048233.1,189865,2
CP048233.1,202829,2
CP048233.1,227726,1
CP048233.1,244077,3
CP048233.1,248874,1
CP048233.1,248908,1
CP048233.1,248913,2
CP048233.1,248915,1
CP048233.1,248922,2
CP048233.1,249115,1
CP048233.1,255636,1
CP048233.1,255831,1
CP048233.1,257939,1
CP048233.1,258724,2
CP048233.1,263853,1
CP048233.1,274301,1
CP048233.1,276783,1
CP048233.1,292731,1
CP048233.1,295382,2
CP048233.1,308107,1
CP048233.1,317199,1
CP048233.1,347610,1
CP048233.1,352701,2
CP048233.1,352702,2
CP048233.1,352710,1
CP048233.1,352754,4
CP048233.1,353003,1
CP048233.1,361895,1
CP048233.1,377564,2
CP048233.1,385463,2
CP048233.1,387517,2
CP048233.1,387565,1
CP048233.1,387572,1
CP048233.1,395089,1
CP048233.1,399728,1
CP048233.1,399769,2
CP048233.1,399857,1
CP048233.1,400178,1
CP048233.1,401554,2
CP048233.1,406147,1
CP048233.1,411812,1
CP048233.1,419016,2
CP048233.1,419690,1
CP048233.1,423064,1
CP048233.1,423092,1
CP048233.1,423372,1
CP048233.1,423377,2
CP048233.1,424027,3
CP048233.1,428210,1
CP048233.1,432261,1
CP048233.1,432471,1
CP048233.1,434241,1
CP048233.1,446006,1
CP048233.1,450370,1
CP048233.1,450761,1
CP048233.1,454101,2
CP048233.1,462925,1
CP048233.1,462932,2
CP048233.1,465313,2
CP048233.1,465671,2
CP048233.1,465766,1
CP048233.1,470141,1
CP048233.1,471325,1
CP048233.1,471423,1
CP048233.1,471497,1
CP048233.1,472583,4
CP048233.1,478368,3
CP048233.1,478537,2
CP048233.1,481024,1
CP048233.1,484632,2
CP048233.1,484639,1
CP048233.1,494351,1
CP048233.1,495907,2
CP048233.1,495914,1
CP048233.1,496984,1
CP048233.1,502440,1
CP048233.1,502461,1
CP048233.1,502471,1
CP048233.1,502541,2
CP048233.1,502624,1
CP048233.1,502677,1
CP048233.1,507095,1
CP048233.1,507477,1
CP048233.1,511194,1
CP048233.1,511277,1
CP048233.1,513867,1
CP048233.1,517076,1
CP048233.1,517267,1
CP048233.1,524508,1
CP048233.1,530854,1
CP048233.1,532739,1
CP048233.1,532945,1
CP048233.1,533433,2
CP048233.1,536307,2
CP048233.1,536661,1
CP048233.1,536875,1
CP048233.1,537132,1
CP048233.1,537467,1
CP048233.1,537628,2
CP048233.1,540356,2
CP048233.1,541989,1
CP048233.1,542108,1
CP048233.1,543002,1
CP048233.1,543004,2
CP048233.1,548667,1
CP048233.1,551503,3
CP048233.1,552014,1
CP048233.1,552112,1
CP048233.1,552119,1
CP048233.1,557246,1
CP048233.1,558928,1
CP048233.1,558982,1
CP048233.1,558987,1
CP048233.1,559308,1
CP048233.1,559324,2
CP048233.1,559331,1
CP048233.1,559418,1
CP048233.1,559419,1
CP048233.1,559424,2
CP048233.1,559425,1
CP048233.1,559429,1
CP048233.1,559621,2
CP048233.1,560144,1
CP048233.1,562945,4
CP048233.1,563135,1
CP048233.1,564363,1
CP048233.1,564551,1
CP048233.1,574830,1
CP048233.1,574834,1
CP048233.1,574872,2
CP048233.1,575416,1
CP048233.1,575475,4
CP048233.1,575805,1
CP048233.1,575841,2
CP048233.1,577347,1
CP048233.1,579391,1
CP048233.1,581536,1
CP048233.1,581543,1
CP048233.1,581555,2
CP048233.1,581668,4
CP048233.1,581675,1
CP048233.1,581686,1
CP048233.1,581690,2
CP048233.1,583790,1
CP048233.1,594472,1
CP048233.1,595716,1
CP048233.1,595808,2
CP048233.1,595844,1
CP048233.1,595938,1
CP048233.1,595965,1
CP048233.1,596101,1
CP048233.1,596507,3
CP048233.1,596521,1
CP048233.1,597104,1
CP048233.1,598158,1
CP048233.1,598693,1
CP048233.1,598694,1
CP048233.1,598756,1
CP048233.1,599041,1
CP048233.1,599267,1
CP048233.1,600071,1
CP048233.1,601907,1
CP048233.1,601928,1
CP048233.1,601953,2
CP048233.1,601959,4
CP048233.1,601961,2
CP048233.1,604402,1
CP048233.1,606799,1
CP048233.1,607192,1
CP048233.1,607269,1
CP048233.1,609256,2
CP048233.1,609563,1
CP048233.1,609637,1
CP048233.1,609728,3
CP048233.1,609830,2
CP048233.1,609903,2
CP048233.1,612853,2
CP048233.1,613503,1
CP048233.1,617634,3
CP048233.1,620014,2
CP048233.1,621716,1
CP048233.1,623199,1
CP048233.1,629025,1
CP048233.1,629127,1
CP048233.1,629406,1
CP048233.1,635826,1
CP048233.1,636764,1
CP048233.1,638389,1
CP048233.1,638532,1
CP048233.1,643581,1
CP048233.1,643664,2
CP048233.1,644883,1
CP048233.1,644886,1
CP048233.1,644893,1
CP048233.1,645139,1
CP048233.1,645639,1
CP048233.1,645877,1
CP048233.1,645884,1
CP048233.1,645997,1
CP048233.1,646095,1
CP048233.1,646109,1
CP048233.1,646121,2
CP048233.1,646123,2
CP048233.1,646137,3
CP048233.1,646151,1
CP048233.1,646158,1
CP048233.1,646188,2
CP048233.1,646195,2
CP048233.1,646236,1
CP048233.1,646240,1
CP048233.1,646249,1
CP048233.1,646250,2
CP048233.1,646257,2
CP048233.1,646330,2
CP048233.1,646391,1
CP048233.1,646398,8
CP048233.1,647248,5
CP048233.1,647872,3
CP048233.1,647878,1
CP048233.1,648085,2
CP048233.1,648153,3
CP048233.1,651259,1
CP048233.1,651699,1
CP048233.1,658045,2
CP048233.1,665324,1
CP048233.1,665404,3
CP048233.1,665531,1
CP048233.1,665814,1
CP048233.1,665940,1
CP048233.1,666064,2
CP048233.1,666071,2
CP048233.1,666164,2
CP048233.1,666540,1
CP048233.1,666784,1
CP048233.1,669022,1
CP048233.1,669054,2
CP048233.1,669069,1
CP048233.1,669273,4
CP048233.1,669444,1
CP048233.1,669823,1
CP048233.1,669905,4
CP048233.1,669934,1
CP048233.1,669946,1
CP048233.1,676937,1
CP048233.1,677480,2
CP048233.1,681174,3
CP048233.1,681850,1
CP048233.1,682177,1
CP048233.1,682200,1
CP048233.1,682726,1
CP048233.1,682733,1
CP048233.1,682798,2
CP048233.1,682822,2
CP048233.1,682863,2
CP048233.1,682968,1
CP048233.1,683088,1
CP048234.1,41572,1
CP048234.1,41579,1
CP048234.1,53223,5
CP048234.1,55688,1
CP048234.1,67171,1
CP048234.1,68986,3
CP048234.1,69149,2
CP048234.1,69213,1
CP048234.1,80884,1
CP048234.1,81042,1
CP048234.1,87272,2
CP048234.1,87638,2
CP048234.1,91706,1
CP048234.1,101902,1
CP048234.1,110681,2
CP048234.1,122915,1
CP048234.1,125074,1
CP048234.1,126507,5
CP048234.1,126556,3
CP048234.1,126690,1
CP048234.1,126716,1
CP048234.1,129265,1
CP048234.1,130376,1
CP048234.1,130391,1
CP048234.1,130409,1
CP048234.1,130676,1
CP048234.1,139565,1
CP048234.1,139575,1
CP048234.1,139669,1
CP048234.1,140214,1
CP048234.1,143616,1
CP048234.1,143623,1
CP048234.1,143746,1
CP048234.1,143885,3
CP048234.1,143928,1
CP048234.1,146568,1
CP048234.1,147060,1
CP048234.1,152141,3
CP048234.1,156679,1
CP048234.1,158728,2
CP048234.1,166184,2
CP048234.1,174104,1
CP048234.1,176922,2
CP048234.1,178994,1
CP048234.1,179228,2
CP048234.1,179563,2
CP048234.1,180749,1
CP048234.1,182576,2
CP048234.1,190390,1
CP048234.1,190679,2
CP048234.1,190954,4
CP048234.1,192301,2
CP048234.1,198224,1
CP048234.1,198380,2
CP048234.1,198459,3
CP048234.1,200281,1
CP048234.1,201292,1
CP048234.1,201493,1
CP048234.1,205346,3
CP048234.1,206264,2
CP048234.1,208920,1
CP048234.1,210046,2
CP048234.1,211258,1
CP048234.1,211470,1
CP048234.1,214013,1
CP048234.1,215254,2
CP048234.1,217955,2
CP048234.1,217962,2
CP048234.1,218098,1
CP048234.1,218102,1
CP048234.1,220112,1
CP048234.1,220373,2
CP048234.1,222463,1
CP048234.1,223048,1
CP048234.1,224298,1
CP048234.1,226832,3
CP048234.1,226891,1
CP048234.1,226920,1
CP048234.1,227182,2
CP048234.1,230121,1
CP048234.1,230135,2
CP048234.1,232497,2
CP048234.1,232623,2
CP048234.1,232766,1
CP048234.1,236148,2
CP048234.1,236328,1
CP048234.1,237259,2
CP048234.1,237485,1
CP048234.1,237618,1
CP048234.1,237774,2
CP048234.1,238017,3
CP048234.1,238129,1
CP048234.1,238175,1
CP048234.1,238181,1
CP048234.1,238508,1
CP048234.1,238792,1
CP048234.1,241408,3
CP048234.1,241415,1
CP048234.1,241837,2
CP048234.1,242652,1
CP048234.1,242757,2
CP048234.1,242771,1
CP048234.1,243274,1
CP048234.1,245807,1
CP048234.1,250475,1
CP048234.1,251210,1
CP048234.1,253871,1
CP048234.1,256351,1
CP048234.1,256408,1
CP048234.1,256415,2
CP048234.1,256637,1
CP048234.1,257352,1
CP048234.1,261576,1
CP048234.1,262167,1
CP048234.1,262202,2
CP048234.1,262262,1
CP048234.1,263499,2
CP048234.1,263561,2
CP048234.1,264496,1
CP048234.1,264639,1
CP048234.1,266627,1
CP048234.1,266995,1
CP048234.1,270544,1
CP048234.1,270566,3
CP048234.1,270937,1
CP048234.1,272335,1
CP048234.1,273250,1
CP048234.1,279168,2
CP048234.1,279802,2
CP048234.1,280936,1
CP048234.1,281153,3
CP048234.1,281158,1
CP048234.1,281170,1
CP048234.1,281814,1
CP048234.1,282000,1
CP048234.1,282002,2
CP048234.1,282009,4
CP048234.1,282017,1
CP048234.1,282058,3
CP048234.1,282322,1
CP048234.1,285639,1
CP048234.1,288988,1
CP048234.1,292214,1
CP048234.1,292249,1
CP048234.1,293651,1
CP048234.1,298618,1
CP048234.1,304654,1
CP048234.1,305670,1
CP048234.1,305728,1
CP048234.1,305820,1
CP048234.1,305920,3
CP048234.1,305922,1
CP048234.1,305927,4
CP048234.1,306066,2
CP048234.1,309976,1
CP048234.1,311196,1
CP048234.1,311203,1
CP048234.1,311337,4
CP048234.1,311344,1
CP048234.1,311379,2
CP048234.1,311389,1
CP048234.1,311398,1
CP048234.1,311561,4
CP048234.1,311821,1
CP048234.1,311836,1
CP048234.1,311859,1
CP048234.1,311866,2
CP048234.1,311897,1
CP048234.1,315459,3
CP048234.1,315590,2
CP048234.1,315604,3
CP048234.1,318111,2
CP048234.1,321794,1
CP048234.1,322110,1
CP048234.1,322123,1
CP048234.1,322863,1
CP048234.1,323298,1
CP048234.1,323305,1
CP048234.1,323620,2
CP048234.1,334631,1
CP048234.1,338237,2
CP048234.1,339606,1
CP048234.1,344940,1
CP048234.1,345750,1
CP048234.1,345787,1
CP048234.1,349278,1
CP048234.1,349416,2
CP048234.1,352106,1
CP048234.1,352206,1
CP048234.1,363037,3
CP048234.1,363166,1
CP048234.1,363209,1
CP048234.1,363326,2
CP048234.1,363636,2
CP048234.1,366038,1
CP048234.1,376858,1
CP048234.1,379238,1
CP048234.1,383405,1
CP048234.1,384181,1
CP048234.1,384287,1
CP048234.1,384290,1
CP048234.1,384352,1
CP048234.1,390629,2
CP048234.1,390896,1
CP048234.1,390908,1
CP048234.1,392061,1
CP048234.1,392295,1
CP048234.1,393113,3
CP048234.1,394512,1
CP048234.1,396410,1
CP048234.1,396618,1
CP048234.1,406510,1
CP048234.1,412116,3
CP048234.1,412202,1
CP048234.1,416529,1
CP048234.1,418020,1
CP048234.1,422220,1
CP048234.1,429049,1
CP048234.1,432627,1
CP048234.1,432663,3
CP048234.1,432701,1
CP048234.1,433198,2
CP048234.1,433387,1
CP048234.1,438434,5
CP048234.1,438589,1
CP048234.1,438694,1
CP048234.1,439259,1
CP048234.1,439335,1
CP048234.1,439777,2
CP048234.1,439794,4
CP048234.1,443004,2
CP048234.1,443138,1
CP048234.1,443178,1
CP048234.1,443182,2
CP048234.1,443205,2
CP048234.1,443260,2
CP048234.1,445069,1
CP048234.1,445972,1
CP048234.1,445983,1
CP048234.1,446437,1
CP048234.1,446582,1
CP048234.1,449450,1
CP048234.1,449500,1
CP048234.1,457439,1
CP048234.1,466387,2
CP048234.1,466447,1
CP048234.1,466478,2
CP048234.1,466551,4
CP048234.1,466635,1
CP048234.1,467706,2
CP048234.1,467907,1
CP048234.1,467914,1
CP048234.1,467989,2
CP048234.1,468429,2
CP048234.1,470015,1
CP048234.1,479497,1
CP048234.1,479596,1
CP048234.1,480190,1
CP048234.1,480210,1
CP048234.1,482062,1
CP048234.1,486070,2
CP048234.1,489675,1
CP048234.1,493257,2
CP048234.1,495854,1
CP048234.1,496494,2
CP048234.1,496683,1
CP048234.1,496874,4
CP048234.1,497312,1
CP048234.1,497476,1
CP048234.1,497675,1
CP048234.1,497922,3
CP048234.1,504021,2
CP048234.1,504668,1
CP048234.1,504721,1
CP048234.1,525097,1
CP048234.1,526011,2
CP048234.1,526795,1
CP048234.1,526827,1
CP048234.1,526877,2
CP048234.1,532274,1
CP048234.1,541375,1
CP048234.1,554808,1
CP048234.1,555935,1
CP048234.1,568128,1
CP048234.1,569026,1
CP048234.1,574224,1
CP048234.1,574290,1
CP048234.1,574367,1
CP048234.1,577103,1
CP048234.1,577748,1
CP048234.1,578407,2
CP048234.1,580224,2
CP048234.1,580830,2
CP048234.1,580831,2
CP048234.1,580871,1
CP048234.1,580961,1
CP048234.1,580968,1
CP048234.1,581006,2
CP048234.1,581676,2
CP048234.1,581685,2
CP048234.1,584056,1
CP048234.1,585369,1
CP048234.1,595078,1
CP048234.1,596669,1
CP048234.1,610673,1
CP048234.1,611191,1
CP048234.1,611448,1
CP048234.1,615425,1
CP048234.1,621818,1
CP048234.1,621921,2
CP048234.1,621949,1
CP048234.1,622097,1
CP048234.1,622777,1
CP048234.1,623011,2
CP048234.1,626629,1
CP048234.1,630360,1
CP048234.1,637047,3
CP048234.1,637049,1
CP048234.1,639642,1
CP048234.1,639786,3
CP048234.1,639875,1
CP048234.1,639882,2
CP048234.1,644707,1
CP048234.1,644872,2
CP048234.1,649536,1
CP048234.1,649565,1
CP048234.1,655270,1
CP048234.1,656982,1
CP048234.1,657390,1
CP048234.1,659900,1
CP048234.1,659907,1
CP048234.1,660016,3
CP048234.1,660028,1
CP048234.1,661599,2
CP048234.1,661710,1
CP048234.1,662213,1
CP048234.1,662275,1
CP048234.1,662319,1
CP048234.1,666859,1
CP048234.1,675582,1
CP048235.1,31031,1
CP048235.1,32896,1
CP048235.1,36230,2
CP048235.1,41031,1
CP048235.1,41113,1
CP048235.1,47290,2
CP048235.1,52621,2
CP048235.1,54447,3
CP048235.1,54516,1
CP048235.1,54594,1
CP048235.1,55431,1
CP048235.1,68051,1
CP048235.1,75202,2
CP048235.1,75991,1
CP048235.1,76087,1
CP048235.1,76171,1
CP048235.1,76821,1
CP048235.1,81845,1
CP048235.1,81993,1
CP048235.1,81999,1
CP048235.1,82004,1
CP048235.1,82068,1
CP048235.1,82169,1
CP048235.1,82200,1
CP048235.1,82209,3
CP048235.1,82648,1
CP048235.1,83164,2
CP048235.1,84486,1
CP048235.1,84636,1
CP048235.1,84755,1
CP048235.1,84809,1
CP048235.1,84818,2
CP048235.1,84825,2
CP048235.1,96587,1
CP048235.1,96852,3
CP048235.1,96908,1
CP048235.1,105944,1
CP048235.1,105983,1
CP048235.1,115542,1
CP048235.1,127894,1
CP048235.1,128853,1
CP048235.1,130875,1
CP048235.1,134554,1
CP048235.1,138296,1
CP048235.1,138370,1
CP048235.1,140340,1
CP048235.1,143903,1
CP048235.1,145072,1
CP048235.1,145369,1
CP048235.1,146410,1
CP048235.1,153189,2
CP048235.1,153464,2
CP048235.1,158214,1
CP048235.1,160492,3
CP048235.1,162094,1
CP048235.1,162259,2
CP048235.1,162475,2
CP048235.1,162590,1
CP048235.1,162658,1
CP048235.1,163167,2
CP048235.1,163293,1
CP048235.1,163348,1
CP048235.1,163705,2
CP048235.1,163719,1
CP048235.1,163820,1
CP048235.1,163858,1
CP048235.1,167015,1
CP048235.1,167126,2
CP048235.1,167170,1
CP048235.1,167280,2
CP048235.1,167367,2
CP048235.1,167427,1
CP048235.1,167625,1
CP048235.1,185557,2
CP048235.1,186378,6
CP048235.1,186419,4
CP048235.1,188197,1
CP048235.1,193687,1
CP048235.1,193761,2
CP048235.1,193786,1
CP048235.1,193972,1
CP048235.1,194454,2
CP048235.1,197477,1
CP048235.1,205526,1
CP048235.1,207068,3
CP048235.1,207072,3
CP048235.1,207107,1
CP048235.1,207113,1
CP048235.1,207120,2
CP048235.1,207141,3
CP048235.1,207327,1
CP048235.1,208328,1
CP048235.1,208335,1
CP048235.1,219065,2
CP048235.1,219072,1
CP048235.1,219635,1
CP048235.1,220562,1
CP048235.1,222370,1
CP048235.1,222827,1
CP048235.1,225945,3
CP048235.1,229945,1
CP048235.1,231353,1
CP048235.1,232682,1
CP048235.1,233928,2
CP048235.1,234101,1
CP048235.1,234497,1
CP048235.1,234805,1
CP048235.1,235715,4
CP048235.1,240454,1
CP048235.1,241291,2
CP048235.1,241361,1
CP048235.1,246683,1
CP048235.1,246925,1
CP048235.1,247003,1
CP048235.1,247211,1
CP048235.1,247247,2
CP048235.1,247284,1
CP048235.1,247336,2
CP048235.1,247340,3
CP048235.1,247347,1
CP048235.1,247386,1
CP048235.1,247476,1
CP048235.1,247527,1
CP048235.1,247690,1
CP048235.1,247816,1
CP048235.1,247826,1
CP048235.1,247903,1
CP048235.1,248896,1
CP048235.1,248913,2
CP048235.1,249794,1
CP048235.1,250273,1
CP048235.1,251494,2
CP048235.1,253656,2
CP048235.1,258387,2
CP048235.1,258398,1
CP048235.1,258462,4
CP048235.1,258575,2
CP048235.1,258635,2
CP048235.1,258723,1
CP048235.1,258779,1
CP048235.1,258813,1
CP048235.1,261289,1
CP048235.1,265191,1
CP048235.1,265350,2
CP048235.1,266486,1
CP048235.1,270069,1
CP048235.1,271700,1
CP048235.1,275214,1
CP048235.1,275851,1
CP048235.1,275971,1
CP048235.1,276003,1
CP048235.1,277417,1
CP048235.1,284748,1
CP048235.1,285726,1
CP048235.1,287301,1
CP048235.1,288259,1
CP048235.1,290261,1
CP048235.1,290630,2
CP048235.1,293887,1
CP048235.1,300392,2
CP048235.1,300421,1
CP048235.1,303085,2
CP048235.1,303092,1
CP048235.1,303114,2
CP048235.1,307516,1
CP048235.1,307544,2
CP048235.1,317783,1
CP048235.1,317873,1
CP048235.1,320613,2
CP048235.1,324907,3
CP048235.1,338971,2
CP048235.1,339740,2
CP048235.1,339826,1
CP048235.1,339833,2
CP048235.1,340180,1
CP048235.1,340205,1
CP048235.1,340541,1
CP048235.1,340612,1
CP048235.1,340643,1
CP048235.1,345529,1
CP048235.1,345915,1
CP048235.1,346001,3
CP048235.1,346008,1
CP048235.1,346022,1
CP048235.1,346316,1
CP048235.1,350249,2
CP048235.1,350352,1
CP048235.1,350359,1
CP048235.1,353552,1
CP048235.1,357231,1
CP048235.1,358253,1
CP048235.1,370442,2
CP048235.1,370449,1
CP048235.1,373926,1
CP048235.1,376857,1
CP048235.1,377249,1
CP048235.1,377279,1
CP048235.1,378817,2
CP048235.1,385440,1
CP048235.1,390091,1
CP048235.1,394896,1
CP048235.1,405352,1
CP048235.1,407131,2
CP048235.1,408393,1
CP048235.1,427785,1
CP048235.1,429396,2
CP048235.1,429959,2
CP048235.1,431388,2
CP048235.1,433437,3
CP048235.1,433444,1
CP048235.1,433645,2
CP048235.1,434909,1
CP048235.1,435671,1
CP048235.1,438952,3
CP048235.1,450739,1
CP048235.1,468230,4
CP048235.1,468914,1
CP048235.1,470634,1
CP048235.1,471033,4
CP048235.1,472449,1
CP048235.1,472573,1
CP048235.1,473208,1
CP048235.1,478221,1
CP048235.1,484936,1
CP048235.1,486196,1
CP048235.1,486701,1
CP048235.1,488643,2
CP048235.1,488730,1
CP048235.1,489072,1
CP048235.1,496282,2
CP048235.1,501870,1
CP048235.1,501946,2
CP048235.1,501964,1
CP048235.1,502072,3
CP048235.1,508753,2
CP048235.1,508835,1
CP048235.1,509038,2
CP048235.1,510665,1
CP048235.1,517022,2
CP048235.1,517314,1
CP048235.1,517991,1
CP048235.1,530233,1
CP048235.1,530390,2
CP048235.1,532089,3
CP048235.1,533708,1
CP048235.1,536415,1
CP048235.1,539586,1
CP048235.1,551413,1
CP048235.1,562261,1
CP048235.1,573073,1
CP048235.1,574461,1
CP048235.1,584070,1
CP048235.1,584431,1
CP048235.1,609437,1
CP048235.1,615407,2
CP048235.1,621983,1
CP048235.1,622196,1
CP048235.1,622605,1
CP048235.1,629548,1
CP048235.1,635700,2
CP048235.1,638545,2
CP048235.1,639586,1
CP048235.1,641990,1
CP048235.1,645559,1
CP048235.1,647175,1
CP048235.1,664667,2
CP048235.1,664823,2
CP048235.1,669279,3
CP048235.1,669982,1
CP048235.1,689770,1
CP048235.1,691080,1
CP048235.1,693023,1
CP048235.1,693873,1
CP048235.1,694062,1
CP048235.1,694855,1
CP048235.1,702102,1
CP048235.1,702379,2
CP048235.1,702818,2
CP048235.1,702892,1
CP048235.1,702966,1
CP048235.1,703031,1
CP048235.1,703434,1
CP048235.1,711402,2
CP048235.1,712724,2
CP048235.1,718474,2
CP048235.1,731911,1
CP048235.1,733530,1
CP048235.1,733840,2
CP048235.1,733933,1
CP048235.1,735704,1
CP048235.1,745472,2
CP048235.1,747370,1
CP048235.1,747383,1
CP048235.1,747407,2
CP048235.1,751443,1
CP048235.1,751743,1
CP048235.1,752077,1
CP048235.1,754412,1
CP048235.1,754550,1
CP048235.1,754933,1
CP048235.1,754945,1
CP048235.1,755098,1
CP048235.1,755223,1
CP048235.1,759665,1
CP048235.1,759701,1
CP048235.1,759708,3
CP048235.1,762356,1
CP048235.1,762505,1
CP048235.1,772999,1
CP048235.1,773006,1
CP048235.1,775654,1
CP048235.1,776081,1
CP048235.1,777353,2
CP048235.1,786724,1
CP048235.1,799506,1
CP048235.1,799936,2
CP048235.1,800250,1
CP048235.1,804195,2
CP048235.1,804649,1
CP048235.1,810591,1
CP048235.1,812129,1
CP048235.1,813346,1
CP048235.1,816714,1
CP048235.1,827014,1
CP048235.1,827121,1
CP048235.1,835363,1
CP048235.1,839824,1
CP048235.1,843620,1
CP048235.1,855820,1
CP048235.1,860175,1
CP048235.1,861124,1
CP048235.1,863080,1
CP048235.1,864814,1
CP048235.1,868734,1
CP048235.1,871982,1
CP048235.1,872211,1
CP048235.1,874420,1
CP048235.1,878805,1
CP048235.1,879316,2
CP048235.1,881763,1
CP048235.1,886017,2
CP048235.1,886085,1
CP048235.1,886118,1
CP048235.1,886147,2
CP048235.1,886209,3
CP048235.1,893576,1
CP048235.1,899829,1
CP048235.1,906883,2
CP048235.1,907084,1
CP048235.1,907856,1
CP048235.1,911895,1
CP048235.1,912810,1
CP048235.1,918228,1
CP048235.1,919392,1
CP048235.1,927430,1
CP048235.1,939433,1
CP048236.1,1591,2
CP048236.1,5175,1
CP048236.1,27197,2
CP048236.1,27671,2
CP048236.1,34825,1
CP048236.1,38388,3
CP048236.1,38522,1
CP048236.1,38529,1
CP048236.1,38867,1
CP048236.1,39000,1
CP048236.1,39293,1
CP048236.1,39349,1
CP048236.1,39510,3
CP048236.1,45716,3
CP048236.1,45799,1
CP048236.1,45886,2
CP048236.1,45927,2
CP048236.1,45950,1
CP048236.1,45981,1
CP048236.1,46186,1
CP048236.1,46378,2
CP048236.1,46418,1
CP048236.1,46424,1
CP048236.1,48134,1
CP048236.1,49209,1
CP048236.1,50160,1
CP048236.1,50533,1
CP048236.1,50732,1
CP048236.1,50791,4
CP048236.1,50987,1
CP048236.1,50994,2
CP048236.1,51001,1
CP048236.1,51003,1
CP048236.1,51088,2
CP048236.1,51202,1
CP048236.1,51499,4
CP048236.1,51516,1
CP048236.1,51848,2
CP048236.1,51852,2
CP048236.1,51855,2
CP048236.1,51859,1
CP048236.1,52023,2
CP048236.1,52077,1
CP048236.1,52087,1
CP048236.1,52208,4
CP048236.1,52338,2
CP048236.1,52344,2
CP048236.1,54324,1
CP048236.1,60791,1
CP048236.1,64624,1
CP048236.1,65373,1
CP048236.1,67620,1
CP048236.1,68383,1
CP048236.1,75119,1
CP048236.1,75148,1
CP048236.1,75179,1
CP048236.1,75224,1
CP048236.1,75231,2
CP048236.1,79728,3
CP048236.1,79732,1
CP048236.1,80006,3
CP048236.1,80010,1
CP048236.1,80046,1
CP048236.1,80079,1
CP048236.1,80294,1
CP048236.1,81085,1
CP048236.1,81637,1
CP048236.1,85250,1
CP048236.1,87204,2
CP048236.1,87931,1
CP048236.1,92856,1
CP048236.1,92892,1
CP048236.1,93566,1
CP048236.1,95605,1
CP048236.1,95923,1
CP048236.1,96118,2
CP048236.1,96181,2
CP048236.1,96448,2
CP048236.1,97214,2
CP048236.1,98094,1
CP048236.1,98158,1
CP048236.1,100054,1
CP048236.1,100148,2
CP048236.1,101170,2
CP048236.1,105224,2
CP048236.1,105226,1
CP048236.1,105503,2
CP048236.1,105515,2
CP048236.1,108862,1
CP048236.1,111260,1
CP048236.1,111445,1
CP048236.1,111809,1
CP048236.1,111816,1
CP048236.1,111886,1
CP048236.1,111914,3
CP048236.1,111970,1
CP048236.1,112034,1
CP048236.1,112041,1
CP048236.1,112068,2
CP048236.1,112136,1
CP048236.1,112167,2
CP048236.1,112281,3
CP048236.1,112285,2
CP048236.1,122027,2
CP048236.1,122541,2
CP048236.1,124442,1
CP048236.1,127290,2
CP048236.1,127309,1
CP048236.1,127407,1
CP048236.1,127424,1
CP048236.1,128474,1
CP048236.1,132749,2
CP048236.1,134580,1
CP048236.1,136367,1
CP048236.1,138083,1
CP048236.1,138739,1
CP048236.1,139382,1
CP048236.1,139653,1
CP048236.1,141596,1
CP048236.1,146209,1
CP048236.1,146608,1
CP048236.1,155132,1
CP048236.1,156087,1
CP048236.1,164807,1
CP048236.1,165084,1
CP048236.1,165093,1
CP048236.1,165785,1
CP048236.1,166158,1
CP048236.1,166245,1
CP048236.1,171413,2
CP048236.1,172300,1
CP048236.1,176410,2
CP048236.1,177088,3
CP048236.1,177134,2
CP048236.1,177141,1
CP048236.1,189477,1
CP048236.1,190766,1
CP048236.1,191092,1
CP048236.1,191236,2
CP048236.1,191261,1
CP048236.1,191279,1
CP048236.1,193368,2
CP048236.1,196372,1
CP048236.1,203057,1
CP048236.1,203320,3
CP048236.1,205251,2
CP048236.1,213057,1
CP048236.1,214747,1
CP048236.1,214749,1
CP048236.1,222795,1
CP048236.1,226354,1
CP048236.1,231748,1
CP048236.1,237133,1
CP048236.1,237190,4
CP048236.1,237333,1
CP048236.1,237653,4
CP048236.1,240026,1
CP048236.1,248187,1
CP048236.1,249247,1
CP048236.1,266978,1
CP048236.1,268322,1
CP048236.1,268701,1
CP048236.1,270230,1
CP048236.1,270675,1
CP048236.1,270740,1
CP048236.1,270877,2
CP048236.1,270905,2
CP048236.1,270924,1
CP048236.1,272045,1
CP048236.1,272155,1
CP048236.1,272187,1
CP048236.1,273293,1
CP048236.1,283491,1
CP048236.1,289073,2
CP048236.1,289159,1
CP048236.1,289939,1
CP048236.1,292414,1
CP048236.1,296090,2
CP048236.1,296341,3
CP048236.1,313876,1
CP048236.1,314001,1
CP048236.1,314020,1
CP048236.1,314077,1
CP048236.1,314085,2
CP048236.1,314483,1
CP048236.1,314636,1
CP048236.1,328665,1
CP048236.1,328825,1
CP048236.1,328872,1
CP048236.1,328907,1
CP048236.1,333264,1
CP048236.1,352032,1
CP048236.1,352113,1
CP048236.1,352203,3
CP048236.1,352204,1
CP048236.1,352476,1
CP048236.1,352672,2
CP048236.1,356224,1
CP048236.1,364639,2
CP048236.1,365262,1
CP048236.1,365386,2
CP048236.1,366502,1
CP048236.1,366799,3
CP048236.1,370273,1
CP048236.1,372593,1
CP048236.1,382470,2
CP048236.1,390672,1
CP048236.1,391208,2
CP048236.1,391210,1
CP048236.1,392552,1
CP048236.1,392856,3
CP048236.1,395055,1
CP048236.1,396044,1
CP048236.1,399344,2
CP048236.1,399412,1
CP048236.1,399414,1
CP048236.1,399580,1
CP048236.1,399972,1
CP048236.1,403876,1
CP048236.1,426628,1
CP048236.1,428735,1
CP048236.1,434778,1
CP048236.1,435231,1
CP048236.1,435348,1
CP048236.1,446889,2
CP048236.1,448797,3
CP048236.1,449190,1
CP048236.1,451198,1
CP048236.1,478649,1
CP048236.1,478656,1
CP048236.1,478773,2
CP048236.1,478796,1
CP048236.1,478803,3
CP048236.1,478809,1
CP048236.1,479999,3
CP048236.1,492793,2
CP048236.1,499870,2
CP048236.1,504271,1
CP048236.1,510648,2
CP048236.1,519064,1
CP048236.1,519132,2
CP048236.1,520773,1
CP048236.1,533934,1
CP048236.1,538583,1
CP048236.1,538756,1
CP048236.1,539601,1
CP048236.1,553913,1
CP048236.1,553947,1
CP048236.1,570483,3
CP048236.1,570490,1
CP048236.1,574783,1
CP048236.1,574850,1
CP048236.1,580384,1
CP048236.1,584777,2
CP048236.1,588746,1
CP048236.1,590845,2
CP048236.1,590905,1
CP048236.1,594792,1
CP048236.1,600829,1
CP048236.1,602943,1
CP048236.1,602965,1
CP048236.1,607660,2
CP048236.1,607667,1
CP048236.1,633424,1
CP048236.1,633789,1
CP048236.1,638168,1
CP048236.1,638279,1
CP048236.1,641630,1
CP048236.1,642023,1
CP048236.1,642437,1
CP048236.1,644897,1
CP048236.1,647777,1
CP048236.1,688159,1
CP048236.1,691522,1
CP048236.1,702284,2
CP048236.1,702868,1
CP048236.1,703945,4
CP048236.1,703993,1
CP048236.1,704081,3
CP048236.1,704123,1
CP048236.1,704411,1
CP048236.1,704416,1
CP048236.1,704585,1
CP048236.1,704591,1
CP048236.1,705069,1
CP048236.1,707833,1
CP048236.1,716842,1
CP048236.1,716872,2
CP048236.1,717046,2
CP048236.1,724016,1
CP048236.1,735922,1
CP048236.1,736006,2
CP048236.1,736010,1
CP048236.1,738939,1
CP048236.1,741150,1
CP048236.1,741246,2
CP048236.1,751676,2
CP048236.1,764860,1
CP048236.1,774522,1
CP048236.1,774617,1
CP048236.1,775865,2
CP048236.1,775874,1
CP048236.1,789508,1
CP048236.1,793151,1
CP048236.1,793242,1
CP048236.1,793243,1
CP048236.1,793869,1
CP048236.1,800626,1
CP048236.1,813216,1
CP048236.1,813226,1
CP048236.1,818998,1
CP048236.1,819660,1
CP048236.1,820064,1
CP048236.1,820469,2
CP048236.1,820733,1
CP048236.1,820740,2
CP048236.1,828305,2
CP048236.1,835334,2
CP048236.1,838318,1
CP048236.1,841339,3
CP048236.1,841518,1
CP048236.1,843105,2
CP048236.1,862348,1
CP048236.1,868058,1
CP048236.1,868708,1
CP048236.1,871638,3
CP048236.1,872438,1
CP048236.1,872602,1
CP048236.1,873107,1
CP048236.1,878614,1
CP048236.1,882751,1
CP048236.1,886658,1
CP048236.1,886793,1
CP048236.1,889081,1
CP048236.1,893127,1
CP048236.1,897664,2
CP048236.1,904460,2
CP048236.1,910668,1
CP048236.1,920379,1
CP048236.1,921204,1
CP048236.1,922420,3
CP048236.1,923976,2
CP048236.1,924426,1
CP048236.1,931702,1
CP048236.1,931710,1
CP048236.1,932016,1
CP048236.1,932303,1
CP048236.1,932657,1
CP048236.1,932777,1
CP048236.1,932949,1
CP048236.1,933424,2
CP048236.1,936729,2
CP048236.1,944386,2
CP048236.1,945681,3
CP048236.1,948215,1
CP048236.1,949953,1
CP048236.1,962658,1
CP048236.1,963942,2
CP048236.1,963979,2
CP048236.1,965626,1
CP048236.1,982881,1
CP048236.1,983643,1
CP048236.1,983780,1
CP048236.1,990280,1
CP048236.1,992258,2
CP048236.1,992830,1
CP048237.1,21842,1
CP048237.1,21883,1
CP048237.1,22343,1
CP048237.1,30426,1
CP048237.1,31120,2
CP048237.1,39432,1
CP048237.1,39467,1
CP048237.1,49447,1
CP048237.1,53542,1
CP048237.1,53681,1
CP048237.1,57399,1
CP048237.1,58441,1
CP048237.1,74592,1
CP048237.1,74599,1
CP048237.1,75232,1
CP048237.1,76882,1
CP048237.1,76888,2
CP048237.1,77019,1
CP048237.1,77258,2
CP048237.1,77397,1
CP048237.1,77413,1
CP048237.1,77812,1
CP048237.1,77962,2
CP048237.1,78342,1
CP048237.1,85655,2
CP048237.1,85728,1
CP048237.1,104070,2
CP048237.1,109414,1
CP048237.1,109902,1
CP048237.1,115478,2
CP048237.1,125834,1
CP048237.1,126750,1
CP048237.1,134455,1
CP048237.1,139873,2
CP048237.1,141125,1
CP048237.1,154208,2
CP048237.1,165361,2
CP048237.1,171506,1
CP048237.1,174402,1
CP048237.1,180408,2
CP048237.1,198061,1
CP048237.1,198440,2
CP048237.1,200979,1
CP048237.1,201726,1
CP048237.1,205055,1
CP048237.1,205900,2
CP048237.1,212998,2
CP048237.1,216299,1
CP048237.1,217702,1
CP048237.1,222753,2
CP048237.1,224113,1
CP048237.1,237754,1
CP048237.1,241316,1
CP048237.1,241402,1
CP048237.1,241823,1
CP048237.1,257489,1
CP048237.1,257520,1
CP048237.1,257851,4
CP048237.1,261247,1
CP048237.1,272793,1
CP048237.1,287228,2
CP048237.1,314071,1
CP048237.1,319794,1
CP048237.1,328293,1
CP048237.1,329452,1
CP048237.1,333488,1
CP048237.1,333539,1
CP048237.1,333814,3
CP048237.1,341482,1
CP048237.1,346731,1
CP048237.1,346750,1
CP048237.1,346771,1
CP048237.1,347065,1
CP048237.1,353425,2
CP048237.1,356199,1
CP048237.1,356278,1
CP048237.1,358763,3
CP048237.1,362372,1
CP048237.1,363076,1
CP048237.1,382247,1
CP048237.1,386030,1
CP048237.1,387175,3
CP048237.1,387733,1
CP048237.1,391477,1
CP048237.1,394068,1
CP048237.1,394704,2
CP048237.1,394960,1
CP048237.1,396064,1
CP048237.1,398793,1
CP048237.1,398926,1
CP048237.1,399172,2
CP048237.1,399195,2
CP048237.1,399324,1
CP048237.1,399329,1
CP048237.1,407475,1
CP048237.1,408219,1
CP048237.1,408271,2
CP048237.1,408698,3
CP048237.1,408741,2
CP048237.1,408868,1
CP048237.1,409082,1
CP048237.1,409259,1
CP048237.1,409724,1
CP048237.1,423858,1
CP048237.1,427568,1
CP048237.1,429861,1
CP048237.1,430410,1
CP048237.1,437405,1
CP048237.1,441745,1
CP048237.1,444391,3
CP048237.1,444542,1
CP048237.1,446856,3
CP048237.1,460531,1
CP048237.1,463143,1
CP048237.1,470315,1
CP048237.1,474907,1
CP048237.1,475860,1
CP048237.1,479216,1
CP048237.1,488822,1
CP048237.1,488829,1
CP048237.1,488878,1
CP048237.1,489049,1
CP048237.1,489234,2
CP048237.1,493333,1
CP048237.1,513607,2
CP048237.1,514367,1
CP048237.1,516407,2
CP048237.1,538082,1
CP048237.1,542054,1
CP048237.1,542552,4
CP048237.1,542560,1
CP048237.1,542701,4
CP048237.1,542784,2
CP048237.1,542934,2
CP048237.1,547535,1
CP048237.1,547598,3
CP048237.1,547601,1
CP048237.1,549876,1
CP048237.1,551701,2
CP048237.1,571508,1
CP048237.1,577262,1
CP048237.1,589274,1
CP048237.1,600536,3
CP048237.1,606836,1
CP048237.1,607120,1
CP048237.1,607142,1
CP048237.1,611074,1
CP048237.1,611083,1
CP048237.1,611213,2
CP048237.1,611581,1
CP048237.1,611627,4
CP048237.1,617797,1
CP048237.1,624192,1
CP048237.1,624732,6
CP048237.1,630637,1
CP048237.1,643308,1
CP048237.1,649304,2
CP048237.1,649492,1
CP048237.1,653747,1
CP048237.1,653795,1
CP048237.1,669929,2
CP048237.1,670900,2
CP048237.1,674319,1
CP048237.1,678965,1
CP048237.1,679353,1
CP048237.1,680703,1
CP048237.1,680773,1
CP048237.1,680899,1
CP048237.1,695170,7
CP048237.1,696059,2
CP048237.1,697820,1
CP048237.1,701741,1
CP048237.1,711954,1
CP048237.1,711996,1
CP048237.1,712056,3
CP048237.1,712141,1
CP048237.1,712196,1
CP048237.1,712284,2
CP048237.1,712343,1
CP048237.1,714252,1
CP048237.1,716186,1
CP048237.1,717076,1
CP048237.1,726990,1
CP048237.1,731933,1
CP048237.1,732735,1
CP048237.1,733189,1
CP048237.1,733336,1
CP048237.1,733754,1
CP048237.1,733844,1
CP048237.1,736660,1
CP048237.1,737246,1
CP048237.1,737384,1
CP048237.1,738391,1
CP048237.1,738640,1
CP048237.1,739022,1
CP048237.1,739406,1
CP048237.1,747422,1
CP048237.1,747844,1
CP048237.1,747881,1
CP048237.1,748039,1
CP048237.1,748097,1
CP048237.1,753572,1
CP048237.1,753666,1
CP048237.1,753673,2
CP048237.1,754025,1
CP048237.1,754043,1
CP048237.1,756102,1
CP048237.1,756189,1
CP048237.1,756196,3
CP048237.1,756287,1
CP048237.1,756414,1
CP048237.1,756484,2
CP048237.1,773127,1
CP048237.1,785373,1
CP048237.1,792933,1
CP048237.1,797703,1
CP048237.1,797710,3
CP048237.1,800935,1
CP048237.1,804226,1
CP048237.1,812785,1
CP048237.1,814223,1
CP048237.1,817978,1
CP048237.1,818000,1
CP048237.1,818049,2
CP048237.1,818054,2
CP048237.1,818096,1
CP048237.1,818674,1
CP048237.1,819004,4
CP048237.1,820647,1
CP048237.1,821145,1
CP048237.1,821760,1
CP048237.1,821767,1
CP048237.1,821806,1
CP048237.1,826052,1
CP048237.1,826200,1
CP048237.1,829783,1
CP048237.1,829831,1
CP048237.1,830135,1
CP048237.1,831342,1
CP048237.1,835572,1
CP048237.1,837296,1
CP048237.1,837942,1
CP048237.1,839485,1
CP048237.1,845940,2
CP048237.1,850182,1
CP048237.1,851134,2
CP048237.1,851929,1
CP048237.1,852170,1
CP048237.1,852333,1
CP048237.1,852491,1
CP048237.1,852519,1
CP048237.1,853642,2
CP048237.1,853861,1
CP048237.1,861983,1
CP048237.1,865924,1
CP048237.1,866251,1
CP048237.1,867009,1
CP048237.1,867507,2
CP048237.1,867578,1
CP048237.1,869714,3
CP048237.1,869831,1
CP048237.1,869921,1
CP048237.1,870109,1
CP048237.1,876596,1
CP048237.1,879153,2
CP048237.1,879323,1
CP048237.1,879534,1
CP048237.1,880017,2
CP048237.1,880356,1
CP048237.1,882827,1
CP048237.1,883618,2
CP048237.1,891492,1
CP048237.1,891628,2
CP048237.1,893521,1
CP048237.1,893582,1
CP048237.1,893598,2
CP048237.1,893604,1
CP048237.1,893638,1
CP048237.1,904230,5
CP048237.1,904930,1
CP048237.1,910178,2
CP048237.1,910899,2
CP048237.1,911810,1
CP048237.1,911868,1
CP048237.1,912006,2
CP048237.1,912108,1
CP048237.1,912114,2
CP048237.1,912253,1
CP048237.1,912381,4
CP048237.1,912384,3
CP048237.1,914423,1
CP048237.1,914477,1
CP048237.1,914551,1
CP048237.1,914891,1
CP048237.1,914924,2
CP048237.1,915228,1
CP048237.1,915591,7
CP048237.1,918132,1
CP048237.1,918139,2
CP048237.1,920372,2
CP048237.1,923928,1
CP048237.1,924077,1
CP048237.1,924484,1
CP048237.1,925294,1
CP048237.1,927018,1
CP048237.1,927491,1
CP048237.1,928476,1
CP048237.1,937163,1
CP048237.1,937483,1
CP048237.1,944063,1
CP048237.1,944233,1
CP048237.1,952771,1
CP048237.1,952792,1
CP048237.1,953175,1
CP048237.1,953182,2
CP048237.1,953375,1
CP048237.1,953466,5
CP048237.1,956932,1
CP048237.1,957291,4
CP048237.1,957448,1
CP048237.1,957517,2
CP048237.1,957555,1
CP048237.1,957562,1
CP048237.1,957722,1
CP048237.1,957819,1
CP048237.1,957939,1
CP048237.1,957996,1
CP048237.1,958045,2
CP048237.1,958052,2
CP048237.1,965630,1
CP048237.1,965682,1
CP048237.1,967555,1
CP048237.1,967644,1
CP048237.1,967648,1
CP048237.1,968667,1
CP048237.1,969890,1
CP048237.1,969897,1
CP048237.1,970916,2
CP048237.1,971342,2
CP048237.1,971344,1
CP048237.1,975248,10
CP048237.1,975255,2
CP048237.1,975447,1
CP048237.1,975495,2
CP048237.1,975508,2
CP048237.1,975738,1
CP048237.1,975748,3
CP048237.1,975760,2
CP048237.1,975851,1
CP048237.1,975884,1
CP048237.1,976539,2
CP048237.1,976907,1
CP048237.1,977655,2
CP048237.1,977808,3
CP048237.1,977862,4
CP048237.1,977907,15
CP048237.1,977912,1
CP048237.1,977981,2
CP048237.1,977993,2
CP048237.1,978008,4
CP048237.1,978049,1
CP048237.1,978078,1
CP048237.1,978179,6
CP048237.1,978186,6
CP048237.1,978337,1
CP048237.1,978344,2
CP048237.1,978577,3
CP048237.1,978584,1
CP048237.1,978740,1
CP048237.1,979491,1
CP048237.1,979750,2
CP048237.1,980753,3
CP048237.1,980909,1
CP048237.1,980950,1
CP048237.1,981070,1
CP048237.1,981082,2
CP048237.1,981102,3
CP048237.1,981307,2
CP048237.1,981308,1
CP048237.1,981314,1
CP048237.1,981315,1
CP048237.1,981345,1
CP048237.1,981347,1
CP048237.1,981351,4
CP048237.1,981352,2
CP048237.1,981354,1
CP048237.1,981456,1
CP048237.1,988282,1
CP048237.1,989260,1
CP048237.1,989536,2
CP048237.1,992011,1
CP048237.1,992030,1
CP048237.1,992327,1
CP048237.1,993242,2
CP048237.1,993715,1
CP048237.1,993813,1
CP048237.1,993814,3
CP048237.1,994037,1
CP048237.1,994087,1
CP048237.1,995208,1
CP048237.1,995210,1
CP048237.1,996655,2
CP048237.1,996662,1
CP048237.1,996733,1
CP048237.1,996808,1
CP048237.1,996833,1
CP048237.1,996840,2
CP048237.1,997052,1
CP048237.1,997066,1
CP048237.1,997092,1
CP048237.1,997099,2
CP048237.1,997112,2
CP048237.1,997135,1
CP048237.1,997210,1
CP048237.1,997288,1
CP048237.1,998372,1
CP048237.1,998391,1
CP048237.1,998434,1
CP048237.1,1003034,2
CP048237.1,1004934,2
CP048237.1,1005054,1
CP048237.1,1006321,1
CP048237.1,1018412,1
CP048237.1,1018752,1
CP048237.1,1020552,1
CP048237.1,1025353,1
CP048237.1,1025402,1
CP048237.1,1025450,2
CP048237.1,1025499,2
CP048237.1,1025546,3
CP048237.1,1025553,1
CP048237.1,1035999,1
CP048237.1,1042948,1
CP048237.1,1043149,1
CP048237.1,1043174,1
CP048237.1,1051028,1
CP048237.1,1051046,1
CP048237.1,1051432,1
CP048238.1,26343,1
CP048238.1,28149,1
CP048238.1,28748,3
CP048238.1,32924,2
CP048238.1,34134,2
CP048238.1,34660,2
CP048238.1,35371,2
CP048238.1,35950,1
CP048238.1,38060,1
CP048238.1,40959,1
CP048238.1,40995,1
CP048238.1,41181,1
CP048238.1,41251,3
CP048238.1,41261,2
CP048238.1,41439,1
CP048238.1,43286,1
CP048238.1,43356,1
CP048238.1,43606,1
CP048238.1,43662,2
CP048238.1,44098,1
CP048238.1,49926,1
CP048238.1,61855,3
CP048238.1,62036,1
CP048238.1,62552,1
CP048238.1,63583,1
CP048238.1,66333,1
CP048238.1,66434,1
CP048238.1,68485,2
CP048238.1,69457,2
CP048238.1,71155,1
CP048238.1,71266,1
CP048238.1,72435,1
CP048238.1,73840,1
CP048238.1,73900,1
CP048238.1,75173,1
CP048238.1,79781,1
CP048238.1,87909,1
CP048238.1,87977,1
CP048238.1,88125,1
CP048238.1,88215,1
CP048238.1,88616,2
CP048238.1,95206,1
CP048238.1,108217,1
CP048238.1,109183,1
CP048238.1,110742,1
CP048238.1,110898,3
CP048238.1,123128,3
CP048238.1,126966,1
CP048238.1,128492,1
CP048238.1,129836,1
CP048238.1,138103,1
CP048238.1,138167,1
CP048238.1,138282,2
CP048238.1,146730,2
CP048238.1,155643,1
CP048238.1,155805,2
CP048238.1,157285,5
CP048238.1,157321,3
CP048238.1,157417,1
CP048238.1,158441,1
CP048238.1,158922,1
CP048238.1,158929,3
CP048238.1,158994,1
CP048238.1,159053,1
CP048238.1,163874,1
CP048238.1,163941,1
CP048238.1,164194,1
CP048238.1,164736,3
CP048238.1,168564,1
CP048238.1,171058,1
CP048238.1,173301,1
CP048238.1,173330,1
CP048238.1,175757,1
CP048238.1,180741,1
CP048238.1,188822,2
CP048238.1,189525,2
CP048238.1,192218,1
CP048238.1,195251,1
CP048238.1,202725,1
CP048238.1,202813,1
CP048238.1,224168,2
CP048238.1,224493,1
CP048238.1,224500,2
CP048238.1,226510,1
CP048238.1,240880,2
CP048238.1,251090,1
CP048238.1,254148,1
CP048238.1,259902,1
CP048238.1,264739,1
CP048238.1,266523,1
CP048238.1,266568,1
CP048238.1,274259,1
CP048238.1,275758,1
CP048238.1,276129,1
CP048238.1,277011,1
CP048238.1,277080,1
CP048238.1,277082,1
CP048238.1,281448,1
CP048238.1,285101,2
CP048238.1,285654,3
CP048238.1,291748,1
CP048238.1,292651,1
CP048238.1,292700,1
CP048238.1,292852,1
CP048238.1,292962,1
CP048238.1,297394,1
CP048238.1,298141,1
CP048238.1,298859,2
CP048238.1,298866,2
CP048238.1,299124,1
CP048238.1,301869,1
CP048238.1,309198,1
CP048238.1,313558,2
CP048238.1,313597,1
CP048238.1,313661,1
CP048238.1,317340,1
CP048238.1,322252,1
CP048238.1,322259,3
CP048238.1,322341,1
CP048238.1,322582,3
CP048238.1,323086,1
CP048238.1,329470,1
CP048238.1,330906,1
CP048238.1,333690,1
CP048238.1,334070,1
CP048238.1,334213,1
CP048238.1,339623,1
CP048238.1,339628,1
CP048238.1,340254,1
CP048238.1,340450,1
CP048238.1,340931,1
CP048238.1,350526,4
CP048238.1,350533,7
CP048238.1,350585,2
CP048238.1,350601,1
CP048238.1,351367,1
CP048238.1,356626,2
CP048238.1,356730,2
CP048238.1,356737,1
CP048238.1,356836,4
CP048238.1,357128,1
CP048238.1,357134,1
CP048238.1,357136,2
CP048238.1,359139,1
CP048238.1,359242,1
CP048238.1,359466,1
CP048238.1,359472,2
CP048238.1,359749,1
CP048238.1,359753,1
CP048238.1,363249,1
CP048238.1,363251,1
CP048238.1,365001,2
CP048238.1,365047,1
CP048238.1,365073,1
CP048238.1,365108,1
CP048238.1,365174,1
CP048238.1,365518,1
CP048238.1,366458,1
CP048238.1,368006,1
CP048238.1,371853,2
CP048238.1,372620,1
CP048238.1,373553,1
CP048238.1,383036,2
CP048238.1,384581,1
CP048238.1,387180,2
CP048238.1,389212,2
CP048238.1,389614,1
CP048238.1,391358,1
CP048238.1,391433,1
CP048238.1,393577,1
CP048238.1,393780,1
CP048238.1,393786,1
CP048238.1,393999,1
CP048238.1,394574,1
CP048238.1,394780,1
CP048238.1,394822,1
CP048238.1,396501,1
CP048238.1,396869,2
CP048238.1,396912,1
CP048238.1,397520,2
CP048238.1,397668,1
CP048238.1,397687,1
CP048238.1,397762,1
CP048238.1,397875,1
CP048238.1,398383,3
CP048238.1,399220,1
CP048238.1,401176,1
CP048238.1,405052,1
CP048238.1,405138,1
CP048238.1,407462,3
CP048238.1,407544,1
CP048238.1,408856,3
CP048238.1,408863,1
CP048238.1,409066,1
CP048238.1,409081,1
CP048238.1,409115,1
CP048238.1,409172,2
CP048238.1,409179,2
CP048238.1,409200,3
CP048238.1,409227,1
CP048238.1,409247,1
CP048238.1,409252,1
CP048238.1,409253,1
CP048238.1,409259,2
CP048238.1,409288,1
CP048238.1,409417,1
CP048238.1,413154,2
CP048238.1,421937,4
CP048238.1,421944,3
CP048238.1,422477,1
CP048238.1,433792,1
CP048238.1,433807,1
CP048238.1,433849,2
CP048238.1,433870,2
CP048238.1,433878,1
CP048238.1,433940,1
CP048238.1,434015,2
CP048238.1,434024,2
CP048238.1,434041,1
CP048238.1,434079,2
CP048238.1,435057,1
CP048238.1,435839,1
CP048238.1,436330,1
CP048238.1,441949,1
CP048238.1,442979,1
CP048238.1,443954,1
CP048238.1,444747,1
CP048238.1,444945,1
CP048238.1,445025,1
CP048238.1,445047,1
CP048238.1,445056,1
CP048238.1,445098,1
CP048238.1,445615,1
CP048238.1,446233,1
CP048238.1,446240,2
CP048238.1,446280,1
CP048238.1,446335,2
CP048238.1,446438,1
CP048238.1,447332,2
CP048238.1,447716,2
CP048238.1,448831,1
CP048238.1,449030,1
CP048238.1,449035,2
CP048238.1,452697,1
CP048238.1,455964,3
CP048238.1,456318,1
CP048238.1,457247,1
CP048238.1,459746,1
CP048238.1,468613,1
CP048238.1,470518,1
CP048238.1,473922,1
CP048238.1,475195,1
CP048238.1,475864,1
CP048238.1,482732,1
CP048238.1,484957,1
CP048238.1,485323,2
CP048238.1,486091,1
CP048238.1,495770,1
CP048238.1,496938,2
CP048238.1,497318,1
CP048238.1,499565,1
CP048238.1,499734,1
CP048238.1,528719,4
CP048238.1,530091,1
CP048238.1,531477,2
CP048238.1,531863,1
CP048238.1,533728,1
CP048238.1,536065,1
CP048238.1,541864,1
CP048238.1,542123,1
CP048238.1,542408,1
CP048238.1,542596,1
CP048238.1,542926,2
CP048238.1,545809,3
CP048238.1,559597,3
CP048238.1,559604,3
CP048238.1,562152,1
CP048238.1,564160,1
CP048238.1,565021,2
CP048238.1,568691,1
CP048238.1,570518,1
CP048238.1,570524,1
CP048238.1,570643,1
CP048238.1,570975,1
CP048238.1,570997,1
CP048238.1,571007,1
CP048238.1,571032,2
CP048238.1,590403,1
CP048238.1,594769,1
CP048238.1,601769,1
CP048238.1,602341,1
CP048238.1,602790,1
CP048238.1,648846,1
CP048238.1,660576,1
CP048238.1,661980,1
CP048238.1,672624,2
CP048238.1,672694,1
CP048238.1,674116,1
CP048238.1,674467,1
CP048238.1,683920,1
CP048238.1,683967,1
CP048238.1,685777,3
CP048238.1,685810,1
CP048238.1,686473,2
CP048238.1,686529,1
CP048238.1,686535,1
CP048238.1,686912,1
CP048238.1,686931,1
CP048238.1,687547,1
CP048238.1,700445,1
CP048238.1,703519,2
CP048238.1,706429,2
CP048238.1,708378,1
CP048238.1,708400,2
CP048238.1,708697,1
CP048238.1,708731,1
CP048238.1,708756,1
CP048238.1,710696,1
CP048238.1,714241,1
CP048238.1,714449,1
CP048238.1,715195,1
CP048238.1,715229,1
CP048238.1,718884,1
CP048238.1,721220,1
CP048238.1,727095,2
CP048238.1,730731,2
CP048238.1,730738,1
CP048238.1,730882,1
CP048239.1,28755,1
CP048239.1,30166,1
CP048239.1,35281,1
CP048239.1,36749,1
CP048239.1,38022,1
CP048239.1,38518,1
CP048239.1,40296,1
CP048239.1,44715,1
CP048239.1,48377,2
CP048239.1,50816,1
CP048239.1,50879,2
CP048239.1,50902,2
CP048239.1,50909,1
CP048239.1,50942,1
CP048239.1,50991,2
CP048239.1,51394,1
CP048239.1,51403,1
CP048239.1,51772,1
CP048239.1,55026,2
CP048239.1,55553,2
CP048239.1,55877,1
CP048239.1,58937,1
CP048239.1,60243,1
CP048239.1,60598,2
CP048239.1,63944,1
CP048239.1,64035,1
CP048239.1,64204,1
CP048239.1,67383,2
CP048239.1,67387,1
CP048239.1,70476,1
CP048239.1,84714,1
CP048239.1,86860,1
CP048239.1,86958,2
CP048239.1,86965,2
CP048239.1,91658,1
CP048239.1,91663,1
CP048239.1,107608,5
CP048239.1,108873,2
CP048239.1,109091,2
CP048239.1,109131,1
CP048239.1,109145,1
CP048239.1,109229,2
CP048239.1,115298,1
CP048239.1,116057,2
CP048239.1,117553,2
CP048239.1,126527,1
CP048239.1,127393,2
CP048239.1,128223,1
CP048239.1,135617,2
CP048239.1,145097,1
CP048239.1,147119,1
CP048239.1,147795,1
CP048239.1,149140,2
CP048239.1,151598,1
CP048239.1,152166,1
CP048239.1,153161,2
CP048239.1,153253,1
CP048239.1,153513,2
CP048239.1,155422,3
CP048239.1,155593,1
CP048239.1,155676,2
CP048239.1,155902,1
CP048239.1,156093,1
CP048239.1,163554,2
CP048239.1,164086,1
CP048239.1,164111,1
CP048239.1,168613,1
CP048239.1,171070,1
CP048239.1,171555,1
CP048239.1,171809,2
CP048239.1,171812,1
CP048239.1,173287,1
CP048239.1,173655,1
CP048239.1,174439,1
CP048239.1,176454,2
CP048239.1,176638,2
CP048239.1,176952,1
CP048239.1,179179,1
CP048239.1,181326,1
CP048239.1,182574,1
CP048239.1,182999,2
CP048239.1,183089,1
CP048239.1,183215,1
CP048239.1,183240,2
CP048239.1,183249,5
CP048239.1,183373,3
CP048239.1,183679,1
CP048239.1,188965,1
CP048239.1,193360,1
CP048239.1,194950,2
CP048239.1,199763,2
CP048239.1,205448,1
CP048239.1,205462,1
CP048239.1,206236,1
CP048239.1,206363,1
CP048239.1,206655,1
CP048239.1,208949,1
CP048239.1,212922,1
CP048239.1,214705,1
CP048239.1,215777,2
CP048239.1,216323,1
CP048239.1,217711,3
CP048239.1,218086,1
CP048239.1,218093,2
CP048239.1,221439,1
CP048239.1,221905,1
CP048239.1,221987,2
CP048239.1,221994,1
CP048239.1,222070,1
CP048239.1,227762,2
CP048239.1,228423,1
CP048239.1,228430,1
CP048239.1,228531,1
CP048239.1,228538,1
CP048239.1,230911,1
CP048239.1,230979,1
CP048239.1,231098,2
CP048239.1,231885,1
CP048239.1,233074,1
CP048239.1,236179,1
CP048239.1,236208,1
CP048239.1,236365,1
CP048239.1,236809,1
CP048239.1,236879,1
CP048239.1,236886,1
CP048239.1,236890,1
CP048239.1,236897,1
CP048239.1,238554,1
CP048239.1,238999,2
CP048239.1,239771,1
CP048239.1,239775,1
CP048239.1,239780,1
CP048239.1,239813,5
CP048239.1,239820,3
CP048239.1,239850,1
CP048239.1,239857,1
CP048239.1,239866,1
CP048239.1,239901,7
CP048239.1,239908,2
CP048239.1,239940,9
CP048239.1,239946,1
CP048239.1,239947,5
CP048239.1,239997,3
CP048239.1,240014,2
CP048239.1,240028,1
CP048239.1,240110,1
CP048239.1,243202,2
CP048239.1,243366,1
CP048239.1,243367,1
CP048239.1,243373,1
CP048239.1,243426,2
CP048239.1,243442,1
CP048239.1,243545,1
CP048239.1,243693,1
CP048239.1,244011,2
CP048239.1,248187,1
CP048239.1,248420,1
CP048239.1,250988,2
CP048239.1,251348,1
CP048239.1,251488,1
CP048239.1,253861,4
CP048239.1,253868,4
CP048239.1,253924,1
CP048239.1,261555,1
CP048239.1,263236,1
CP048239.1,265612,1
CP048239.1,267141,1
CP048239.1,271353,1
CP048239.1,271606,1
CP048239.1,275600,2
CP048239.1,275953,1
CP048239.1,276080,1
CP048239.1,276772,1
CP048239.1,277050,1
CP048239.1,280132,1
CP048239.1,280137,1
CP048239.1,280690,1
CP048239.1,282073,2
CP048239.1,296020,7
CP048239.1,296027,1
CP048239.1,296354,1
CP048239.1,296428,1
CP048239.1,296435,3
CP048239.1,296486,1
CP048239.1,297811,1
CP048239.1,303584,1
CP048239.1,303664,1
CP048239.1,303697,1
CP048239.1,305598,4
CP048239.1,305605,1
CP048239.1,305677,1
CP048239.1,305705,2
CP048239.1,307216,2
CP048239.1,307407,1
CP048239.1,307984,1
CP048239.1,314479,1
CP048239.1,316736,3
CP048239.1,317740,2
CP048239.1,320431,4
CP048239.1,323791,1
CP048239.1,331092,1
CP048239.1,331164,1
CP048239.1,331193,1
CP048239.1,331200,1
CP048239.1,331802,1
CP048239.1,336786,2
CP048239.1,340358,2
CP048239.1,344766,2
CP048239.1,351156,1
CP048239.1,351333,2
CP048239.1,351341,1
CP048239.1,359870,1
CP048239.1,370400,1
CP048239.1,379388,2
CP048239.1,383140,1
CP048239.1,385174,3
CP048239.1,385244,1
CP048239.1,389324,1
CP048239.1,389568,2
CP048239.1,393192,1
CP048239.1,393283,2
CP048239.1,398905,1
CP048239.1,401229,1
CP048239.1,404741,4
CP048239.1,404769,2
CP048239.1,409578,1
CP048239.1,409801,1
CP048239.1,412496,1
CP048239.1,412525,1
CP048239.1,412532,4
CP048239.1,412612,1
CP048239.1,419354,1
CP048239.1,421265,2
CP048239.1,426874,1
CP048239.1,441069,1
CP048239.1,444821,1
CP048239.1,446012,1
CP048239.1,446336,1
CP048239.1,446812,2
CP048239.1,455765,1
CP048239.1,460379,1
CP048239.1,486689,1
CP048239.1,486754,2
CP048239.1,486903,1
CP048239.1,496556,2
CP048239.1,503605,1
CP048239.1,505310,1
CP048239.1,505926,1
CP048239.1,510702,1
CP048239.1,512590,1
CP048239.1,534530,1
CP048239.1,548964,1
CP048239.1,596388,2
CP048239.1,596853,2
CP048239.1,598355,2
CP048239.1,598482,1
CP048239.1,602859,1
CP048239.1,602912,1
CP048239.1,609694,2
CP048239.1,613579,1
CP048239.1,624111,1
CP048239.1,624299,1
CP048239.1,624304,1
CP048239.1,625938,1
CP048239.1,625955,2
CP048239.1,642460,1
CP048239.1,645008,1
CP048239.1,649146,1
CP048239.1,649280,1
CP048239.1,651170,2
CP048239.1,661830,1
CP048239.1,678778,1
CP048239.1,680048,1
CP048239.1,683920,1
CP048239.1,688521,2
CP048239.1,689630,1
CP048239.1,689715,1
CP048239.1,697067,2
CP048239.1,700411,1
CP048239.1,704458,1
CP048239.1,720902,1
CP048239.1,724131,1
CP048239.1,727785,1
CP048239.1,742870,1
CP048239.1,743297,1
CP048239.1,751568,1
CP048239.1,767185,1
CP048239.1,770746,1
CP048239.1,776763,1
CP048239.1,776932,1
CP048239.1,780685,3
CP048239.1,811673,1
CP048239.1,819196,1
CP048239.1,849408,1
CP048239.1,866049,1
CP048239.1,869177,1
CP048239.1,879603,1
CP048239.1,893776,1
CP048239.1,893999,1
CP048239.1,911234,1
CP048239.1,941849,2
CP048239.1,942350,1
CP048239.1,942469,1
CP048239.1,942616,1
CP048239.1,946190,1
CP048239.1,947281,1
CP048239.1,947790,1
CP048239.1,953260,2
CP048239.1,955110,2
CP048239.1,956567,1
CP048239.1,959124,1
CP048239.1,965886,1
CP048239.1,966021,7
CP048239.1,967482,1
CP048239.1,983706,1
CP048239.1,983755,1
CP048239.1,991970,1
CP048239.1,993885,2
CP048239.1,994083,5
CP048239.1,994085,1
CP048239.1,994142,3
CP048239.1,1008967,1
CP048239.1,1009304,1
CP048239.1,1012884,2
CP048239.1,1015036,1
CP048239.1,1015553,3
CP048239.1,1016114,1
CP048239.1,1020559,1
CP048239.1,1029835,2
CP048239.1,1039614,1
CP048239.1,1046788,1
CP048239.1,1050728,1
CP048239.1,1050941,1
CP048239.1,1055264,1
CP048239.1,1063225,1
CP048239.1,1068110,1
CP048239.1,1111890,1
CP048239.1,1112831,1
CP048239.1,1124091,1
CP048239.1,1124403,2
CP048239.1,1128075,1
CP048239.1,1128669,1
CP048239.1,1128697,2
CP048239.1,1133993,1
CP048239.1,1134374,2
CP048239.1,1146548,1
CP048239.1,1147106,1
CP048239.1,1147113,1
CP048239.1,1152468,1
CP048239.1,1162209,1
CP048239.1,1175674,1
CP048239.1,1178550,2
CP048239.1,1178944,1
CP048239.1,1186564,1
CP048239.1,1189297,2
CP048239.1,1190179,1
CP048239.1,1198445,1
CP048239.1,1201589,1
CP048239.1,1210203,1
CP048239.1,1211471,2
CP048239.1,1211637,1
CP048239.1,1218973,1
CP048239.1,1240898,1
CP048240.1,28491,1
CP048240.1,29379,3
CP048240.1,29894,1
CP048240.1,32464,1
CP048240.1,33440,1
CP048240.1,33484,1
CP048240.1,33632,1
CP048240.1,33702,1
CP048240.1,33951,2
CP048240.1,41438,1
CP048240.1,42434,1
CP048240.1,43368,1
CP048240.1,43609,3
CP048240.1,47517,1
CP048240.1,51962,2
CP048240.1,66250,1
CP048240.1,66257,1
CP048240.1,67376,2
CP048240.1,68167,1
CP048240.1,68467,1
CP048240.1,70994,2
CP048240.1,73808,1
CP048240.1,73866,3
CP048240.1,73920,1
CP048240.1,74049,1
CP048240.1,74807,2
CP048240.1,79304,2
CP048240.1,87383,1
CP048240.1,91253,1
CP048240.1,93309,1
CP048240.1,94622,1
CP048240.1,100464,1
CP048240.1,110698,1
CP048240.1,110710,2
CP048240.1,111794,1
CP048240.1,111801,1
CP048240.1,114339,1
CP048240.1,116227,1
CP048240.1,120310,1
CP048240.1,121428,2
CP048240.1,149448,2
CP048240.1,149504,1
CP048240.1,149511,2
CP048240.1,149575,1
CP048240.1,149582,2
CP048240.1,149692,2
CP048240.1,149872,1
CP048240.1,149879,1
CP048240.1,149920,1
CP048240.1,150276,1
CP048240.1,150425,1
CP048240.1,151785,1
CP048240.1,155369,1
CP048240.1,159230,1
CP048240.1,161711,1
CP048240.1,162404,1
CP048240.1,167187,1
CP048240.1,167589,1
CP048240.1,169987,2
CP048240.1,172240,1
CP048240.1,173712,2
CP048240.1,176010,1
CP048240.1,178273,1
CP048240.1,178319,3
CP048240.1,181591,1
CP048240.1,181775,1
CP048240.1,182371,1
CP048240.1,190142,2
CP048240.1,190149,2
CP048240.1,190188,1
CP048240.1,190510,1
CP048240.1,190611,1
CP048240.1,190633,1
CP048240.1,191625,1
CP048240.1,191670,1
CP048240.1,196720,1
CP048240.1,203186,1
CP048240.1,209187,4
CP048240.1,213200,1
CP048240.1,216535,1
CP048240.1,219618,5
CP048240.1,227739,1
CP048240.1,229055,1
CP048240.1,229136,2
CP048240.1,231668,1
CP048240.1,235217,1
CP048240.1,235284,1
CP048240.1,235600,1
CP048240.1,238156,2
CP048240.1,238493,2
CP048240.1,240931,1
CP048240.1,241118,1
CP048240.1,241119,1
CP048240.1,241227,1
CP048240.1,241229,1
CP048240.1,241237,1
CP048240.1,241387,2
CP048240.1,241471,1
CP048240.1,241852,2
CP048240.1,241883,1
CP048240.1,241934,1
CP048240.1,241941,1
CP048240.1,242548,1
CP048240.1,244711,1
CP048240.1,245189,2
CP048240.1,245766,1
CP048240.1,245906,2
CP048240.1,245913,2
CP048240.1,246127,1
CP048240.1,246896,1
CP048240.1,250163,1
CP048240.1,250274,2
CP048240.1,250285,1
CP048240.1,250354,1
CP048240.1,250367,2
CP048240.1,250751,1
CP048240.1,254796,1
CP048240.1,254820,1
CP048240.1,255049,1
CP048240.1,255055,1
CP048240.1,255166,2
CP048240.1,255222,4
CP048240.1,255282,1
CP048240.1,255293,2
CP048240.1,256008,2
CP048240.1,256958,1
CP048240.1,258601,1
CP048240.1,260285,1
CP048240.1,261919,2
CP048240.1,263310,1
CP048240.1,263317,4
CP048240.1,263552,1
CP048240.1,264290,1
CP048240.1,265121,1
CP048240.1,265270,1
CP048240.1,265272,1
CP048240.1,265285,1
CP048240.1,265379,1
CP048240.1,265388,1
CP048240.1,268299,2
CP048240.1,268370,1
CP048240.1,271172,2
CP048240.1,272130,1
CP048240.1,273143,1
CP048240.1,273361,1
CP048240.1,275194,1
CP048240.1,275680,2
CP048240.1,276414,1
CP048240.1,276520,1
CP048240.1,276554,1
CP048240.1,276668,1
CP048240.1,276977,1
CP048240.1,277024,1
CP048240.1,279091,1
CP048240.1,279098,1
CP048240.1,279234,2
CP048240.1,279375,2
CP048240.1,279507,1
CP048240.1,279849,1
CP048240.1,280346,2
CP048240.1,280382,1
CP048240.1,281008,1
CP048240.1,281560,1
CP048240.1,283123,2
CP048240.1,283157,1
CP048240.1,285603,1
CP048240.1,287694,1
CP048240.1,287747,1
CP048240.1,288094,1
CP048240.1,288193,3
CP048240.1,288268,1
CP048240.1,288287,1
CP048240.1,288551,1
CP048240.1,288602,1
CP048240.1,289126,1
CP048240.1,289333,1
CP048240.1,289638,1
CP048240.1,291420,1
CP048240.1,291629,2
CP048240.1,291635,1
CP048240.1,292055,2
CP048240.1,292062,2
CP048240.1,292076,1
CP048240.1,292110,1
CP048240.1,292113,2
CP048240.1,292229,1
CP048240.1,292235,2
CP048240.1,292422,1
CP048240.1,293208,1
CP048240.1,294470,1
CP048240.1,294476,1
CP048240.1,295139,1
CP048240.1,295956,1
CP048240.1,296001,2
CP048240.1,296147,1
CP048240.1,296685,1
CP048240.1,303487,1
CP048240.1,304402,1
CP048240.1,305192,2
CP048240.1,308847,1
CP048240.1,316098,1
CP048240.1,316127,1
CP048240.1,319428,1
CP048240.1,319560,1
CP048240.1,319571,1
CP048240.1,320017,1
CP048240.1,321761,2
CP048240.1,322461,1
CP048240.1,322526,1
CP048240.1,324084,2
CP048240.1,324256,1
CP048240.1,324286,3
CP048240.1,324345,1
CP048240.1,324686,1
CP048240.1,324692,2
CP048240.1,324737,1
CP048240.1,324739,1
CP048240.1,324960,1
CP048240.1,324998,2
CP048240.1,325331,1
CP048240.1,328195,1
CP048240.1,335812,1
CP048240.1,335815,1
CP048240.1,335968,1
CP048240.1,335985,2
CP048240.1,336220,1
CP048240.1,345902,1
CP048240.1,345977,1
CP048240.1,345984,1
CP048240.1,346083,1
CP048240.1,347971,1
CP048240.1,374544,1
CP048240.1,375702,1
CP048240.1,375785,1
CP048240.1,377007,1
CP048240.1,377019,1
CP048240.1,377021,1
CP048240.1,377065,1
CP048240.1,377072,1
CP048240.1,377904,1
CP048240.1,378460,1
CP048240.1,380375,1
CP048240.1,388585,1
CP048240.1,388843,1
CP048240.1,389329,1
CP048240.1,390817,1
CP048240.1,394201,1
CP048240.1,395381,1
CP048240.1,396038,1
CP048240.1,396566,1
CP048240.1,400289,1
CP048240.1,400564,2
CP048240.1,401008,1
CP048240.1,402448,4
CP048240.1,402564,1
CP048240.1,402916,1
CP048240.1,407771,1
CP048240.1,407794,1
CP048240.1,409616,1
CP048240.1,416260,1
CP048240.1,417679,1
CP048240.1,425583,1
CP048240.1,425590,1
CP048240.1,429370,1
CP048240.1,429533,1
CP048240.1,429557,1
CP048240.1,429727,1
CP048240.1,435913,1
CP048240.1,435955,1
CP048240.1,436112,2
CP048240.1,436777,1
CP048240.1,447237,1
CP048240.1,450168,1
CP048240.1,451405,1
CP048240.1,451563,2
CP048240.1,454046,4
CP048240.1,463229,1
CP048240.1,472123,2
CP048240.1,478111,1
CP048240.1,480416,1
CP048240.1,480498,1
CP048240.1,480592,3
CP048240.1,488551,2
CP048240.1,499653,1
CP048240.1,499658,1
CP048240.1,500567,1
CP048240.1,500737,2
CP048240.1,505299,2
CP048240.1,505662,1
CP048240.1,514751,1
CP048240.1,515034,2
CP048240.1,529683,1
CP048240.1,529785,1
CP048240.1,532882,2
CP048240.1,538463,1
CP048240.1,560597,2
CP048240.1,566045,1
CP048240.1,566052,2
CP048240.1,566054,1
CP048240.1,566428,1
CP048240.1,567771,2
CP048240.1,569001,4
CP048240.1,569507,1
CP048240.1,573454,1
CP048240.1,574912,3
CP048240.1,575479,1
CP048240.1,577903,2
CP048240.1,577910,2
CP048240.1,579879,1
CP048240.1,588298,1
CP048240.1,589085,1
CP048240.1,589431,1
CP048240.1,597108,1
CP048240.1,599821,2
CP048240.1,610708,2
CP048240.1,616403,1
CP048240.1,649415,1
CP048240.1,655462,1
CP048240.1,677610,1
CP048240.1,689790,1
CP048240.1,689791,1
CP048240.1,689838,1
CP048240.1,708242,1
CP048240.1,714347,1
CP048240.1,714519,1
CP048240.1,714713,1
CP048240.1,714720,2
CP048240.1,725938,1
CP048240.1,726661,1
CP048240.1,726850,1
CP048240.1,729040,2
CP048240.1,729509,3
CP048240.1,729607,1
CP048240.1,734175,1
CP048240.1,734301,1
CP048240.1,734686,1
CP048240.1,734693,1
CP048240.1,734720,1
CP048240.1,740977,1
CP048240.1,742027,1
CP048240.1,742678,1
CP048240.1,748127,1
CP048240.1,762315,1
CP048240.1,763987,1
CP048240.1,770812,1
CP048240.1,774830,1
CP048240.1,774837,1
CP048240.1,775650,1
CP048240.1,776836,1
CP048240.1,798152,1
CP048240.1,798300,1
CP048240.1,818964,2
CP048240.1,819029,1
CP048240.1,829752,2
CP048240.1,844276,1
CP048240.1,852149,1
CP048240.1,865075,1
CP048240.1,865312,2
CP048240.1,865580,4
CP048240.1,865750,1
CP048240.1,866907,1
CP048240.1,877554,2
CP048240.1,878231,1
CP048240.1,878317,1
CP048240.1,880593,2
CP048240.1,881529,1
CP048240.1,884894,1
CP048240.1,885173,3
CP048240.1,885972,1
CP048240.1,889968,1
CP048240.1,892192,3
CP048240.1,912480,2
CP048240.1,914551,1
CP048240.1,914829,1
CP048240.1,919141,1
CP048240.1,920053,1
CP048240.1,924024,1
CP048240.1,929847,1
CP048240.1,930837,1
CP048240.1,932887,1
CP048240.1,932928,1
CP048240.1,933586,2
CP048240.1,940716,1
CP048240.1,943027,1
CP048240.1,954593,1
CP048240.1,970360,1
CP048240.1,975708,2
CP048240.1,980058,3
CP048240.1,996697,1
CP048240.1,997018,1
CP048240.1,998196,1
CP048240.1,1002236,1
CP048240.1,1009824,1
CP048240.1,1023538,1
CP048240.1,1037009,1
CP048240.1,1037016,1
CP048240.1,1040912,1
CP048240.1,1044673,1
CP048240.1,1045343,1
CP048240.1,1054377,1
CP048240.1,1065705,2
CP048240.1,1067714,1
CP048240.1,1070382,1
CP048240.1,1070744,1
CP048240.1,1074919,1
CP048240.1,1076405,1
CP048240.1,1076810,1
CP048240.1,1076812,1
CP048240.1,1099705,1
CP048240.1,1099761,2
CP048240.1,1103047,1
CP048240.1,1117231,2
CP048240.1,1117376,1
CP048240.1,1117389,1
CP048240.1,1119162,1
CP048240.1,1127172,1
CP048240.1,1129403,1
CP048240.1,1129431,1
CP048240.1,1129447,1
CP048240.1,1129462,1
CP048240.1,1130925,1
CP048240.1,1133378,2
CP048240.1,1135704,1
CP048240.1,1135753,2
CP048240.1,1137939,1
CP048240.1,1151281,1
CP048240.1,1152154,1
CP048240.1,1152537,1
CP048240.1,1157232,1
CP048240.1,1157463,1
CP048240.1,1157549,1
CP048240.1,1157882,3
CP048240.1,1161338,1
CP048240.1,1171936,3
CP048240.1,1171965,1
CP048240.1,1172348,2
CP048240.1,1172912,2
CP048240.1,1177978,1
CP048240.1,1180737,1
CP048240.1,1181076,1
CP048240.1,1181494,1
CP048240.1,1188488,1
CP048240.1,1197418,2
CP048240.1,1200134,1
CP048240.1,1211713,1
CP048240.1,1211720,1
CP048240.1,1221352,1
CP048240.1,1224801,2
CP048240.1,1229779,1
CP048240.1,1240526,2
CP048240.1,1240837,1
CP048240.1,1257234,1
CP048240.1,1260524,1
CP048240.1,1260703,1
CP048240.1,1260741,1
CP048240.1,1260749,1
CP048240.1,1261104,1
CP048240.1,1261118,1
CP048240.1,1261587,2
CP048240.1,1263018,1
CP048240.1,1263218,1
CP048240.1,1263453,1
CP048240.1,1267516,1
CP048240.1,1270614,1
CP048240.1,1276159,1
CP048240.1,1276163,2
CP048240.1,1277741,1
CP048240.1,1280169,2
CP048240.1,1292763,1
CP048240.1,1293327,1
CP048240.1,1293560,1
CP048240.1,1293903,2
CP048241.1,10107,1
CP048241.1,24562,1
CP048241.1,28722,1
CP048241.1,36773,1
CP048241.1,37178,1
CP048241.1,37645,1
CP048241.1,39251,2
CP048241.1,43434,1
CP048241.1,43492,1
CP048241.1,43753,1
CP048241.1,44112,1
CP048241.1,53895,3
CP048241.1,54103,1
CP048241.1,54373,2
CP048241.1,63883,1
CP048241.1,64993,1
CP048241.1,70578,2
CP048241.1,71766,1
CP048241.1,71773,2
CP048241.1,74222,4
CP048241.1,76311,1
CP048241.1,76318,2
CP048241.1,91038,1
CP048241.1,91112,2
CP048241.1,95064,1
CP048241.1,96945,1
CP048241.1,97003,1
CP048241.1,97032,1
CP048241.1,109776,2
CP048241.1,112728,5
CP048241.1,112858,1
CP048241.1,113047,2
CP048241.1,113339,1
CP048241.1,115464,1
CP048241.1,116126,1
CP048241.1,116441,1
CP048241.1,116462,1
CP048241.1,120821,1
CP048241.1,120902,2
CP048241.1,123542,1
CP048241.1,123642,1
CP048241.1,146670,2
CP048241.1,146878,1
CP048241.1,147088,2
CP048241.1,151655,1
CP048241.1,155003,2
CP048241.1,155010,2
CP048241.1,155117,1
CP048241.1,155195,1
CP048241.1,159652,2
CP048241.1,159860,1
CP048241.1,160007,1
CP048241.1,167080,1
CP048241.1,167136,1
CP048241.1,177680,1
CP048241.1,185624,2
CP048241.1,188027,1
CP048241.1,188469,1
CP048241.1,212373,1
CP048241.1,214764,2
CP048241.1,223221,1
CP048241.1,223308,1
CP048241.1,223430,1
CP048241.1,223507,1
CP048241.1,223509,1
CP048241.1,223879,1
CP048241.1,224082,1
CP048241.1,226168,1
CP048241.1,226853,1
CP048241.1,226994,2
CP048241.1,227181,1
CP048241.1,229733,1
CP048241.1,234060,1
CP048241.1,242117,1
CP048241.1,255745,1
CP048241.1,256684,2
CP048241.1,259214,2
CP048241.1,275821,2
CP048241.1,275886,2
CP048241.1,282173,1
CP048241.1,286742,1
CP048241.1,288678,2
CP048241.1,289333,2
CP048241.1,289420,1
CP048241.1,292748,2
CP048241.1,297944,3
CP048241.1,298007,2
CP048241.1,314392,1
CP048241.1,323813,1
CP048241.1,335838,1
CP048241.1,337668,2
CP048241.1,337955,1
CP048241.1,346798,1
CP048241.1,352183,2
CP048241.1,353716,1
CP048241.1,353914,1
CP048241.1,355279,1
CP048241.1,355316,2
CP048241.1,355391,1
CP048241.1,367660,2
CP048241.1,370436,1
CP048241.1,374389,1
CP048241.1,381058,1
CP048241.1,381066,1
CP048241.1,381103,1
CP048241.1,386778,1
CP048241.1,389386,1
CP048241.1,391585,1
CP048241.1,397841,1
CP048241.1,409206,1
CP048241.1,416865,1
CP048241.1,422344,3
CP048241.1,422859,1
CP048241.1,430005,1
CP048241.1,432178,1
CP048241.1,446156,2
CP048241.1,446680,2
CP048241.1,456442,2
CP048241.1,457355,11
CP048241.1,460885,1
CP048241.1,461177,1
CP048241.1,467363,4
CP048241.1,467500,3
CP048241.1,467507,1
CP048241.1,469597,1
CP048241.1,477356,2
CP048241.1,477889,3
CP048241.1,478097,1
CP048241.1,478703,1
CP048241.1,483878,1
CP048241.1,490412,1
CP048241.1,490419,1
CP048241.1,490685,1
CP048241.1,492350,1
CP048241.1,495566,2
CP048241.1,499174,1
CP048241.1,500193,1
CP048241.1,501038,1
CP048241.1,509992,1
CP048241.1,510978,2
CP048241.1,518832,1
CP048241.1,542252,1
CP048241.1,542616,1
CP048241.1,544141,2
CP048241.1,544148,1
CP048241.1,549385,1
CP048241.1,555193,2
CP048241.1,555367,1
CP048241.1,557248,1
CP048241.1,559529,1
CP048241.1,559933,2
CP048241.1,560529,1
CP048241.1,561255,1
CP048241.1,561257,1
CP048241.1,570971,2
CP048241.1,574984,1
CP048241.1,576535,2
CP048241.1,579308,4
CP048241.1,589800,1
CP048241.1,598297,2
CP048241.1,600793,1
CP048241.1,600831,1
CP048241.1,601283,2
CP048241.1,608806,2
CP048241.1,610962,1
CP048241.1,612966,1
CP048241.1,613888,1
CP048241.1,624956,1
CP048241.1,624993,1
CP048241.1,625036,1
CP048241.1,634043,1
CP048241.1,636421,2
CP048241.1,640339,1
CP048241.1,641317,2
CP048241.1,648272,1
CP048241.1,648443,1
CP048241.1,661783,1
CP048241.1,664179,1
CP048241.1,664337,1
CP048241.1,664866,2
CP048241.1,665182,1
CP048241.1,672253,1
CP048241.1,683754,1
CP048241.1,683835,1
CP048241.1,683896,1
CP048241.1,683898,2
CP048241.1,689935,1
CP048241.1,690821,1
CP048241.1,691003,1
CP048241.1,704715,1
CP048241.1,705071,1
CP048241.1,727231,1
CP048241.1,732162,2
CP048241.1,733760,1
CP048241.1,739509,1
CP048241.1,745508,1
CP048241.1,746196,1
CP048241.1,749278,1
CP048241.1,749720,1
CP048241.1,749845,1
CP048241.1,754523,1
CP048241.1,758509,1
CP048241.1,764847,2
CP048241.1,768537,1
CP048241.1,768544,1
CP048241.1,776090,1
CP048241.1,783360,1
CP048241.1,784083,3
CP048241.1,792064,3
CP048241.1,792647,2
CP048241.1,794417,1
CP048241.1,798897,1
CP048241.1,802654,1
CP048241.1,815579,1
CP048241.1,824665,1
CP048241.1,826586,1
CP048241.1,827366,1
CP048241.1,834719,1
CP048241.1,835020,1
CP048241.1,838399,1
CP048241.1,838853,1
CP048241.1,838922,2
CP048241.1,841291,2
CP048241.1,841298,1
CP048241.1,841304,1
CP048241.1,849053,2
CP048241.1,852538,1
CP048241.1,854031,3
CP048241.1,857223,1
CP048241.1,860480,1
CP048241.1,865033,2
CP048241.1,865373,1
CP048241.1,885298,1
CP048241.1,894081,1
CP048241.1,894252,1
CP048241.1,900138,2
CP048241.1,905258,1
CP048241.1,908703,1
CP048241.1,910397,1
CP048241.1,910420,2
CP048241.1,910720,2
CP048241.1,910749,2
CP048241.1,911547,1
CP048241.1,911614,2
CP048241.1,911753,2
CP048241.1,912176,1
CP048241.1,919326,1
CP048241.1,919401,1
CP048241.1,919798,1
CP048241.1,919986,1
CP048241.1,919993,1
CP048241.1,923128,1
CP048241.1,923181,1
CP048241.1,923236,2
CP048241.1,923411,1
CP048241.1,927292,2
CP048241.1,927408,1
CP048241.1,927417,1
CP048241.1,927572,1
CP048241.1,927579,2
CP048241.1,927645,3
CP048241.1,927727,1
CP048241.1,928371,1
CP048241.1,928457,1
CP048241.1,934792,1
CP048241.1,935692,1
CP048241.1,936367,1
CP048241.1,936494,1
CP048241.1,940221,1
CP048241.1,940432,1
CP048241.1,942922,1
CP048241.1,949559,1
CP048241.1,950001,2
CP048241.1,957714,2
CP048241.1,975240,1
CP048241.1,978234,1
CP048241.1,981582,1
CP048241.1,984103,1
CP048241.1,985019,1
CP048241.1,985262,1
CP048241.1,985542,2
CP048241.1,991922,1
CP048241.1,991975,1
CP048241.1,1000309,1
CP048241.1,1005145,2
CP048241.1,1005147,1
CP048241.1,1005336,1
CP048241.1,1008379,1
CP048241.1,1021030,4
CP048241.1,1021116,1
CP048241.1,1021886,1
CP048241.1,1027888,4
CP048241.1,1031556,1
CP048241.1,1032928,2
CP048241.1,1037359,1
CP048241.1,1038758,1
CP048241.1,1040908,3
CP048241.1,1049931,1
CP048241.1,1063525,1
CP048241.1,1063603,1
CP048241.1,1066322,1
CP048241.1,1083038,1
CP048241.1,1083051,1
CP048241.1,1083119,2
CP048241.1,1083683,3
CP048241.1,1087514,3
CP048241.1,1087711,1
CP048241.1,1103403,1
CP048241.1,1106655,1
CP048241.1,1107037,1
CP048241.1,1114368,1
CP048241.1,1120526,1
CP048241.1,1127385,1
CP048241.1,1154924,1
CP048241.1,1158860,1
CP048241.1,1160170,1
CP048241.1,1161788,2
CP048241.1,1162209,1
CP048241.1,1162982,1
CP048241.1,1163566,1
CP048241.1,1171782,1
CP048241.1,1173374,2
CP048241.1,1177865,1
CP048241.1,1177959,1
CP048241.1,1178337,1
CP048241.1,1180104,1
CP048241.1,1183992,1
CP048241.1,1184489,1
CP048241.1,1193888,1
CP048241.1,1194385,1
CP048241.1,1194432,2
CP048241.1,1194720,1
CP048241.1,1194784,2
CP048241.1,1196986,1
CP048241.1,1197644,1
CP048241.1,1202617,1
CP048241.1,1202728,1
CP048241.1,1217033,1
CP048241.1,1222295,1
CP048241.1,1223048,1
CP048241.1,1226430,2
CP048241.1,1230740,1
CP048241.1,1230989,4
CP048241.1,1230991,1
CP048241.1,1235500,1
CP048241.1,1237691,1
CP048241.1,1242850,1
CP048241.1,1243586,1
CP048241.1,1243593,2
CP048241.1,1244175,1
CP048241.1,1244408,1
CP048241.1,1244415,1
CP048241.1,1245260,1
CP048241.1,1245828,2
CP048241.1,1246297,1
CP048241.1,1246470,1
CP048241.1,1253086,1
CP048241.1,1253358,1
CP048241.1,1253508,3
CP048241.1,1253523,2
CP048241.1,1253544,1
CP048241.1,1253551,2
CP048241.1,1253633,4
CP048241.1,1253638,1
CP048241.1,1253747,1
CP048241.1,1253804,1
CP048241.1,1254030,2
CP048241.1,1254143,1
CP048241.1,1254772,1
CP048241.1,1260634,1
CP048241.1,1260725,2
CP048241.1,1260764,1
CP048241.1,1260907,1
CP048241.1,1260923,1
CP048241.1,1260925,2
CP048241.1,1261066,2
CP048241.1,1261183,3
CP048241.1,1273726,6
CP048241.1,1273951,1
CP048241.1,1274092,1
CP048241.1,1274379,1
CP048241.1,1275096,1
CP048241.1,1282567,1
CP048241.1,1286269,2
CP048241.1,1286372,2
CP048241.1,1286712,1
CP048241.1,1286732,1
CP048241.1,1287043,1
CP048241.1,1291479,1
CP048241.1,1300776,1
CP048241.1,1312022,1
CP048241.1,1312913,2
CP048241.1,1315176,1
CP048241.1,1321523,1
CP048241.1,1321603,1
CP048241.1,1322502,2
CP048241.1,1322785,1
CP048241.1,1322934,2
CP048241.1,1323189,1
CP048241.1,1323465,2
CP048241.1,1325384,1
CP048241.1,1331222,1
CP048241.1,1331798,1
CP048241.1,1332130,2
CP048241.1,1336116,2
CP048241.1,1336520,1
CP048241.1,1344211,1
CP048241.1,1344668,1
CP048241.1,1345189,1
CP048241.1,1349039,3
CP048241.1,1349226,1
CP048241.1,1349362,1
CP048241.1,1349719,1
CP048241.1,1349792,2
CP048241.1,1349799,1
CP048241.1,1349844,2
CP048241.1,1349863,2
CP048241.1,1349872,1
CP048241.1,1349969,1
CP048241.1,1350068,1
CP048241.1,1350090,3
CP048241.1,1350177,1
CP048241.1,1350227,2
CP048241.1,1350436,1
CP048241.1,1350743,1
CP048241.1,1351073,2
CP048241.1,1351255,2
CP048241.1,1354764,1
CP048241.1,1357407,1
CP048241.1,1358052,1
CP048241.1,1358202,1
CP048241.1,1358221,4
CP048241.1,1358319,1
CP048241.1,1358323,1
CP048241.1,1358708,1
CP048241.1,1358998,1
CP048241.1,1359029,1
CP048241.1,1359367,2
CP048241.1,1359374,1
CP048241.1,1359640,1
CP048241.1,1360448,1
CP048241.1,1360691,1
CP048241.1,1361168,1
CP048241.1,1361290,2
CP048241.1,1361344,2
CP048241.1,1361535,1
CP048241.1,1361552,1
CP048241.1,1361567,3
CP048241.1,1361683,1
CP048241.1,1361692,1
CP048241.1,1361715,1
CP048241.1,1362649,1
CP048241.1,1363358,2
CP048241.1,1366752,2
CP048241.1,1369501,3
CP048241.1,1371347,1
CP048241.1,1376768,1
CP048241.1,1376833,2
CP048241.1,1377254,1
CP048241.1,1377380,2
CP048241.1,1377430,1
CP048241.1,1378380,2
CP048241.1,1379956,1
CP048241.1,1379963,1
CP048241.1,1383384,2
CP048241.1,1383404,1
CP048241.1,1383728,2
CP048241.1,1383755,1
CP048241.1,1384395,1
CP048241.1,1384566,1
CP048241.1,1384591,2
CP048241.1,1389345,1
CP048241.1,1392396,1
CP048241.1,1399962,2
CP048241.1,1401854,2
CP048241.1,1416604,3
CP048241.1,1419028,1
CP048241.1,1432152,2
CP048241.1,1432159,1
CP048241.1,1437226,1
CP048241.1,1454124,2
CP048241.1,1456806,1
CP048241.1,1458842,1
CP048241.1,1458923,1
CP048241.1,1460332,3
CP048241.1,1465149,1
CP048241.1,1465926,2
CP048241.1,1466029,4
CP048241.1,1466063,1
CP048241.1,1466336,1
CP048241.1,1467992,2
CP048241.1,1469411,1
CP048241.1,1470447,1
CP048241.1,1470733,1
CP048241.1,1471653,2
CP048241.1,1472161,1
CP048241.1,1472287,2
CP048241.1,1472991,1
CP048241.1,1473123,2
CP048241.1,1474085,1
CP048241.1,1474091,2
CP048241.1,1479186,1
CP048241.1,1481456,1
CP048241.1,1482808,2
CP048241.1,1482914,1
CP048241.1,1482958,2
CP048241.1,1482966,1
CP048241.1,1482973,2
CP048241.1,1483048,1
CP048241.1,1483129,1
CP048241.1,1483942,1
CP048241.1,1485266,1
CP048241.1,1492408,2
CP048241.1,1494943,4
CP048241.1,1496037,2
CP048241.1,1500138,2
CP048241.1,1500506,1
CP048241.1,1504717,1
CP048241.1,1509586,1
CP048241.1,1512438,1
CP048241.1,1515665,1
CP048241.1,1515672,5
CP048241.1,1515785,1
CP048241.1,1516215,2
CP048241.1,1516485,1
CP048241.1,1517038,1
CP048241.1,1518163,1
CP048241.1,1520794,1
CP048241.1,1522709,2
CP048241.1,1528006,2
CP048241.1,1529244,3
CP048241.1,1535735,1
CP048241.1,1544039,2
CP048241.1,1544043,2
CP048241.1,1544357,4
CP048241.1,1544424,2
CP048241.1,1544732,1
CP048241.1,1549453,2
CP048241.1,1554499,1
CP048241.1,1560133,1
CP048241.1,1560889,1
CP048241.1,1560894,1
CP048241.1,1564725,1
CP048241.1,1566379,1
CP048241.1,1571121,1
CP048241.1,1590197,2
CP048241.1,1593242,1
CP048241.1,1597697,1
CP048241.1,1598161,1
CP048241.1,1601198,1
CP048241.1,1610366,1
CP048241.1,1620376,1
CP048241.1,1623536,1
CP048241.1,1639827,1
CP048241.1,1653617,1
CP048241.1,1659603,3
CP048241.1,1662901,1
CP048241.1,1677694,1
CP048241.1,1678484,1
CP048241.1,1681329,1
CP048241.1,1713821,3
CP048241.1,1714256,2
CP048241.1,1716923,1
CP048241.1,1717573,2
CP048241.1,1717879,5
CP048241.1,1718528,1
CP048241.1,1718682,1
CP048241.1,1718710,1
CP048241.1,1720888,1
CP048241.1,1721096,1
CP048241.1,1721315,3
CP048241.1,1723322,1
CP048241.1,1726405,1
CP048241.1,1727765,1
CP048241.1,1729449,1
CP048241.1,1743725,1
CP048241.1,1749836,1
CP048241.1,1756385,2
CP048241.1,1761190,1
CP048241.1,1761268,1
CP048241.1,1762751,1
CP048241.1,1766507,2
CP048241.1,1775741,3
CP048241.1,1794808,2
CP048241.1,1794939,1
CP048241.1,1795024,1
CP048241.1,1798915,1
CP048241.1,1800142,2
CP048241.1,1812818,1
CP048241.1,1831072,1
CP048241.1,1839865,1
CP048242.1,34877,1
CP048242.1,35237,1
CP048242.1,47522,1
CP048242.1,47564,1
CP048242.1,57181,1
CP048242.1,57195,2
CP048242.1,57375,1
CP048242.1,57399,1
CP048242.1,57428,1
CP048242.1,62445,1
CP048242.1,68601,2
CP048242.1,78422,1
CP048242.1,90696,1
CP048242.1,98642,1
CP048242.1,101594,1
CP048242.1,108395,1
CP048242.1,108555,1
CP048242.1,108734,1
CP048242.1,117465,1
CP048242.1,124882,1
CP048242.1,136709,1
CP048242.1,136995,1
CP048242.1,137007,1
CP048242.1,137018,1
CP048242.1,148180,1
CP048242.1,149531,1
CP048242.1,160725,1
CP048242.1,161025,3
CP048242.1,161742,1
CP048242.1,171740,1
CP048242.1,177342,1
CP048242.1,177753,1
CP048242.1,177893,1
CP048242.1,185762,2
CP048242.1,200096,1
CP048242.1,202074,1
CP048242.1,202799,1
CP048242.1,203180,3
CP048242.1,211009,3
CP048242.1,225642,2
CP048242.1,231722,1
CP048242.1,232106,1
CP048242.1,235901,3
CP048242.1,238206,1
CP048242.1,238552,2
CP048242.1,249561,2
CP048242.1,252412,1
CP048242.1,266370,1
CP048242.1,269253,2
CP048242.1,274512,1
CP048242.1,288536,1
CP048242.1,288707,1
CP048242.1,295842,1
CP048242.1,303427,1
CP048242.1,311189,3
CP048242.1,311196,4
CP048242.1,313756,1
CP048242.1,325019,2
CP048242.1,331595,1
CP048242.1,332161,1
CP048242.1,332250,2
CP048242.1,332294,2
CP048242.1,339357,1
CP048242.1,354476,1
CP048242.1,358141,1
CP048242.1,368382,2
CP048242.1,379749,2
CP048242.1,380158,1
CP048242.1,385316,1
CP048242.1,385484,1
CP048242.1,385989,1
CP048242.1,386210,2
CP048242.1,396906,1
CP048242.1,411831,1
CP048242.1,412342,2
CP048242.1,419987,1
CP048242.1,473486,7
CP048242.1,473531,1
CP048242.1,485687,1
CP048242.1,485736,1
CP048242.1,531992,1
CP048242.1,533104,2
CP048242.1,540085,1
CP048242.1,540261,1
CP048242.1,540311,1
CP048242.1,540595,2
CP048242.1,541189,2
CP048242.1,568490,2
CP048242.1,568687,1
CP048242.1,574318,1
CP048242.1,576737,1
CP048242.1,585513,1
CP048242.1,588913,2
CP048242.1,589105,1
CP048242.1,596636,1
CP048242.1,603189,1
CP048242.1,603568,2
CP048242.1,607340,1
CP048242.1,607548,1
CP048242.1,607963,1
CP048242.1,612498,1
CP048242.1,613449,1
CP048242.1,613452,2
CP048242.1,628818,3
CP048242.1,634530,1
CP048242.1,634988,1
CP048242.1,643957,1
CP048242.1,652585,1
CP048242.1,656474,1
CP048242.1,657361,1
CP048242.1,664803,1
CP048242.1,665149,4
CP048242.1,668398,1
CP048242.1,668405,1
CP048242.1,668422,1
CP048242.1,668555,1
CP048242.1,668675,1
CP048242.1,668781,1
CP048242.1,668789,1
CP048242.1,678951,1
CP048242.1,680935,1
CP048242.1,680991,1
CP048242.1,702344,1
CP048242.1,703431,2
CP048242.1,725758,1
CP048242.1,727917,1
CP048242.1,746048,2
CP048242.1,747473,1
CP048242.1,748406,1
CP048242.1,755529,1
CP048242.1,755536,2
CP048242.1,755690,1
CP048242.1,755736,1
CP048242.1,756100,1
CP048242.1,756105,2
CP048242.1,756117,1
CP048242.1,762718,1
CP048242.1,766459,1
CP048242.1,767581,1
CP048242.1,770619,2
CP048242.1,771363,1
CP048242.1,778062,1
CP048242.1,778230,1
CP048242.1,786366,1
CP048242.1,786521,1
CP048242.1,789764,1
CP048242.1,800858,2
CP048242.1,800865,1
CP048242.1,801035,1
CP048242.1,801195,1
CP048242.1,801992,1
CP048242.1,802182,2
CP048242.1,803288,2
CP048242.1,803290,1
CP048242.1,803297,1
CP048242.1,833745,1
CP048242.1,854909,1
CP048242.1,856450,1
CP048242.1,860762,1
CP048242.1,860922,1
CP048242.1,860925,1
CP048242.1,861169,1
CP048242.1,862276,1
CP048242.1,862297,1
CP048242.1,862534,3
CP048242.1,862582,1
CP048242.1,862679,1
CP048242.1,862984,1
CP048242.1,864467,3
CP048242.1,864728,2
CP048242.1,874905,1
CP048242.1,878251,1
CP048242.1,881640,1
CP048242.1,881975,1
CP048242.1,882374,1
CP048242.1,888536,1
CP048242.1,889093,3
CP048242.1,891578,1
CP048242.1,893418,1
CP048242.1,896263,2
CP048242.1,898554,1
CP048242.1,899477,3
CP048242.1,905291,1
CP048242.1,907052,1
CP048242.1,907076,1
CP048242.1,907257,2
CP048242.1,910886,1
CP048242.1,918483,1
CP048242.1,918490,1
CP048242.1,931705,1
CP048242.1,934254,1
CP048242.1,937035,2
CP048242.1,945033,1
CP048242.1,945205,1
CP048242.1,945916,1
CP048242.1,950299,1
CP048242.1,950322,1
CP048242.1,950633,1
CP048242.1,950734,1
CP048242.1,950777,2
CP048242.1,950784,5
CP048242.1,953931,2
CP048242.1,967618,1
CP048242.1,967989,1
CP048242.1,968015,1
CP048242.1,973299,1
CP048242.1,973675,1
CP048242.1,988480,3
CP048242.1,988559,1
CP048242.1,989880,1
CP048242.1,993057,2
CP048242.1,993064,1
CP048242.1,995586,2
CP048242.1,995590,2
CP048242.1,998840,1
CP048242.1,1002092,1
CP048242.1,1005080,1
CP048242.1,1006178,1
CP048242.1,1010211,1
CP048242.1,1010519,1
CP048242.1,1010550,1
CP048242.1,1012383,3
CP048242.1,1012513,1
CP048242.1,1012605,1
CP048242.1,1012679,1
CP048242.1,1012926,2
CP048242.1,1017099,1
CP048242.1,1020066,1
CP048242.1,1022685,1
CP048242.1,1028093,1
CP048242.1,1028748,1
CP048242.1,1029454,2
CP048242.1,1030873,2
CP048242.1,1031366,1
CP048242.1,1031832,1
CP048242.1,1032393,2
CP048242.1,1032512,1
CP048242.1,1032744,1
CP048242.1,1032749,1
CP048242.1,1039889,5
CP048242.1,1039896,2
CP048242.1,1040071,2
CP048242.1,1040150,1
CP048242.1,1040175,1
CP048242.1,1040189,3
CP048242.1,1043404,1
CP048242.1,1048431,3
CP048242.1,1050474,1
CP048242.1,1051449,1
CP048242.1,1052292,2
CP048242.1,1052377,1
CP048242.1,1054010,1
CP048242.1,1054016,4
CP048242.1,1054023,2
CP048242.1,1054036,1
CP048242.1,1054042,1
CP048242.1,1054073,1
CP048242.1,1054172,1
CP048242.1,1054313,2
CP048242.1,1054320,1
CP048242.1,1054392,1
CP048242.1,1054410,2
CP048242.1,1054426,1
CP048242.1,1054583,1
CP048242.1,1054590,2
CP048242.1,1054625,1
CP048242.1,1054652,2
CP048242.1,1054654,1
CP048242.1,1054672,1
CP048242.1,1054675,1
CP048242.1,1054681,1
CP048242.1,1054706,1
CP048242.1,1054713,1
CP048242.1,1054720,2
CP048242.1,1054727,2
CP048242.1,1054764,2
CP048242.1,1055056,1
CP048242.1,1055380,1
CP048242.1,1055439,2
CP048242.1,1055502,6
CP048242.1,1056404,1
CP048242.1,1057620,2
CP048242.1,1058324,1
CP048242.1,1060927,1
CP048242.1,1068935,1
CP048242.1,1068941,1
CP048242.1,1070175,2
CP048242.1,1070201,1
CP048242.1,1070214,2
CP048242.1,1071927,2
CP048242.1,1072617,1
CP048242.1,1073304,1
CP048242.1,1077395,3
CP048242.1,1081998,1
CP048242.1,1083331,1
CP048242.1,1083522,1
CP048242.1,1085612,1
CP048242.1,1089399,2
CP048242.1,1090151,3
CP048242.1,1090227,1
CP048242.1,1090248,3
CP048242.1,1090255,4
CP048242.1,1090284,2
CP048242.1,1090579,1
CP048242.1,1091437,1
CP048242.1,1094971,2
CP048242.1,1099187,1
CP048242.1,1099314,3
CP048242.1,1100031,1
CP048242.1,1103244,1
CP048242.1,1103257,1
CP048242.1,1103649,1
CP048242.1,1103699,2
CP048242.1,1104440,1
CP048242.1,1104564,1
CP048242.1,1110491,1
CP048242.1,1115684,1
CP048242.1,1116001,1
CP048242.1,1116163,2
CP048242.1,1116556,2
CP048242.1,1116795,1
CP048242.1,1125087,2
CP048242.1,1135815,1
CP048242.1,1136002,1
CP048242.1,1137658,1
CP048242.1,1138088,2
CP048242.1,1149294,1
CP048242.1,1166664,1
CP048242.1,1168610,1
CP048242.1,1170234,1
CP048242.1,1171924,1
CP048242.1,1172581,2
CP048242.1,1172661,1
CP048242.1,1172701,1
CP048242.1,1172938,2
CP048242.1,1173327,2
CP048242.1,1173483,1
CP048242.1,1173573,2
CP048242.1,1173656,1
CP048242.1,1175083,1
CP048242.1,1175866,1
CP048242.1,1176472,1
CP048242.1,1176818,1
CP048242.1,1176849,2
CP048242.1,1181623,2
CP048242.1,1181996,1
CP048242.1,1182227,1
CP048242.1,1184440,1
CP048242.1,1201968,2
CP048242.1,1206099,1
CP048242.1,1208069,1
CP048242.1,1208984,1
CP048242.1,1215828,2
CP048242.1,1220096,1
CP048242.1,1228017,1
CP048242.1,1228158,1
CP048242.1,1228235,1
CP048242.1,1241852,1
CP048242.1,1244597,1
CP048242.1,1244604,1
CP048242.1,1247897,1
CP048242.1,1249472,1
CP048242.1,1249723,2
CP048242.1,1249753,1
CP048242.1,1250036,3
CP048242.1,1250305,2
CP048242.1,1250472,1
CP048242.1,1252278,2
CP048242.1,1254901,1
CP048242.1,1255370,1
CP048242.1,1255378,1
CP048242.1,1262972,1
CP048242.1,1263607,1
CP048242.1,1275280,1
CP048242.1,1275509,1
CP048242.1,1275729,1
CP048242.1,1284584,2
CP048242.1,1285366,1
CP048242.1,1285751,1
CP048242.1,1294819,1
CP048242.1,1296078,1
CP048242.1,1300378,1
CP048242.1,1306072,1
CP048242.1,1307402,4
CP048242.1,1307883,1
CP048242.1,1313199,1
CP048242.1,1313263,2
CP048242.1,1313270,1
CP048242.1,1313652,3
CP048242.1,1317740,1
CP048242.1,1318138,1
CP048242.1,1318563,1
CP048242.1,1319457,1
CP048242.1,1320518,2
CP048242.1,1320820,1
CP048242.1,1362210,1
CP048242.1,1378513,2
CP048242.1,1386579,1
CP048242.1,1395032,1
CP048242.1,1399215,1
CP048242.1,1408500,1
CP048242.1,1408724,2
CP048242.1,1408732,1
